-- phpMyAdmin SQL Dump
-- version 4.9.7
-- https://www.phpmyadmin.net/
--
-- Host: localhost:3306
-- Generation Time: Apr 25, 2023 at 10:57 AM
-- Server version: 5.7.37
-- PHP Version: 7.4.29

SET SQL_MODE = "NO_AUTO_VALUE_ON_ZERO";
SET AUTOCOMMIT = 0;
START TRANSACTION;
SET time_zone = "+00:00";


/*!40101 SET @OLD_CHARACTER_SET_CLIENT=@@CHARACTER_SET_CLIENT */;
/*!40101 SET @OLD_CHARACTER_SET_RESULTS=@@CHARACTER_SET_RESULTS */;
/*!40101 SET @OLD_COLLATION_CONNECTION=@@COLLATION_CONNECTION */;
/*!40101 SET NAMES utf8mb4 */;

--
-- Database: `codesvir_phpwallet`
--

-- --------------------------------------------------------

--
-- Table structure for table `admins`
--

CREATE TABLE `admins` (
  `id` bigint(20) UNSIGNED NOT NULL,
  `user_id` bigint(20) UNSIGNED NOT NULL,
  `created_at` timestamp NULL DEFAULT NULL,
  `updated_at` timestamp NULL DEFAULT NULL
) ENGINE=MyISAM DEFAULT CHARSET=utf8mb4 COLLATE=utf8mb4_unicode_ci;

-- --------------------------------------------------------

--
-- Table structure for table `admin_stats`
--

CREATE TABLE `admin_stats` (
  `id` bigint(20) UNSIGNED NOT NULL,
  `stat_name` varchar(191) COLLATE utf8mb4_unicode_ci NOT NULL,
  `stat_value` varchar(191) COLLATE utf8mb4_unicode_ci NOT NULL,
  `currency_id` bigint(20) UNSIGNED NOT NULL,
  `created_at` timestamp NULL DEFAULT NULL,
  `updated_at` timestamp NULL DEFAULT NULL
) ENGINE=MyISAM DEFAULT CHARSET=utf8mb4 COLLATE=utf8mb4_unicode_ci;

-- --------------------------------------------------------

--
-- Table structure for table `airtime_transactions`
--

CREATE TABLE `airtime_transactions` (
  `id` int(11) NOT NULL,
  `user_id` int(11) DEFAULT NULL,
  `trx_id` bigint(20) DEFAULT NULL,
  `trx` text NOT NULL,
  `service_name` varchar(255) DEFAULT NULL,
  `phone_number` text,
  `transaction_id` text NOT NULL,
  `unit_element` text NOT NULL,
  `type` varchar(255) DEFAULT NULL,
  `amount` decimal(18,2) DEFAULT NULL,
  `commission` decimal(18,2) DEFAULT NULL,
  `email` text NOT NULL,
  `created_at` timestamp NOT NULL DEFAULT CURRENT_TIMESTAMP,
  `updated_at` timestamp NOT NULL DEFAULT CURRENT_TIMESTAMP
) ENGINE=InnoDB DEFAULT CHARSET=latin1;

--
-- Dumping data for table `airtime_transactions`
--

INSERT INTO `airtime_transactions` (`id`, `user_id`, `trx_id`, `trx`, `service_name`, `phone_number`, `transaction_id`, `unit_element`, `type`, `amount`, `commission`, `email`, `created_at`, `updated_at`) VALUES
(1, 352, 801, 'PQSPBO33FZPM', 'MTN Airtime VTU', '08166568886', '16699618780806262214385368', '08166568886', 'Airtime Recharge', '50.00', '1.50', 'osenijamiu9@gmail.com', '2022-12-02 06:17:59', '2022-12-02 06:17:59'),
(2, 352, 803, 'WBSF352PUWFM', 'Airtel Airtime VTU', '09047149969', '16700071544070257284208539', '09047149969', 'Airtime Recharge', '50.00', '2.00', 'osenijamiu9@gmail.com', '2022-12-02 18:52:36', '2022-12-02 18:52:36');

-- --------------------------------------------------------

--
-- Table structure for table `cable_transactions`
--

CREATE TABLE `cable_transactions` (
  `id` int(11) NOT NULL,
  `user_id` int(11) DEFAULT NULL,
  `trx_id` bigint(20) DEFAULT NULL,
  `trx` text NOT NULL,
  `service_name` varchar(255) DEFAULT NULL,
  `transaction_id` text NOT NULL,
  `unit_element` text NOT NULL,
  `type` varchar(255) DEFAULT NULL,
  `amount` decimal(18,2) DEFAULT NULL,
  `commission` decimal(18,2) DEFAULT NULL,
  `email` text NOT NULL,
  `unit_price` decimal(18,2) DEFAULT NULL,
  `phone` text NOT NULL,
  `created_at` timestamp NOT NULL DEFAULT CURRENT_TIMESTAMP,
  `updated_at` timestamp NOT NULL DEFAULT CURRENT_TIMESTAMP
) ENGINE=InnoDB DEFAULT CHARSET=latin1;

-- --------------------------------------------------------

--
-- Table structure for table `closed_trades`
--

CREATE TABLE `closed_trades` (
  `id` int(10) UNSIGNED NOT NULL,
  `user_id` bigint(20) UNSIGNED NOT NULL,
  `trade_id` bigint(20) UNSIGNED NOT NULL,
  `trader_id` bigint(20) UNSIGNED NOT NULL,
  `quantity` decimal(16,8) NOT NULL DEFAULT '0.00000000',
  `is_crypto` tinyint(1) NOT NULL DEFAULT '0',
  `status_name` varchar(191) COLLATE utf8mb4_unicode_ci NOT NULL DEFAULT 'bought',
  `created_at` timestamp NULL DEFAULT NULL,
  `updated_at` timestamp NULL DEFAULT NULL
) ENGINE=MyISAM DEFAULT CHARSET=utf8mb4 COLLATE=utf8mb4_unicode_ci;

--
-- Dumping data for table `closed_trades`
--

INSERT INTO `closed_trades` (`id`, `user_id`, `trade_id`, `trader_id`, `quantity`, `is_crypto`, `status_name`, `created_at`, `updated_at`) VALUES
(1, 1, 5, 2, '100.00000000', 0, 'Bought', '2021-10-27 12:57:09', '2021-10-27 12:57:09'),
(2, 1, 5, 2, '100.00000000', 0, 'Bought', '2021-10-27 12:57:37', '2021-10-27 12:57:37'),
(3, 2, 5, 1, '100.00000000', 0, 'Sold', '2021-10-27 12:57:37', '2021-10-27 12:57:37'),
(4, 1, 1, 2, '1.00000000', 0, 'Bought', '2022-10-23 12:23:05', '2022-10-23 12:23:05'),
(5, 2, 1, 1, '1.00000000', 0, 'Sold', '2022-10-23 12:23:05', '2022-10-23 12:23:05'),
(6, 352, 1, 2, '5.00000000', 0, 'Bought', '2022-12-04 19:48:03', '2022-12-04 19:48:03'),
(7, 2, 1, 352, '5.00000000', 0, 'Sold', '2022-12-04 19:48:03', '2022-12-04 19:48:03'),
(8, 1, 5, 2, '6.00000000', 0, 'Bought', '2022-12-05 21:38:13', '2022-12-05 21:38:13'),
(9, 2, 5, 1, '6.00000000', 0, 'Sold', '2022-12-05 21:38:13', '2022-12-05 21:38:13'),
(10, 1, 5, 2, '99.00000000', 0, 'Bought', '2022-12-06 20:17:16', '2022-12-06 20:17:16'),
(11, 2, 5, 1, '99.00000000', 0, 'Sold', '2022-12-06 20:17:16', '2022-12-06 20:17:16'),
(12, 1, 5, 2, '20.00000000', 0, 'Bought', '2022-12-08 23:59:30', '2022-12-08 23:59:30'),
(13, 2, 5, 1, '20.00000000', 0, 'Sold', '2022-12-08 23:59:30', '2022-12-08 23:59:30'),
(14, 1, 5, 2, '20.00000000', 0, 'Bought', '2022-12-08 23:59:32', '2022-12-08 23:59:32'),
(15, 2, 5, 1, '20.00000000', 0, 'Sold', '2022-12-08 23:59:32', '2022-12-08 23:59:32'),
(16, 1, 1, 2, '2.06000000', 0, 'Bought', '2022-12-10 01:24:32', '2022-12-10 01:24:32'),
(17, 2, 1, 1, '2.06000000', 0, 'Sold', '2022-12-10 01:24:32', '2022-12-10 01:24:32'),
(18, 1, 1, 2, '41.94000000', 0, 'Bought', '2022-12-11 06:04:00', '2022-12-11 06:04:00'),
(19, 2, 1, 1, '41.94000000', 0, 'Sold', '2022-12-11 06:04:00', '2022-12-11 06:04:00'),
(20, 360, 8, 1, '10.00000000', 0, 'Sold', '2022-12-11 17:59:18', '2022-12-11 17:59:18'),
(21, 1, 8, 360, '10.00000000', 0, 'Bought', '2022-12-11 17:59:18', '2022-12-11 17:59:18'),
(22, 360, 9, 1, '100.00000000', 0, 'Sold', '2022-12-11 18:00:50', '2022-12-11 18:00:50'),
(23, 1, 9, 360, '100.00000000', 0, 'Bought', '2022-12-11 18:00:50', '2022-12-11 18:00:50'),
(24, 360, 12, 2, '0.01000000', 0, 'Sold', '2022-12-12 16:56:05', '2022-12-12 16:56:05'),
(25, 2, 12, 360, '0.01000000', 0, 'Bought', '2022-12-12 16:56:05', '2022-12-12 16:56:05'),
(26, 360, 11, 2, '5.00000000', 0, 'Bought', '2022-12-12 16:57:55', '2022-12-12 16:57:55'),
(27, 2, 11, 360, '5.00000000', 0, 'Sold', '2022-12-12 16:57:55', '2022-12-12 16:57:55'),
(28, 1, 5, 2, '10.00000000', 0, 'Bought', '2022-12-14 06:44:36', '2022-12-14 06:44:36'),
(29, 2, 5, 1, '10.00000000', 0, 'Sold', '2022-12-14 06:44:36', '2022-12-14 06:44:36'),
(30, 1, 5, 2, '10.00000000', 0, 'Bought', '2022-12-14 09:30:09', '2022-12-14 09:30:09'),
(31, 2, 5, 1, '10.00000000', 0, 'Sold', '2022-12-14 09:30:09', '2022-12-14 09:30:09'),
(32, 1, 5, 2, '100.00000000', 0, 'Bought', '2022-12-23 06:23:07', '2022-12-23 06:23:07'),
(33, 2, 5, 1, '100.00000000', 0, 'Sold', '2022-12-23 06:23:07', '2022-12-23 06:23:07'),
(34, 1, 5, 2, '5.00000000', 0, 'Bought', '2022-12-23 14:55:11', '2022-12-23 14:55:11'),
(35, 2, 5, 1, '5.00000000', 0, 'Sold', '2022-12-23 14:55:11', '2022-12-23 14:55:11'),
(36, 1, 5, 2, '22.00000000', 0, 'Bought', '2022-12-23 17:25:13', '2022-12-23 17:25:13'),
(37, 2, 5, 1, '22.00000000', 0, 'Sold', '2022-12-23 17:25:13', '2022-12-23 17:25:13'),
(38, 1, 5, 2, '5.00000000', 0, 'Bought', '2022-12-23 18:58:53', '2022-12-23 18:58:53'),
(39, 2, 5, 1, '5.00000000', 0, 'Sold', '2022-12-23 18:58:53', '2022-12-23 18:58:53'),
(40, 2, 16, 1, '1.00000000', 0, 'Bought', '2022-12-23 21:11:00', '2022-12-23 21:11:00'),
(41, 1, 16, 2, '1.00000000', 0, 'Sold', '2022-12-23 21:11:00', '2022-12-23 21:11:00'),
(42, 1, 5, 2, '20.00000000', 0, 'Bought', '2022-12-24 19:44:08', '2022-12-24 19:44:08'),
(43, 2, 5, 1, '20.00000000', 0, 'Sold', '2022-12-24 19:44:08', '2022-12-24 19:44:08'),
(44, 1, 5, 2, '100.00000000', 0, 'Bought', '2022-12-25 09:00:30', '2022-12-25 09:00:30'),
(45, 2, 5, 1, '100.00000000', 0, 'Sold', '2022-12-25 09:00:30', '2022-12-25 09:00:30'),
(46, 1, 5, 2, '10.00000000', 0, 'Bought', '2022-12-25 21:24:05', '2022-12-25 21:24:05'),
(47, 2, 5, 1, '10.00000000', 0, 'Sold', '2022-12-25 21:24:05', '2022-12-25 21:24:05'),
(48, 1, 5, 2, '10.00000000', 0, 'Bought', '2022-12-25 21:24:05', '2022-12-25 21:24:05'),
(49, 2, 5, 1, '10.00000000', 0, 'Sold', '2022-12-25 21:24:05', '2022-12-25 21:24:05'),
(50, 1, 5, 2, '5.00000000', 0, 'Bought', '2022-12-27 15:55:34', '2022-12-27 15:55:34'),
(51, 2, 5, 1, '5.00000000', 0, 'Sold', '2022-12-27 15:55:34', '2022-12-27 15:55:34'),
(52, 360, 17, 1, '5.00000000', 0, 'Sold', '2022-12-28 10:02:09', '2022-12-28 10:02:09'),
(53, 1, 17, 360, '5.00000000', 0, 'Bought', '2022-12-28 10:02:09', '2022-12-28 10:02:09'),
(54, 360, 17, 1, '5.00000000', 0, 'Sold', '2022-12-28 10:04:06', '2022-12-28 10:04:06'),
(55, 1, 17, 360, '5.00000000', 0, 'Bought', '2022-12-28 10:04:06', '2022-12-28 10:04:06'),
(56, 360, 18, 1, '10.00000000', 0, 'Sold', '2022-12-28 10:05:27', '2022-12-28 10:05:27'),
(57, 1, 18, 360, '10.00000000', 0, 'Bought', '2022-12-28 10:05:27', '2022-12-28 10:05:27'),
(58, 1, 5, 2, '55.00000000', 0, 'Bought', '2022-12-28 12:42:32', '2022-12-28 12:42:32'),
(59, 2, 5, 1, '55.00000000', 0, 'Sold', '2022-12-28 12:42:32', '2022-12-28 12:42:32'),
(60, 1, 5, 2, '5.00000000', 0, 'Bought', '2022-12-30 15:05:12', '2022-12-30 15:05:12'),
(61, 2, 5, 1, '5.00000000', 0, 'Sold', '2022-12-30 15:05:12', '2022-12-30 15:05:12'),
(62, 1, 35, 2, '5.00000000', 0, 'Bought', '2023-01-26 19:29:24', '2023-01-26 19:29:24'),
(63, 2, 35, 1, '5.00000000', 0, 'Sold', '2023-01-26 19:29:24', '2023-01-26 19:29:24'),
(64, 1, 35, 2, '4.00000000', 0, 'Bought', '2023-01-27 09:22:43', '2023-01-27 09:22:43'),
(65, 2, 35, 1, '4.00000000', 0, 'Sold', '2023-01-27 09:22:43', '2023-01-27 09:22:43'),
(66, 2, 40, 1, '50.00000000', 0, 'Bought', '2023-02-06 22:47:02', '2023-02-06 22:47:02'),
(67, 1, 40, 2, '50.00000000', 0, 'Sold', '2023-02-06 22:47:02', '2023-02-06 22:47:02'),
(68, 1, 46, 2, '5.00000000', 0, 'Bought', '2023-02-13 12:49:46', '2023-02-13 12:49:46'),
(69, 2, 46, 1, '5.00000000', 0, 'Sold', '2023-02-13 12:49:46', '2023-02-13 12:49:46'),
(70, 1, 47, 2, '10.00000000', 0, 'Sold', '2023-02-17 12:44:12', '2023-02-17 12:44:12'),
(71, 2, 47, 1, '10.00000000', 0, 'Bought', '2023-02-17 12:44:12', '2023-02-17 12:44:12'),
(72, 1, 47, 2, '40.00000000', 0, 'Sold', '2023-02-19 11:28:39', '2023-02-19 11:28:39'),
(73, 2, 47, 1, '40.00000000', 0, 'Bought', '2023-02-19 11:28:39', '2023-02-19 11:28:39'),
(74, 614, 62, 1, '10.00000000', 0, 'Bought', '2023-03-21 20:20:54', '2023-03-21 20:20:54'),
(75, 1, 62, 614, '10.00000000', 0, 'Sold', '2023-03-21 20:20:54', '2023-03-21 20:20:54'),
(76, 524, 71, 1, '5.00000000', 0, 'Bought', '2023-04-08 19:56:32', '2023-04-08 19:56:32'),
(77, 1, 71, 524, '5.00000000', 0, 'Sold', '2023-04-08 19:56:32', '2023-04-08 19:56:32');

-- --------------------------------------------------------

--
-- Table structure for table `countries`
--

CREATE TABLE `countries` (
  `id` bigint(20) UNSIGNED NOT NULL,
  `code` char(2) COLLATE utf8mb4_unicode_ci NOT NULL,
  `name` varchar(255) COLLATE utf8mb4_unicode_ci NOT NULL,
  `nicename` varchar(255) COLLATE utf8mb4_unicode_ci NOT NULL,
  `iso3` char(3) COLLATE utf8mb4_unicode_ci DEFAULT NULL,
  `numcode` smallint(6) DEFAULT NULL,
  `prefix` varchar(7) COLLATE utf8mb4_unicode_ci NOT NULL,
  `created_at` timestamp NULL DEFAULT NULL,
  `updated_at` timestamp NULL DEFAULT NULL,
  `deleted_at` timestamp NULL DEFAULT NULL
) ENGINE=InnoDB DEFAULT CHARSET=utf8mb4 COLLATE=utf8mb4_unicode_ci;

--
-- Dumping data for table `countries`
--

INSERT INTO `countries` (`id`, `code`, `name`, `nicename`, `iso3`, `numcode`, `prefix`, `created_at`, `updated_at`, `deleted_at`) VALUES
(1, 'AF', 'AFGHANISTAN', 'Afghanistan', 'AFG', 4, '+93', '2019-11-28 13:10:39', '2019-11-28 13:10:39', '0000-00-00 00:00:00'),
(2, 'AL', 'ALBANIA', 'Albania', 'ALB', 8, '+355', '2019-11-28 13:10:39', '2019-11-28 13:10:39', '0000-00-00 00:00:00'),
(3, 'DZ', 'ALGERIA', 'Algeria', 'DZA', 12, '+213', '2019-11-28 13:10:39', '2019-11-28 13:10:39', '0000-00-00 00:00:00'),
(4, 'AS', 'AMERICAN SAMOA', 'American Samoa', 'ASM', 16, '+1684', '2019-11-28 13:10:39', '2019-11-28 13:10:39', '0000-00-00 00:00:00'),
(5, 'AD', 'ANDORRA', 'Andorra', 'AND', 20, '+376', '2019-11-28 13:10:39', '2019-11-28 13:10:39', '0000-00-00 00:00:00'),
(6, 'AO', 'ANGOLA', 'Angola', 'AGO', 24, '+244', '2019-11-28 13:10:39', '2019-11-28 13:10:39', '0000-00-00 00:00:00'),
(7, 'AI', 'ANGUILLA', 'Anguilla', 'AIA', 660, '+1264', '2019-11-28 13:10:39', '2019-11-28 13:10:39', '0000-00-00 00:00:00'),
(8, 'AQ', 'ANTARCTICA', 'Antarctica', NULL, NULL, '0', '2019-11-28 13:10:39', '2019-11-28 13:10:39', '0000-00-00 00:00:00'),
(9, 'AG', 'ANTIGUA AND BARBUDA', 'Antigua and Barbuda', 'ATG', 28, '+1268', '2019-11-28 13:10:39', '2019-11-28 13:10:39', '0000-00-00 00:00:00'),
(10, 'AR', 'ARGENTINA', 'Argentina', 'ARG', 32, '+54', '2019-11-28 13:10:39', '2019-11-28 13:10:39', '0000-00-00 00:00:00'),
(11, 'AM', 'ARMENIA', 'Armenia', 'ARM', 51, '+374', '2019-11-28 13:10:39', '2019-11-28 13:10:39', '0000-00-00 00:00:00'),
(12, 'AW', 'ARUBA', 'Aruba', 'ABW', 533, '+297', '2019-11-28 13:10:39', '2019-11-28 13:10:39', '0000-00-00 00:00:00'),
(13, 'AU', 'AUSTRALIA', 'Australia', 'AUS', 36, '+61', '2019-11-28 13:10:39', '2019-11-28 13:10:39', '0000-00-00 00:00:00'),
(14, 'AT', 'AUSTRIA', 'Austria', 'AUT', 40, '+43', '2019-11-28 13:10:39', '2019-11-28 13:10:39', '0000-00-00 00:00:00'),
(15, 'AZ', 'AZERBAIJAN', 'Azerbaijan', 'AZE', 31, '+994', '2019-11-28 13:10:39', '2019-11-28 13:10:39', '0000-00-00 00:00:00'),
(16, 'BS', 'BAHAMAS', 'Bahamas', 'BHS', 44, '+1242', '2019-11-28 13:10:39', '2019-11-28 13:10:39', '0000-00-00 00:00:00'),
(17, 'BH', 'BAHRAIN', 'Bahrain', 'BHR', 48, '+973', '2019-11-28 13:10:39', '2019-11-28 13:10:39', '0000-00-00 00:00:00'),
(18, 'BD', 'BANGLADESH', 'Bangladesh', 'BGD', 50, '+880', '2019-11-28 13:10:39', '2019-11-28 13:10:39', '0000-00-00 00:00:00'),
(19, 'BB', 'BARBADOS', 'Barbados', 'BRB', 52, '+1246', '2019-11-28 13:10:39', '2019-11-28 13:10:39', '0000-00-00 00:00:00'),
(20, 'BY', 'BELARUS', 'Belarus', 'BLR', 112, '+375', '2019-11-28 13:10:39', '2019-11-28 13:10:39', '0000-00-00 00:00:00'),
(21, 'BE', 'BELGIUM', 'Belgium', 'BEL', 56, '+32', '2019-11-28 13:10:39', '2019-11-28 13:10:39', '0000-00-00 00:00:00'),
(22, 'BZ', 'BELIZE', 'Belize', 'BLZ', 84, '+501', '2019-11-28 13:10:39', '2019-11-28 13:10:39', '0000-00-00 00:00:00'),
(23, 'BJ', 'BENIN', 'Benin', 'BEN', 204, '+229', '2019-11-28 13:10:39', '2019-11-28 13:10:39', '0000-00-00 00:00:00'),
(24, 'BM', 'BERMUDA', 'Bermuda', 'BMU', 60, '+1441', '2019-11-28 13:10:39', '2019-11-28 13:10:39', '0000-00-00 00:00:00'),
(25, 'BT', 'BHUTAN', 'Bhutan', 'BTN', 64, '+975', '2019-11-28 13:10:39', '2019-11-28 13:10:39', '0000-00-00 00:00:00'),
(26, 'BO', 'BOLIVIA', 'Bolivia', 'BOL', 68, '+591', '2019-11-28 13:10:39', '2019-11-28 13:10:39', '0000-00-00 00:00:00'),
(27, 'BA', 'BOSNIA AND HERZEGOVINA', 'Bosnia and Herzegovina', 'BIH', 70, '+387', '2019-11-28 13:10:39', '2019-11-28 13:10:39', '0000-00-00 00:00:00'),
(28, 'BW', 'BOTSWANA', 'Botswana', 'BWA', 72, '+267', '2019-11-28 13:10:39', '2019-11-28 13:10:39', '0000-00-00 00:00:00'),
(29, 'BV', 'BOUVET ISLAND', 'Bouvet Island', NULL, NULL, '0', '2019-11-28 13:10:39', '2019-11-28 13:10:39', '0000-00-00 00:00:00'),
(30, 'BR', 'BRAZIL', 'Brazil', 'BRA', 76, '+55', '2019-11-28 13:10:39', '2019-11-28 13:10:39', '0000-00-00 00:00:00'),
(31, 'IO', 'BRITISH INDIAN OCEAN TERRITORY', 'British Indian Ocean Territory', NULL, NULL, '+246', '2019-11-28 13:10:39', '2019-11-28 13:10:39', '0000-00-00 00:00:00'),
(32, 'BN', 'BRUNEI DARUSSALAM', 'Brunei Darussalam', 'BRN', 96, '+673', '2019-11-28 13:10:39', '2019-11-28 13:10:39', '0000-00-00 00:00:00'),
(33, 'BG', 'BULGARIA', 'Bulgaria', 'BGR', 100, '+359', '2019-11-28 13:10:39', '2019-11-28 13:10:39', '0000-00-00 00:00:00'),
(34, 'BF', 'BURKINA FASO', 'Burkina Faso', 'BFA', 854, '+226', '2019-11-28 13:10:39', '2019-11-28 13:10:39', '0000-00-00 00:00:00'),
(35, 'BI', 'BURUNDI', 'Burundi', 'BDI', 108, '+257', '2019-11-28 13:10:39', '2019-11-28 13:10:39', '0000-00-00 00:00:00'),
(36, 'KH', 'CAMBODIA', 'Cambodia', 'KHM', 116, '+855', '2019-11-28 13:10:39', '2019-11-28 13:10:39', '0000-00-00 00:00:00'),
(37, 'CM', 'CAMEROON', 'Cameroon', 'CMR', 120, '+237', '2019-11-28 13:10:39', '2019-11-28 13:10:39', '0000-00-00 00:00:00'),
(38, 'CA', 'CANADA', 'Canada', 'CAN', 124, '+1', '2019-11-28 13:10:39', '2019-11-28 13:10:39', '0000-00-00 00:00:00'),
(39, 'CV', 'CAPE VERDE', 'Cape Verde', 'CPV', 132, '+238', '2019-11-28 13:10:39', '2019-11-28 13:10:39', '0000-00-00 00:00:00'),
(40, 'KY', 'CAYMAN ISLANDS', 'Cayman Islands', 'CYM', 136, '+1345', '2019-11-28 13:10:39', '2019-11-28 13:10:39', '0000-00-00 00:00:00'),
(41, 'CF', 'CENTRAL AFRICAN REPUBLIC', 'Central African Republic', 'CAF', 140, '+236', '2019-11-28 13:10:39', '2019-11-28 13:10:39', '0000-00-00 00:00:00'),
(42, 'TD', 'CHAD', 'Chad', 'TCD', 148, '+235', '2019-11-28 13:10:39', '2019-11-28 13:10:39', '0000-00-00 00:00:00'),
(43, 'CL', 'CHILE', 'Chile', 'CHL', 152, '+56', '2019-11-28 13:10:39', '2019-11-28 13:10:39', '0000-00-00 00:00:00'),
(44, 'CN', 'CHINA', 'China', 'CHN', 156, '+86', '2019-11-28 13:10:39', '2019-11-28 13:10:39', '0000-00-00 00:00:00'),
(45, 'CX', 'CHRISTMAS ISLAND', 'Christmas Island', NULL, NULL, '+61', '2019-11-28 13:10:39', '2019-11-28 13:10:39', '0000-00-00 00:00:00'),
(46, 'CC', 'COCOS (KEELING) ISLANDS', 'Cocos (Keeling) Islands', NULL, NULL, '+672', '2019-11-28 13:10:39', '2019-11-28 13:10:39', '0000-00-00 00:00:00'),
(47, 'CO', 'COLOMBIA', 'Colombia', 'COL', 170, '+57', '2019-11-28 13:10:39', '2019-11-28 13:10:39', '0000-00-00 00:00:00'),
(48, 'KM', 'COMOROS', 'Comoros', 'COM', 174, '+269', '2019-11-28 13:10:39', '2019-11-28 13:10:39', '0000-00-00 00:00:00'),
(49, 'CG', 'CONGO', 'Congo', 'COG', 178, '+242', '2019-11-28 13:10:39', '2019-11-28 13:10:39', '0000-00-00 00:00:00'),
(50, 'CD', 'CONGO, THE DEMOCRATIC REPUBLIC OF THE', 'Congo, the Democratic Republic of the', 'COD', 180, '+242', '2019-11-28 13:10:39', '2019-11-28 13:10:39', '0000-00-00 00:00:00'),
(51, 'CK', 'COOK ISLANDS', 'Cook Islands', 'COK', 184, '+682', '2019-11-28 13:10:39', '2019-11-28 13:10:39', '0000-00-00 00:00:00'),
(52, 'CR', 'COSTA RICA', 'Costa Rica', 'CRI', 188, '+506', '2019-11-28 13:10:39', '2019-11-28 13:10:39', '0000-00-00 00:00:00'),
(53, 'CI', 'COTE D\'IVOIRE', 'Cote D\'Ivoire', 'CIV', 384, '+225', '2019-11-28 13:10:39', '2019-11-28 13:10:39', '0000-00-00 00:00:00'),
(54, 'HR', 'CROATIA', 'Croatia', 'HRV', 191, '+385', '2019-11-28 13:10:39', '2019-11-28 13:10:39', '0000-00-00 00:00:00'),
(55, 'CU', 'CUBA', 'Cuba', 'CUB', 192, '+53', '2019-11-28 13:10:39', '2019-11-28 13:10:39', '0000-00-00 00:00:00'),
(56, 'CY', 'CYPRUS', 'Cyprus', 'CYP', 196, '+357', '2019-11-28 13:10:39', '2019-11-28 13:10:39', '0000-00-00 00:00:00'),
(57, 'CZ', 'CZECH REPUBLIC', 'Czech Republic', 'CZE', 203, '+420', '2019-11-28 13:10:39', '2019-11-28 13:10:39', '0000-00-00 00:00:00'),
(58, 'DK', 'DENMARK', 'Denmark', 'DNK', 208, '+45', '2019-11-28 13:10:39', '2019-11-28 13:10:39', '0000-00-00 00:00:00'),
(59, 'DJ', 'DJIBOUTI', 'Djibouti', 'DJI', 262, '+253', '2019-11-28 13:10:39', '2019-11-28 13:10:39', '0000-00-00 00:00:00'),
(60, 'DM', 'DOMINICA', 'Dominica', 'DMA', 212, '+1767', '2019-11-28 13:10:39', '2019-11-28 13:10:39', '0000-00-00 00:00:00'),
(61, 'DO', 'DOMINICAN REPUBLIC', 'Dominican Republic', 'DOM', 214, '+1809', '2019-11-28 13:10:39', '2019-11-28 13:10:39', '0000-00-00 00:00:00'),
(62, 'EC', 'ECUADOR', 'Ecuador', 'ECU', 218, '+593', '2019-11-28 13:10:39', '2019-11-28 13:10:39', '0000-00-00 00:00:00'),
(63, 'EG', 'EGYPT', 'Egypt', 'EGY', 818, '+20', '2019-11-28 13:10:39', '2019-11-28 13:10:39', '0000-00-00 00:00:00'),
(64, 'SV', 'EL SALVADOR', 'El Salvador', 'SLV', 222, '+503', '2019-11-28 13:10:39', '2019-11-28 13:10:39', '0000-00-00 00:00:00'),
(65, 'GQ', 'EQUATORIAL GUINEA', 'Equatorial Guinea', 'GNQ', 226, '+240', '2019-11-28 13:10:39', '2019-11-28 13:10:39', '0000-00-00 00:00:00'),
(66, 'ER', 'ERITREA', 'Eritrea', 'ERI', 232, '+291', '2019-11-28 13:10:39', '2019-11-28 13:10:39', '0000-00-00 00:00:00'),
(67, 'EE', 'ESTONIA', 'Estonia', 'EST', 233, '+372', '2019-11-28 13:10:39', '2019-11-28 13:10:39', '0000-00-00 00:00:00'),
(68, 'ET', 'ETHIOPIA', 'Ethiopia', 'ETH', 231, '+251', '2019-11-28 13:10:39', '2019-11-28 13:10:39', '0000-00-00 00:00:00'),
(69, 'FK', 'FALKLAND ISLANDS (MALVINAS)', 'Falkland Islands (Malvinas)', 'FLK', 238, '+500', '2019-11-28 13:10:39', '2019-11-28 13:10:39', '0000-00-00 00:00:00'),
(70, 'FO', 'FAROE ISLANDS', 'Faroe Islands', 'FRO', 234, '+298', '2019-11-28 13:10:39', '2019-11-28 13:10:39', '0000-00-00 00:00:00'),
(71, 'FJ', 'FIJI', 'Fiji', 'FJI', 242, '+679', '2019-11-28 13:10:39', '2019-11-28 13:10:39', '0000-00-00 00:00:00'),
(72, 'FI', 'FINLAND', 'Finland', 'FIN', 246, '+358', '2019-11-28 13:10:39', '2019-11-28 13:10:39', '0000-00-00 00:00:00'),
(73, 'FR', 'FRANCE', 'France', 'FRA', 250, '+33', '2019-11-28 13:10:39', '2019-11-28 13:10:39', '0000-00-00 00:00:00'),
(74, 'GF', 'FRENCH GUIANA', 'French Guiana', 'GUF', 254, '+594', '2019-11-28 13:10:39', '2019-11-28 13:10:39', '0000-00-00 00:00:00'),
(75, 'PF', 'FRENCH POLYNESIA', 'French Polynesia', 'PYF', 258, '+689', '2019-11-28 13:10:39', '2019-11-28 13:10:39', '0000-00-00 00:00:00'),
(76, 'TF', 'FRENCH SOUTHERN TERRITORIES', 'French Southern Territories', NULL, NULL, ' 0', '2019-11-28 13:10:39', '2019-11-28 13:10:39', '0000-00-00 00:00:00'),
(77, 'GA', 'GABON', 'Gabon', 'GAB', 266, '+241', '2019-11-28 13:10:39', '2019-11-28 13:10:39', '0000-00-00 00:00:00'),
(78, 'GM', 'GAMBIA', 'Gambia', 'GMB', 270, '+220', '2019-11-28 13:10:39', '2019-11-28 13:10:39', '0000-00-00 00:00:00'),
(79, 'GE', 'GEORGIA', 'Georgia', 'GEO', 268, '+995', '2019-11-28 13:10:39', '2019-11-28 13:10:39', '0000-00-00 00:00:00'),
(80, 'DE', 'GERMANY', 'Germany', 'DEU', 276, '+49', '2019-11-28 13:10:39', '2019-11-28 13:10:39', '0000-00-00 00:00:00'),
(81, 'GH', 'GHANA', 'Ghana', 'GHA', 288, '+233', '2019-11-28 13:10:39', '2019-11-28 13:10:39', '0000-00-00 00:00:00'),
(82, 'GI', 'GIBRALTAR', 'Gibraltar', 'GIB', 292, '+350', '2019-11-28 13:10:39', '2019-11-28 13:10:39', '0000-00-00 00:00:00'),
(83, 'GR', 'GREECE', 'Greece', 'GRC', 300, '+30', '2019-11-28 13:10:39', '2019-11-28 13:10:39', '0000-00-00 00:00:00'),
(84, 'GL', 'GREENLAND', 'Greenland', 'GRL', 304, '+299', '2019-11-28 13:10:39', '2019-11-28 13:10:39', '0000-00-00 00:00:00'),
(85, 'GD', 'GRENADA', 'Grenada', 'GRD', 308, '+1473', '2019-11-28 13:10:39', '2019-11-28 13:10:39', '0000-00-00 00:00:00'),
(86, 'GP', 'GUADELOUPE', 'Guadeloupe', 'GLP', 312, '+590', '2019-11-28 13:10:39', '2019-11-28 13:10:39', '0000-00-00 00:00:00'),
(87, 'GU', 'GUAM', 'Guam', 'GUM', 316, '+1671', '2019-11-28 13:10:39', '2019-11-28 13:10:39', '0000-00-00 00:00:00'),
(88, 'GT', 'GUATEMALA', 'Guatemala', 'GTM', 320, '+502', '2019-11-28 13:10:39', '2019-11-28 13:10:39', '0000-00-00 00:00:00'),
(89, 'GN', 'GUINEA', 'Guinea', 'GIN', 324, '+224', '2019-11-28 13:10:39', '2019-11-28 13:10:39', '0000-00-00 00:00:00'),
(90, 'GW', 'GUINEA-BISSAU', 'Guinea-Bissau', 'GNB', 624, '+245', '2019-11-28 13:10:39', '2019-11-28 13:10:39', '0000-00-00 00:00:00'),
(91, 'GY', 'GUYANA', 'Guyana', 'GUY', 328, '+592', '2019-11-28 13:10:39', '2019-11-28 13:10:39', '0000-00-00 00:00:00'),
(92, 'HT', 'HAITI', 'Haiti', 'HTI', 332, '+509', '2019-11-28 13:10:39', '2019-11-28 13:10:39', '0000-00-00 00:00:00'),
(93, 'HM', 'HEARD ISLAND AND MCDONALD ISLANDS', 'Heard Island and Mcdonald Islands', NULL, NULL, '0', '2019-11-28 13:10:39', '2019-11-28 13:10:39', '0000-00-00 00:00:00'),
(94, 'VA', 'HOLY SEE (VATICAN CITY STATE)', 'Holy See (Vatican City State)', 'VAT', 336, '+39', '2019-11-28 13:10:39', '2019-11-28 13:10:39', '0000-00-00 00:00:00'),
(95, 'HN', 'HONDURAS', 'Honduras', 'HND', 340, '+504', '2019-11-28 13:10:39', '2019-11-28 13:10:39', '0000-00-00 00:00:00'),
(96, 'HK', 'HONG KONG', 'Hong Kong', 'HKG', 344, '+852', '2019-11-28 13:10:39', '2019-11-28 13:10:39', '0000-00-00 00:00:00'),
(97, 'HU', 'HUNGARY', 'Hungary', 'HUN', 348, '+36', '2019-11-28 13:10:39', '2019-11-28 13:10:39', '0000-00-00 00:00:00'),
(98, 'IS', 'ICELAND', 'Iceland', 'ISL', 352, '+354', '2019-11-28 13:10:39', '2019-11-28 13:10:39', '0000-00-00 00:00:00'),
(99, 'IN', 'INDIA', 'India', 'IND', 356, '+91', '2019-11-28 13:10:39', '2019-11-28 13:10:39', '0000-00-00 00:00:00'),
(100, 'ID', 'INDONESIA', 'Indonesia', 'IDN', 360, '+62', '2019-11-28 13:10:39', '2019-11-28 13:10:39', '0000-00-00 00:00:00'),
(101, 'IR', 'IRAN, ISLAMIC REPUBLIC OF', 'Iran, Islamic Republic of', 'IRN', 364, '+98', '2019-11-28 13:10:39', '2019-11-28 13:10:39', '0000-00-00 00:00:00'),
(102, 'IQ', 'IRAQ', 'Iraq', 'IRQ', 368, '+964', '2019-11-28 13:10:39', '2019-11-28 13:10:39', '0000-00-00 00:00:00'),
(103, 'IE', 'IRELAND', 'Ireland', 'IRL', 372, '+353', '2019-11-28 13:10:39', '2019-11-28 13:10:39', '0000-00-00 00:00:00'),
(104, 'IL', 'ISRAEL', 'Israel', 'ISR', 376, '+972', '2019-11-28 13:10:39', '2019-11-28 13:10:39', '0000-00-00 00:00:00'),
(105, 'IT', 'ITALY', 'Italy', 'ITA', 380, '+39', '2019-11-28 13:10:39', '2019-11-28 13:10:39', '0000-00-00 00:00:00'),
(106, 'JM', 'JAMAICA', 'Jamaica', 'JAM', 388, '+1876', '2019-11-28 13:10:39', '2019-11-28 13:10:39', '0000-00-00 00:00:00'),
(107, 'JP', 'JAPAN', 'Japan', 'JPN', 392, '+81', '2019-11-28 13:10:39', '2019-11-28 13:10:39', '0000-00-00 00:00:00'),
(108, 'JO', 'JORDAN', 'Jordan', 'JOR', 400, '+962', '2019-11-28 13:10:39', '2019-11-28 13:10:39', '0000-00-00 00:00:00'),
(109, 'KZ', 'KAZAKHSTAN', 'Kazakhstan', 'KAZ', 398, '+7', '2019-11-28 13:10:39', '2019-11-28 13:10:39', '0000-00-00 00:00:00'),
(110, 'KE', 'KENYA', 'Kenya', 'KEN', 404, '+254', '2019-11-28 13:10:39', '2019-11-28 13:10:39', '0000-00-00 00:00:00'),
(111, 'KI', 'KIRIBATI', 'Kiribati', 'KIR', 296, '+686', '2019-11-28 13:10:39', '2019-11-28 13:10:39', '0000-00-00 00:00:00'),
(112, 'KP', 'KOREA, DEMOCRATIC PEOPLE\'S REPUBLIC OF', 'Korea, Democratic People\'s Republic of', 'PRK', 408, '+850', '2019-11-28 13:10:39', '2019-11-28 13:10:39', '0000-00-00 00:00:00'),
(113, 'KR', 'KOREA, REPUBLIC OF', 'Korea, Republic of', 'KOR', 410, '+82', '2019-11-28 13:10:39', '2019-11-28 13:10:39', '0000-00-00 00:00:00'),
(114, 'KW', 'KUWAIT', 'Kuwait', 'KWT', 414, '+965', '2019-11-28 13:10:39', '2019-11-28 13:10:39', '0000-00-00 00:00:00'),
(115, 'KG', 'KYRGYZSTAN', 'Kyrgyzstan', 'KGZ', 417, '+996', '2019-11-28 13:10:39', '2019-11-28 13:10:39', '0000-00-00 00:00:00'),
(116, 'LA', 'LAO PEOPLE\'S DEMOCRATIC REPUBLIC', 'Lao People\'s Democratic Republic', 'LAO', 418, '+856', '2019-11-28 13:10:39', '2019-11-28 13:10:39', '0000-00-00 00:00:00'),
(117, 'LV', 'LATVIA', 'Latvia', 'LVA', 428, '+371', '2019-11-28 13:10:39', '2019-11-28 13:10:39', '0000-00-00 00:00:00'),
(118, 'LB', 'LEBANON', 'Lebanon', 'LBN', 422, '+961', '2019-11-28 13:10:39', '2019-11-28 13:10:39', '0000-00-00 00:00:00'),
(119, 'LS', 'LESOTHO', 'Lesotho', 'LSO', 426, '+266', '2019-11-28 13:10:39', '2019-11-28 13:10:39', '0000-00-00 00:00:00'),
(120, 'LR', 'LIBERIA', 'Liberia', 'LBR', 430, '+231', '2019-11-28 13:10:39', '2019-11-28 13:10:39', '0000-00-00 00:00:00'),
(121, 'LY', 'LIBYAN ARAB JAMAHIRIYA', 'Libyan Arab Jamahiriya', 'LBY', 434, '+218', '2019-11-28 13:10:39', '2019-11-28 13:10:39', '0000-00-00 00:00:00'),
(122, 'LI', 'LIECHTENSTEIN', 'Liechtenstein', 'LIE', 438, '+423', '2019-11-28 13:10:39', '2019-11-28 13:10:39', '0000-00-00 00:00:00'),
(123, 'LT', 'LITHUANIA', 'Lithuania', 'LTU', 440, '+370', '2019-11-28 13:10:39', '2019-11-28 13:10:39', '0000-00-00 00:00:00'),
(124, 'LU', 'LUXEMBOURG', 'Luxembourg', 'LUX', 442, '+352', '2019-11-28 13:10:39', '2019-11-28 13:10:39', '0000-00-00 00:00:00'),
(125, 'MO', 'MACAO', 'Macao', 'MAC', 446, '+853', '2019-11-28 13:10:39', '2019-11-28 13:10:39', '0000-00-00 00:00:00'),
(126, 'MK', 'MACEDONIA, THE FORMER YUGOSLAV REPUBLIC OF', 'Macedonia, the Former Yugoslav Republic of', 'MKD', 807, '+389', '2019-11-28 13:10:39', '2019-11-28 13:10:39', '0000-00-00 00:00:00'),
(127, 'MG', 'MADAGASCAR', 'Madagascar', 'MDG', 450, '+261', '2019-11-28 13:10:39', '2019-11-28 13:10:39', '0000-00-00 00:00:00'),
(128, 'MW', 'MALAWI', 'Malawi', 'MWI', 454, '+265', '2019-11-28 13:10:39', '2019-11-28 13:10:39', '0000-00-00 00:00:00'),
(129, 'MY', 'MALAYSIA', 'Malaysia', 'MYS', 458, '+60', '2019-11-28 13:10:39', '2019-11-28 13:10:39', '0000-00-00 00:00:00'),
(130, 'MV', 'MALDIVES', 'Maldives', 'MDV', 462, '+960', '2019-11-28 13:10:39', '2019-11-28 13:10:39', '0000-00-00 00:00:00'),
(131, 'ML', 'MALI', 'Mali', 'MLI', 466, '+223', '2019-11-28 13:10:39', '2019-11-28 13:10:39', '0000-00-00 00:00:00'),
(132, 'MT', 'MALTA', 'Malta', 'MLT', 470, '+356', '2019-11-28 13:10:39', '2019-11-28 13:10:39', '0000-00-00 00:00:00'),
(133, 'MH', 'MARSHALL ISLANDS', 'Marshall Islands', 'MHL', 584, '+692', '2019-11-28 13:10:39', '2019-11-28 13:10:39', '0000-00-00 00:00:00'),
(134, 'MQ', 'MARTINIQUE', 'Martinique', 'MTQ', 474, '+596', '2019-11-28 13:10:39', '2019-11-28 13:10:39', '0000-00-00 00:00:00'),
(135, 'MR', 'MAURITANIA', 'Mauritania', 'MRT', 478, '+222', '2019-11-28 13:10:39', '2019-11-28 13:10:39', '0000-00-00 00:00:00'),
(136, 'MU', 'MAURITIUS', 'Mauritius', 'MUS', 480, '+230', '2019-11-28 13:10:39', '2019-11-28 13:10:39', '0000-00-00 00:00:00'),
(137, 'YT', 'MAYOTTE', 'Mayotte', NULL, NULL, '+269', '2019-11-28 13:10:39', '2019-11-28 13:10:39', '0000-00-00 00:00:00'),
(138, 'MX', 'MEXICO', 'Mexico', 'MEX', 484, '+52', '2019-11-28 13:10:39', '2019-11-28 13:10:39', '0000-00-00 00:00:00'),
(139, 'FM', 'MICRONESIA, FEDERATED STATES OF', 'Micronesia, Federated States of', 'FSM', 583, '+691', '2019-11-28 13:10:39', '2019-11-28 13:10:39', '0000-00-00 00:00:00'),
(140, 'MD', 'MOLDOVA, REPUBLIC OF', 'Moldova, Republic of', 'MDA', 498, '+373', '2019-11-28 13:10:39', '2019-11-28 13:10:39', '0000-00-00 00:00:00'),
(141, 'MC', 'MONACO', 'Monaco', 'MCO', 492, '+377', '2019-11-28 13:10:39', '2019-11-28 13:10:39', '0000-00-00 00:00:00'),
(142, 'MN', 'MONGOLIA', 'Mongolia', 'MNG', 496, '+976', '2019-11-28 13:10:39', '2019-11-28 13:10:39', '0000-00-00 00:00:00'),
(143, 'MS', 'MONTSERRAT', 'Montserrat', 'MSR', 500, '+1664', '2019-11-28 13:10:39', '2019-11-28 13:10:39', '0000-00-00 00:00:00'),
(144, 'MA', 'MOROCCO', 'Morocco', 'MAR', 504, '+212', '2019-11-28 13:10:39', '2019-11-28 13:10:39', '0000-00-00 00:00:00'),
(145, 'MZ', 'MOZAMBIQUE', 'Mozambique', 'MOZ', 508, '+258', '2019-11-28 13:10:39', '2019-11-28 13:10:39', '0000-00-00 00:00:00'),
(146, 'MM', 'MYANMAR', 'Myanmar', 'MMR', 104, '+95', '2019-11-28 13:10:39', '2019-11-28 13:10:39', '0000-00-00 00:00:00'),
(147, 'NA', 'NAMIBIA', 'Namibia', 'NAM', 516, '+264', '2019-11-28 13:10:39', '2019-11-28 13:10:39', '0000-00-00 00:00:00'),
(148, 'NR', 'NAURU', 'Nauru', 'NRU', 520, '+674', '2019-11-28 13:10:39', '2019-11-28 13:10:39', '0000-00-00 00:00:00'),
(149, 'NP', 'NEPAL', 'Nepal', 'NPL', 524, '+977', '2019-11-28 13:10:39', '2019-11-28 13:10:39', '0000-00-00 00:00:00'),
(150, 'NL', 'NETHERLANDS', 'Netherlands', 'NLD', 528, '+31', '2019-11-28 13:10:39', '2019-11-28 13:10:39', '0000-00-00 00:00:00'),
(151, 'AN', 'NETHERLANDS ANTILLES', 'Netherlands Antilles', 'ANT', 530, '+599', '2019-11-28 13:10:39', '2019-11-28 13:10:39', '0000-00-00 00:00:00'),
(152, 'NC', 'NEW CALEDONIA', 'New Caledonia', 'NCL', 540, '+687', '2019-11-28 13:10:39', '2019-11-28 13:10:39', '0000-00-00 00:00:00'),
(153, 'NZ', 'NEW ZEALAND', 'New Zealand', 'NZL', 554, '+64', '2019-11-28 13:10:39', '2019-11-28 13:10:39', '0000-00-00 00:00:00'),
(154, 'NI', 'NICARAGUA', 'Nicaragua', 'NIC', 558, '+505', '2019-11-28 13:10:39', '2019-11-28 13:10:39', '0000-00-00 00:00:00'),
(155, 'NE', 'NIGER', 'Niger', 'NER', 562, '+227', '2019-11-28 13:10:39', '2019-11-28 13:10:39', '0000-00-00 00:00:00'),
(156, 'NG', 'NIGERIA', 'Nigeria', 'NGA', 566, '+234', '2019-11-28 13:10:39', '2019-11-28 13:10:39', '0000-00-00 00:00:00'),
(157, 'NU', 'NIUE', 'Niue', 'NIU', 570, '+683', '2019-11-28 13:10:39', '2019-11-28 13:10:39', '0000-00-00 00:00:00'),
(158, 'NF', 'NORFOLK ISLAND', 'Norfolk Island', 'NFK', 574, '+672', '2019-11-28 13:10:39', '2019-11-28 13:10:39', '0000-00-00 00:00:00'),
(159, 'MP', 'NORTHERN MARIANA ISLANDS', 'Northern Mariana Islands', 'MNP', 580, '+1670', '2019-11-28 13:10:39', '2019-11-28 13:10:39', '0000-00-00 00:00:00'),
(160, 'NO', 'NORWAY', 'Norway', 'NOR', 578, '+47', '2019-11-28 13:10:39', '2019-11-28 13:10:39', '0000-00-00 00:00:00'),
(161, 'OM', 'OMAN', 'Oman', 'OMN', 512, '+968', '2019-11-28 13:10:39', '2019-11-28 13:10:39', '0000-00-00 00:00:00'),
(162, 'PK', 'PAKISTAN', 'Pakistan', 'PAK', 586, '+92', '2019-11-28 13:10:39', '2019-11-28 13:10:39', '0000-00-00 00:00:00'),
(163, 'PW', 'PALAU', 'Palau', 'PLW', 585, '+680', '2019-11-28 13:10:39', '2019-11-28 13:10:39', '0000-00-00 00:00:00'),
(164, 'PS', 'PALESTINIAN TERRITORY, OCCUPIED', 'Palestinian Territory, Occupied', NULL, NULL, '+970', '2019-11-28 13:10:39', '2019-11-28 13:10:39', '0000-00-00 00:00:00'),
(165, 'PA', 'PANAMA', 'Panama', 'PAN', 591, '+507', '2019-11-28 13:10:39', '2019-11-28 13:10:39', '0000-00-00 00:00:00'),
(166, 'PG', 'PAPUA NEW GUINEA', 'Papua New Guinea', 'PNG', 598, '+675', '2019-11-28 13:10:39', '2019-11-28 13:10:39', '0000-00-00 00:00:00'),
(167, 'PY', 'PARAGUAY', 'Paraguay', 'PRY', 600, '+595', '2019-11-28 13:10:39', '2019-11-28 13:10:39', '0000-00-00 00:00:00'),
(168, 'PE', 'PERU', 'Peru', 'PER', 604, '+51', '2019-11-28 13:10:39', '2019-11-28 13:10:39', '0000-00-00 00:00:00'),
(169, 'PH', 'PHILIPPINES', 'Philippines', 'PHL', 608, '+63', '2019-11-28 13:10:39', '2019-11-28 13:10:39', '0000-00-00 00:00:00'),
(170, 'PN', 'PITCAIRN', 'Pitcairn', 'PCN', 612, '0', '2019-11-28 13:10:39', '2019-11-28 13:10:39', '0000-00-00 00:00:00'),
(171, 'PL', 'POLAND', 'Poland', 'POL', 616, '+48', '2019-11-28 13:10:39', '2019-11-28 13:10:39', '0000-00-00 00:00:00'),
(172, 'PT', 'PORTUGAL', 'Portugal', 'PRT', 620, '+351', '2019-11-28 13:10:39', '2019-11-28 13:10:39', '0000-00-00 00:00:00'),
(173, 'PR', 'PUERTO RICO', 'Puerto Rico', 'PRI', 630, '+1787', '2019-11-28 13:10:39', '2019-11-28 13:10:39', '0000-00-00 00:00:00'),
(174, 'QA', 'QATAR', 'Qatar', 'QAT', 634, '+974', '2019-11-28 13:10:39', '2019-11-28 13:10:39', '0000-00-00 00:00:00'),
(175, 'RE', 'REUNION', 'Reunion', 'REU', 638, '+262', '2019-11-28 13:10:39', '2019-11-28 13:10:39', '0000-00-00 00:00:00'),
(176, 'RO', 'ROMANIA', 'Romania', 'ROM', 642, '+40', '2019-11-28 13:10:39', '2019-11-28 13:10:39', '0000-00-00 00:00:00'),
(177, 'RU', 'RUSSIAN FEDERATION', 'Russian Federation', 'RUS', 643, '+70', '2019-11-28 13:10:39', '2019-11-28 13:10:39', '0000-00-00 00:00:00'),
(178, 'RW', 'RWANDA', 'Rwanda', 'RWA', 646, '+250', '2019-11-28 13:10:39', '2019-11-28 13:10:39', '0000-00-00 00:00:00'),
(179, 'SH', 'SAINT HELENA', 'Saint Helena', 'SHN', 654, '+290', '2019-11-28 13:10:39', '2019-11-28 13:10:39', '0000-00-00 00:00:00'),
(180, 'KN', 'SAINT KITTS AND NEVIS', 'Saint Kitts and Nevis', 'KNA', 659, '+1869', '2019-11-28 13:10:39', '2019-11-28 13:10:39', '0000-00-00 00:00:00'),
(181, 'LC', 'SAINT LUCIA', 'Saint Lucia', 'LCA', 662, '+1758', '2019-11-28 13:10:39', '2019-11-28 13:10:39', '0000-00-00 00:00:00'),
(182, 'PM', 'SAINT PIERRE AND MIQUELON', 'Saint Pierre and Miquelon', 'SPM', 666, '+508', '2019-11-28 13:10:39', '2019-11-28 13:10:39', '0000-00-00 00:00:00'),
(183, 'VC', 'SAINT VINCENT AND THE GRENADINES', 'Saint Vincent and the Grenadines', 'VCT', 670, '+1784', '2019-11-28 13:10:39', '2019-11-28 13:10:39', '0000-00-00 00:00:00'),
(184, 'WS', 'SAMOA', 'Samoa', 'WSM', 882, '+684', '2019-11-28 13:10:39', '2019-11-28 13:10:39', '0000-00-00 00:00:00'),
(185, 'SM', 'SAN MARINO', 'San Marino', 'SMR', 674, '+378', '2019-11-28 13:10:39', '2019-11-28 13:10:39', '0000-00-00 00:00:00'),
(186, 'ST', 'SAO TOME AND PRINCIPE', 'Sao Tome and Principe', 'STP', 678, '+239', '2019-11-28 13:10:39', '2019-11-28 13:10:39', '0000-00-00 00:00:00'),
(187, 'SA', 'SAUDI ARABIA', 'Saudi Arabia', 'SAU', 682, '+966', '2019-11-28 13:10:39', '2019-11-28 13:10:39', '0000-00-00 00:00:00'),
(188, 'SN', 'SENEGAL', 'Senegal', 'SEN', 686, '+221', '2019-11-28 13:10:39', '2019-11-28 13:10:39', '0000-00-00 00:00:00'),
(189, 'CS', 'SERBIA AND MONTENEGRO', 'Serbia and Montenegro', NULL, NULL, '+381', '2019-11-28 13:10:39', '2019-11-28 13:10:39', '0000-00-00 00:00:00'),
(190, 'SC', 'SEYCHELLES', 'Seychelles', 'SYC', 690, '+248', '2019-11-28 13:10:39', '2019-11-28 13:10:39', '0000-00-00 00:00:00'),
(191, 'SL', 'SIERRA LEONE', 'Sierra Leone', 'SLE', 694, '+232', '2019-11-28 13:10:39', '2019-11-28 13:10:39', '0000-00-00 00:00:00'),
(192, 'SG', 'SINGAPORE', 'Singapore', 'SGP', 702, '+65', '2019-11-28 13:10:39', '2019-11-28 13:10:39', '0000-00-00 00:00:00'),
(193, 'SK', 'SLOVAKIA', 'Slovakia', 'SVK', 703, '+421', '2019-11-28 13:10:39', '2019-11-28 13:10:39', '0000-00-00 00:00:00'),
(194, 'SI', 'SLOVENIA', 'Slovenia', 'SVN', 705, '+386', '2019-11-28 13:10:39', '2019-11-28 13:10:39', '0000-00-00 00:00:00'),
(195, 'SB', 'SOLOMON ISLANDS', 'Solomon Islands', 'SLB', 90, '+677', '2019-11-28 13:10:39', '2019-11-28 13:10:39', '0000-00-00 00:00:00'),
(196, 'SO', 'SOMALIA', 'Somalia', 'SOM', 706, '+252', '2019-11-28 13:10:39', '2019-11-28 13:10:39', '0000-00-00 00:00:00'),
(197, 'ZA', 'SOUTH AFRICA', 'South Africa', 'ZAF', 710, '+27', '2019-11-28 13:10:39', '2019-11-28 13:10:39', '0000-00-00 00:00:00'),
(198, 'GS', 'SOUTH GEORGIA AND THE SOUTH SANDWICH ISLANDS', 'South Georgia and the South Sandwich Islands', NULL, NULL, '0', '2019-11-28 13:10:39', '2019-11-28 13:10:39', '0000-00-00 00:00:00'),
(199, 'ES', 'SPAIN', 'Spain', 'ESP', 724, '+34', '2019-11-28 13:10:39', '2019-11-28 13:10:39', '0000-00-00 00:00:00'),
(200, 'LK', 'SRI LANKA', 'Sri Lanka', 'LKA', 144, '+94', '2019-11-28 13:10:39', '2019-11-28 13:10:39', '0000-00-00 00:00:00'),
(201, 'SD', 'SUDAN', 'Sudan', 'SDN', 736, '+249', '2019-11-28 13:10:39', '2019-11-28 13:10:39', '0000-00-00 00:00:00'),
(202, 'SR', 'SURINAME', 'Suriname', 'SUR', 740, '+597', '2019-11-28 13:10:39', '2019-11-28 13:10:39', '0000-00-00 00:00:00'),
(203, 'SJ', 'SVALBARD AND JAN MAYEN', 'Svalbard and Jan Mayen', 'SJM', 744, '+47', '2019-11-28 13:10:39', '2019-11-28 13:10:39', '0000-00-00 00:00:00'),
(204, 'SZ', 'SWAZILAND', 'Swaziland', 'SWZ', 748, '+268', '2019-11-28 13:10:39', '2019-11-28 13:10:39', '0000-00-00 00:00:00'),
(205, 'SE', 'SWEDEN', 'Sweden', 'SWE', 752, '+46', '2019-11-28 13:10:39', '2019-11-28 13:10:39', '0000-00-00 00:00:00'),
(206, 'CH', 'SWITZERLAND', 'Switzerland', 'CHE', 756, '+41', '2019-11-28 13:10:39', '2019-11-28 13:10:39', '0000-00-00 00:00:00'),
(207, 'SY', 'SYRIAN ARAB REPUBLIC', 'Syrian Arab Republic', 'SYR', 760, '+963', '2019-11-28 13:10:39', '2019-11-28 13:10:39', '0000-00-00 00:00:00'),
(208, 'TW', 'TAIWAN, PROVINCE OF CHINA', 'Taiwan, Province of China', 'TWN', 158, '+886', '2019-11-28 13:10:39', '2019-11-28 13:10:39', '0000-00-00 00:00:00'),
(209, 'TJ', 'TAJIKISTAN', 'Tajikistan', 'TJK', 762, '+992', '2019-11-28 13:10:39', '2019-11-28 13:10:39', '0000-00-00 00:00:00'),
(210, 'TZ', 'TANZANIA, UNITED REPUBLIC OF', 'Tanzania, United Republic of', 'TZA', 834, '+255', '2019-11-28 13:10:39', '2019-11-28 13:10:39', '0000-00-00 00:00:00'),
(211, 'TH', 'THAILAND', 'Thailand', 'THA', 764, '+66', '2019-11-28 13:10:39', '2019-11-28 13:10:39', '0000-00-00 00:00:00'),
(212, 'TL', 'TIMOR-LESTE', 'Timor-Leste', NULL, NULL, '+670', '2019-11-28 13:10:39', '2019-11-28 13:10:39', '0000-00-00 00:00:00'),
(213, 'TG', 'TOGO', 'Togo', 'TGO', 768, '+228', '2019-11-28 13:10:39', '2019-11-28 13:10:39', '0000-00-00 00:00:00'),
(214, 'TK', 'TOKELAU', 'Tokelau', 'TKL', 772, '+690', '2019-11-28 13:10:39', '2019-11-28 13:10:39', '0000-00-00 00:00:00'),
(215, 'TO', 'TONGA', 'Tonga', 'TON', 776, '+676', '2019-11-28 13:10:39', '2019-11-28 13:10:39', '0000-00-00 00:00:00'),
(216, 'TT', 'TRINIDAD AND TOBAGO', 'Trinidad and Tobago', 'TTO', 780, '+1868', '2019-11-28 13:10:39', '2019-11-28 13:10:39', '0000-00-00 00:00:00'),
(217, 'TN', 'TUNISIA', 'Tunisia', 'TUN', 788, '+216', '2019-11-28 13:10:39', '2019-11-28 13:10:39', '0000-00-00 00:00:00'),
(218, 'TR', 'TURKEY', 'Turkey', 'TUR', 792, '+90', '2019-11-28 13:10:39', '2019-11-28 13:10:39', '0000-00-00 00:00:00'),
(219, 'TM', 'TURKMENISTAN', 'Turkmenistan', 'TKM', 795, '+7370', '2019-11-28 13:10:39', '2019-11-28 13:10:39', '0000-00-00 00:00:00'),
(220, 'TC', 'TURKS AND CAICOS ISLANDS', 'Turks and Caicos Islands', 'TCA', 796, '+1649', '2019-11-28 13:10:39', '2019-11-28 13:10:39', '0000-00-00 00:00:00'),
(221, 'TV', 'TUVALU', 'Tuvalu', 'TUV', 798, '+688', '2019-11-28 13:10:39', '2019-11-28 13:10:39', '0000-00-00 00:00:00'),
(222, 'UG', 'UGANDA', 'Uganda', 'UGA', 800, '+256', '2019-11-28 13:10:39', '2019-11-28 13:10:39', '0000-00-00 00:00:00'),
(223, 'UA', 'UKRAINE', 'Ukraine', 'UKR', 804, '+380', '2019-11-28 13:10:39', '2019-11-28 13:10:39', '0000-00-00 00:00:00'),
(224, 'AE', 'UNITED ARAB EMIRATES', 'United Arab Emirates', 'ARE', 784, '+971', '2019-11-28 13:10:39', '2019-11-28 13:10:39', '0000-00-00 00:00:00'),
(225, 'GB', 'UNITED KINGDOM', 'United Kingdom', 'GBR', 826, '+44', '2019-11-28 13:10:39', '2019-11-28 13:10:39', '0000-00-00 00:00:00'),
(226, 'US', 'UNITED STATES', 'United States', 'USA', 840, '+1', '2019-11-28 13:10:39', '2019-11-28 13:10:39', '0000-00-00 00:00:00'),
(227, 'UM', 'UNITED STATES MINOR OUTLYING ISLANDS', 'United States Minor Outlying Islands', NULL, NULL, '+1', '2019-11-28 13:10:39', '2019-11-28 13:10:39', '0000-00-00 00:00:00'),
(228, 'UY', 'URUGUAY', 'Uruguay', 'URY', 858, '+598', '2019-11-28 13:10:39', '2019-11-28 13:10:39', '0000-00-00 00:00:00'),
(229, 'UZ', 'UZBEKISTAN', 'Uzbekistan', 'UZB', 860, '+998', '2019-11-28 13:10:39', '2019-11-28 13:10:39', '0000-00-00 00:00:00'),
(230, 'VU', 'VANUATU', 'Vanuatu', 'VUT', 548, '+678', '2019-11-28 13:10:39', '2019-11-28 13:10:39', '0000-00-00 00:00:00'),
(231, 'VE', 'VENEZUELA', 'Venezuela', 'VEN', 862, '+58', '2019-11-28 13:10:39', '2019-11-28 13:10:39', '0000-00-00 00:00:00'),
(232, 'VN', 'VIET NAM', 'Viet Nam', 'VNM', 704, '+84', '2019-11-28 13:10:39', '2019-11-28 13:10:39', '0000-00-00 00:00:00'),
(233, 'VG', 'VIRGIN ISLANDS, BRITISH', 'Virgin Islands, British', 'VGB', 92, '+1284', '2019-11-28 13:10:39', '2019-11-28 13:10:39', '0000-00-00 00:00:00'),
(234, 'VI', 'VIRGIN ISLANDS, U.S.', 'Virgin Islands, U.s.', 'VIR', 850, '+1340', '2019-11-28 13:10:39', '2019-11-28 13:10:39', '0000-00-00 00:00:00'),
(235, 'WF', 'WALLIS AND FUTUNA', 'Wallis and Futuna', 'WLF', 876, '+681', '2019-11-28 13:10:39', '2019-11-28 13:10:39', '0000-00-00 00:00:00'),
(236, 'EH', 'WESTERN SAHARA', 'Western Sahara', 'ESH', 732, '+212', '2019-11-28 13:10:39', '2019-11-28 13:10:39', '0000-00-00 00:00:00'),
(237, 'YE', 'YEMEN', 'Yemen', 'YEM', 887, '+967', '2019-11-28 13:10:39', '2019-11-28 13:10:39', '0000-00-00 00:00:00'),
(238, 'ZM', 'ZAMBIA', 'Zambia', 'ZMB', 894, '+260', '2019-11-28 13:10:39', '2019-11-28 13:10:39', '0000-00-00 00:00:00'),
(239, 'ZW', 'ZIMBABWE', 'Zimbabwe', 'ZWE', 716, '+263', '2019-11-28 13:10:39', '2019-11-28 13:10:39', '0000-00-00 00:00:00');

-- --------------------------------------------------------

--
-- Table structure for table `currencies`
--

CREATE TABLE `currencies` (
  `id` bigint(20) UNSIGNED NOT NULL,
  `name` varchar(255) COLLATE utf8mb4_unicode_ci DEFAULT NULL,
  `symbol` varchar(255) COLLATE utf8mb4_unicode_ci DEFAULT NULL,
  `code` varchar(255) COLLATE utf8mb4_unicode_ci DEFAULT NULL,
  `is_cripto` tinyint(1) NOT NULL DEFAULT '0',
  `is_crypto` tinyint(1) NOT NULL DEFAULT '0',
  `thumb` varchar(191) COLLATE utf8mb4_unicode_ci DEFAULT NULL,
  `created_at` timestamp NULL DEFAULT NULL,
  `updated_at` timestamp NULL DEFAULT NULL
) ENGINE=InnoDB DEFAULT CHARSET=utf8mb4 COLLATE=utf8mb4_unicode_ci;

--
-- Dumping data for table `currencies`
--

INSERT INTO `currencies` (`id`, `name`, `symbol`, `code`, `is_cripto`, `is_crypto`, `thumb`, `created_at`, `updated_at`) VALUES
(1, 'Us Dollar', '$', 'USD', 0, 0, 'https://lokzopay.xyz/storage/imgs/f69GErxULTk3nt5HHoN79nvdTm0CddNRrGnilcMh.png', '2018-07-01 15:13:00', '2021-09-20 23:13:08'),
(2, 'Euro', '€', 'EUR', 0, 0, 'https://lokzopay.xyz/storage/imgs/EZDsxlnOJHLvxz8RUpisRRAM5FSNoPF5rLeKMSba.png', '2018-07-01 15:12:00', '2021-09-20 23:14:07'),
(4, 'Brasilian Reais', '‎R$', 'BRL', 0, 0, 'https://lokzopay.xyz/storage/imgs/o1E5aGJDegrvGXeJ0RTfdVYiY808EEkVC1I8oNCs.png', '2018-07-01 15:13:00', '2021-09-20 23:13:32'),
(6, 'Bitcoin', '(BTC)', 'BTC', 1, 1, 'https://lokzopay.xyz/storage/imgs/CTXmYggWokuENBQTb9dljg7AVS1SJAS7n41F8aKN.png', '2018-07-03 23:20:00', '2021-09-20 11:34:52'),
(7, 'Ethereum', '( ETH )', 'ETH', 1, 1, 'https://lokzopay.xyz/storage/imgs/bT3av9yzOnpzx1M5Y60mQ7XFlG7FF6v5qIcz9sWu.png', '2018-07-05 17:02:00', '2021-09-20 12:27:12'),
(10, 'Nigerian Naira', '₦', 'NGN', 0, 0, 'https://lokzopay.xyz/storage/imgs/bCF0aegWO0FFy9HYdtlLw87zlEnKeAxNFwScaiXU.png', '2019-08-30 14:13:00', '2021-09-20 23:14:22'),
(11, 'Kenyan shilling', 'KSh', 'KES', 0, 0, 'https://lokzopay.xyz/storage/imgs/BNAo92aOJ9E5yqP6xLwB8oWXrYi0xTmHPrShfQjG.png', '2020-12-02 19:12:00', '2021-09-20 23:08:11'),
(12, 'ShibaInu', 'SHIB', 'SHIB', 1, 1, 'https://lokzopay.xyz/storage/imgs/mpCURStb3MsADGxb86G5J9moNXzx25OY0EEG7U5R.png', '2021-09-20 12:45:00', '2021-09-20 12:47:37'),
(13, 'USDT', '$', 'USDT', 0, 0, 'https://static.crypto.com/token/icons/tether/color_icon.png', '2023-02-18 13:17:46', '2023-02-18 13:18:38'),
(14, 'Indian Rupee', 'INR', 'INR', 0, 0, 'https://upload.wikimedia.org/wikipedia/commons/thumb/e/ee/Indian_Rupee_symbol.svg/1200px-Indian_Rupee_symbol.svg.png', '2023-02-18 13:24:56', '2023-03-03 21:13:02'),
(15, 'Bangladeshi Taka', 'BDT', 'BDT', 0, 0, 'https://phpwallet.codesviral.com//storage/users/default.png', '2023-02-18 13:27:46', '2023-02-18 13:27:46');

-- --------------------------------------------------------

--
-- Table structure for table `currency_deposit_methods`
--

CREATE TABLE `currency_deposit_methods` (
  `id` bigint(20) UNSIGNED NOT NULL,
  `currency_id` bigint(20) UNSIGNED DEFAULT NULL,
  `deposit_method_id` bigint(20) UNSIGNED NOT NULL,
  `created_at` timestamp NULL DEFAULT NULL,
  `updated_at` timestamp NULL DEFAULT NULL
) ENGINE=InnoDB DEFAULT CHARSET=utf8mb4 COLLATE=utf8mb4_unicode_ci;

--
-- Dumping data for table `currency_deposit_methods`
--

INSERT INTO `currency_deposit_methods` (`id`, `currency_id`, `deposit_method_id`, `created_at`, `updated_at`) VALUES
(1, 6, 1, '2020-11-26 09:33:05', '2020-11-26 09:33:05'),
(2, 1, 2, '2020-11-26 09:37:00', '2020-11-26 11:40:06'),
(3, 4, 3, '2020-12-01 19:51:50', '2020-12-01 19:51:50'),
(4, 2, 4, '2020-12-01 19:52:32', '2020-12-01 19:52:32'),
(5, 10, 5, '2020-12-01 19:52:47', '2020-12-01 19:52:47'),
(6, 7, 6, '2020-12-01 19:52:58', '2020-12-01 19:52:58');

-- --------------------------------------------------------

--
-- Table structure for table `currency_exchange_rates`
--

CREATE TABLE `currency_exchange_rates` (
  `id` bigint(20) UNSIGNED NOT NULL,
  `first_currency_id` bigint(20) UNSIGNED NOT NULL,
  `second_currency_id` bigint(20) UNSIGNED NOT NULL,
  `exchanges_to_second_currency_value` decimal(13,5) DEFAULT NULL,
  `created_at` timestamp NULL DEFAULT NULL,
  `updated_at` timestamp NULL DEFAULT NULL
) ENGINE=InnoDB DEFAULT CHARSET=utf8mb4 COLLATE=utf8mb4_unicode_ci;

--
-- Dumping data for table `currency_exchange_rates`
--

INSERT INTO `currency_exchange_rates` (`id`, `first_currency_id`, `second_currency_id`, `exchanges_to_second_currency_value`, `created_at`, `updated_at`) VALUES
(6, 6, 1, '10636.90000', '2018-07-14 21:52:22', '2020-09-27 13:19:16'),
(7, 1, 6, '0.00000', '2018-07-14 21:54:09', '2020-09-27 13:15:32'),
(8, 4, 7, '0.00000', '2020-03-17 21:55:47', '2020-09-27 13:17:41'),
(9, 4, 6, '0.00000', '2020-03-17 21:56:50', '2020-09-27 13:17:28'),
(10, 4, 10, '68.42000', '2020-03-18 12:53:08', '2020-09-27 13:17:57'),
(11, 4, 1, '0.18000', '2020-03-18 12:53:27', '2020-09-27 13:17:04'),
(12, 4, 2, '0.15000', '2020-03-18 12:53:35', '2020-09-27 13:17:15'),
(13, 7, 1, '351.51000', '2020-03-18 14:15:58', '2020-09-27 13:20:05'),
(15, 10, 2, '0.00000', '2020-09-27 13:11:50', '2020-09-27 13:23:02'),
(16, 10, 4, '0.01000', '2020-09-27 13:11:55', '2020-09-27 13:23:20'),
(17, 10, 6, '0.00000', '2020-09-27 13:11:58', '2020-09-27 13:23:59'),
(18, 10, 7, '0.00000', '2020-09-27 13:12:02', '2020-09-27 13:24:19'),
(19, 1, 2, '0.86000', '2020-09-27 13:12:29', '2020-09-27 13:14:19'),
(20, 1, 4, '5.56000', '2020-09-27 13:12:34', '2020-09-27 13:15:16'),
(21, 1, 7, '0.00000', '2020-09-27 13:12:37', '2020-09-27 13:15:50'),
(23, 6, 2, '9144.91000', '2020-09-27 13:12:51', '2020-09-27 13:19:02'),
(24, 6, 4, '59155.52000', '2020-09-27 13:12:55', '2020-09-27 13:18:49'),
(25, 6, 7, '30.27000', '2020-09-27 13:12:58', '2020-09-27 13:18:31'),
(26, 6, 10, '4047340.45000', '2020-09-27 13:13:02', '2020-09-27 13:18:19'),
(27, 7, 6, '0.03000', '2020-09-27 13:20:18', '2020-09-27 13:20:18'),
(28, 7, 2, '301.65000', '2020-09-27 13:20:32', '2020-09-27 13:20:32'),
(29, 7, 4, '1951.31000', '2020-09-27 13:20:53', '2020-09-27 13:20:53'),
(30, 7, 10, '133506.04000', '2020-09-27 13:21:13', '2020-09-27 13:21:13'),
(32, 1, 2, '0.95000', '2023-01-23 17:12:43', '2023-01-23 17:12:43'),
(33, 2, 1, '1.05000', '2023-01-23 17:13:54', '2023-02-18 12:33:14'),
(35, 1, 10, '760.00000', '2023-02-12 22:01:45', '2023-02-25 00:57:16'),
(36, 6, 1, '2345456.00000', '2023-02-14 14:59:08', '2023-02-14 14:59:08'),
(38, 10, 7, '45376.00000', '2023-02-14 15:03:12', '2023-02-14 15:03:12'),
(39, 10, 1, '0.00131', '2023-02-18 16:58:05', '2023-02-18 17:09:20'),
(41, 1, 2, '5.60000', '2023-03-04 21:55:50', '2023-03-04 21:55:50');

-- --------------------------------------------------------

--
-- Table structure for table `currency_withdrawal_methods`
--

CREATE TABLE `currency_withdrawal_methods` (
  `id` bigint(20) UNSIGNED NOT NULL,
  `currency_id` bigint(20) UNSIGNED NOT NULL,
  `withdrawal_method_id` bigint(20) UNSIGNED NOT NULL,
  `created_at` timestamp NULL DEFAULT NULL,
  `updated_at` timestamp NULL DEFAULT NULL
) ENGINE=InnoDB DEFAULT CHARSET=utf8mb4 COLLATE=utf8mb4_unicode_ci;

--
-- Dumping data for table `currency_withdrawal_methods`
--

INSERT INTO `currency_withdrawal_methods` (`id`, `currency_id`, `withdrawal_method_id`, `created_at`, `updated_at`) VALUES
(1, 6, 1, '2020-10-22 13:37:58', '2020-10-22 13:37:58'),
(2, 7, 2, '2020-12-01 20:22:21', '2020-12-01 20:22:21'),
(4, 4, 4, '2020-12-01 20:32:21', '2020-12-01 20:32:21'),
(5, 10, 5, '2020-12-01 20:32:32', '2020-12-01 20:32:32'),
(6, 2, 6, '2020-12-01 20:32:43', '2020-12-01 20:32:43'),
(7, 11, 7, '2020-12-02 19:42:03', '2020-12-02 19:42:03'),
(8, 1, 3, '2021-04-07 11:51:26', '2021-04-07 11:51:26');

-- --------------------------------------------------------

--
-- Table structure for table `customers_details`
--

CREATE TABLE `customers_details` (
  `id` int(11) NOT NULL,
  `user_id` bigint(20) DEFAULT NULL,
  `bvn` text,
  `id_type_number` text,
  `full_name` text,
  `residential_address` text,
  `account_number` text,
  `bank_name` text CHARACTER SET utf8,
  `selfie_passport` text,
  `contact` text,
  `home_address` text,
  `created_at` timestamp NOT NULL DEFAULT CURRENT_TIMESTAMP,
  `updated_at` timestamp NOT NULL DEFAULT CURRENT_TIMESTAMP ON UPDATE CURRENT_TIMESTAMP
) ENGINE=InnoDB DEFAULT CHARSET=latin1;

--
-- Dumping data for table `customers_details`
--

INSERT INTO `customers_details` (`id`, `user_id`, `bvn`, `id_type_number`, `full_name`, `residential_address`, `account_number`, `bank_name`, `selfie_passport`, `contact`, `home_address`, `created_at`, `updated_at`) VALUES
(1, 352, '221728967356', '34543543', 'Muhammad Abid Khan', 'House# 43 B Block Houseing2 Layyah Punjab Pakistan', '2084518965', 'fsafdsafsadf', '1670103013_selfie_passport.jpeg', '03049556521', 'House# 43 B Block Houseing2 Layyah Punjab Pakistan', '2022-12-03 04:57:02', '2022-12-04 12:21:09');

-- --------------------------------------------------------

--
-- Table structure for table `data_rows`
--

CREATE TABLE `data_rows` (
  `id` int(10) UNSIGNED NOT NULL,
  `data_type_id` int(10) UNSIGNED NOT NULL,
  `field` varchar(255) COLLATE utf8mb4_unicode_ci NOT NULL,
  `type` varchar(255) COLLATE utf8mb4_unicode_ci NOT NULL,
  `display_name` varchar(255) COLLATE utf8mb4_unicode_ci NOT NULL,
  `required` tinyint(1) NOT NULL DEFAULT '0',
  `browse` tinyint(1) NOT NULL DEFAULT '1',
  `read` tinyint(1) NOT NULL DEFAULT '1',
  `edit` tinyint(1) NOT NULL DEFAULT '1',
  `add` tinyint(1) NOT NULL DEFAULT '1',
  `delete` tinyint(1) NOT NULL DEFAULT '1',
  `details` text COLLATE utf8mb4_unicode_ci,
  `order` int(11) NOT NULL DEFAULT '1'
) ENGINE=InnoDB DEFAULT CHARSET=utf8mb4 COLLATE=utf8mb4_unicode_ci;

--
-- Dumping data for table `data_rows`
--

INSERT INTO `data_rows` (`id`, `data_type_id`, `field`, `type`, `display_name`, `required`, `browse`, `read`, `edit`, `add`, `delete`, `details`, `order`) VALUES
(1, 1, 'id', 'number', 'ID', 1, 0, 0, 0, 0, 0, NULL, 1),
(2, 1, 'name', 'text', 'Name', 1, 1, 1, 1, 1, 1, NULL, 2),
(3, 1, 'email', 'text', 'Email', 1, 1, 1, 1, 1, 1, NULL, 3),
(4, 1, 'password', 'password', 'Password', 0, 0, 0, 1, 1, 0, NULL, 4),
(5, 1, 'remember_token', 'text', 'Remember Token', 0, 0, 0, 0, 0, 0, NULL, 5),
(6, 1, 'created_at', 'timestamp', 'Created At', 0, 1, 1, 0, 0, 0, NULL, 6),
(7, 1, 'updated_at', 'timestamp', 'Updated At', 0, 0, 0, 0, 0, 0, NULL, 7),
(8, 1, 'avatar', 'image', 'Avatar', 1, 1, 1, 1, 1, 1, NULL, 8),
(9, 1, 'user_belongsto_role_relationship', 'relationship', 'Role', 0, 1, 1, 1, 1, 0, '{\"model\":\"TCG\\\\Voyager\\\\Models\\\\Role\",\"table\":\"roles\",\"type\":\"belongsTo\",\"column\":\"role_id\",\"key\":\"id\",\"label\":\"display_name\",\"pivot_table\":\"roles\",\"pivot\":\"0\",\"taggable\":\"0\"}', 10),
(10, 1, 'user_belongstomany_role_relationship', 'relationship', 'Roles', 0, 1, 1, 1, 1, 0, '{\"model\":\"TCG\\\\Voyager\\\\Models\\\\Role\",\"table\":\"roles\",\"type\":\"belongsToMany\",\"column\":\"id\",\"key\":\"id\",\"label\":\"display_name\",\"pivot_table\":\"user_roles\",\"pivot\":\"1\",\"taggable\":\"0\"}', 11),
(11, 1, 'settings', 'hidden', 'Settings', 0, 0, 0, 0, 0, 0, NULL, 12),
(12, 2, 'id', 'number', 'ID', 1, 0, 0, 0, 0, 0, NULL, 1),
(13, 2, 'name', 'text', 'Name', 1, 1, 1, 1, 1, 1, NULL, 2),
(14, 2, 'created_at', 'timestamp', 'Created At', 0, 0, 0, 0, 0, 0, NULL, 3),
(15, 2, 'updated_at', 'timestamp', 'Updated At', 0, 0, 0, 0, 0, 0, NULL, 4),
(16, 3, 'id', 'number', 'ID', 1, 0, 0, 0, 0, 0, NULL, 1),
(17, 3, 'name', 'text', 'Name', 1, 1, 1, 1, 1, 1, NULL, 2),
(18, 3, 'created_at', 'timestamp', 'Created At', 0, 0, 0, 0, 0, 0, NULL, 3),
(19, 3, 'updated_at', 'timestamp', 'Updated At', 0, 0, 0, 0, 0, 0, NULL, 4),
(20, 3, 'display_name', 'text', 'Display Name', 1, 1, 1, 1, 1, 1, NULL, 5),
(21, 1, 'role_id', 'text', 'Role', 0, 1, 1, 1, 1, 1, NULL, 9),
(29, 5, 'id', 'number', 'ID', 1, 0, 0, 0, 0, 0, NULL, 1),
(30, 5, 'author_id', 'text', 'Author', 1, 0, 1, 1, 0, 1, NULL, 2),
(31, 5, 'category_id', 'text', 'Category', 1, 0, 1, 1, 1, 0, NULL, 3),
(32, 5, 'title', 'text', 'Title', 1, 1, 1, 1, 1, 1, NULL, 4),
(33, 5, 'excerpt', 'text_area', 'Excerpt', 1, 0, 1, 1, 1, 1, NULL, 5),
(34, 5, 'body', 'rich_text_box', 'Body', 1, 0, 1, 1, 1, 1, NULL, 6),
(35, 5, 'image', 'image', 'Post Image', 0, 1, 1, 1, 1, 1, '{\"resize\":{\"width\":\"1000\",\"height\":\"null\"},\"quality\":\"70%\",\"upsize\":true,\"thumbnails\":[{\"name\":\"medium\",\"scale\":\"50%\"},{\"name\":\"small\",\"scale\":\"25%\"},{\"name\":\"cropped\",\"crop\":{\"width\":\"300\",\"height\":\"250\"}}]}', 7),
(36, 5, 'slug', 'text', 'Slug', 1, 0, 1, 1, 1, 1, '{\"slugify\":{\"origin\":\"title\",\"forceUpdate\":true},\"validation\":{\"rule\":\"unique:posts,slug\"}}', 8),
(37, 5, 'meta_description', 'text_area', 'Meta Description', 1, 0, 1, 1, 1, 1, NULL, 9),
(38, 5, 'meta_keywords', 'text_area', 'Meta Keywords', 1, 0, 1, 1, 1, 1, NULL, 10),
(39, 5, 'status', 'select_dropdown', 'Status', 1, 1, 1, 1, 1, 1, '{\"default\":\"DRAFT\",\"options\":{\"PUBLISHED\":\"published\",\"DRAFT\":\"draft\",\"PENDING\":\"pending\"}}', 11),
(40, 5, 'created_at', 'timestamp', 'Created At', 0, 1, 1, 0, 0, 0, NULL, 12),
(41, 5, 'updated_at', 'timestamp', 'Updated At', 0, 0, 0, 0, 0, 0, NULL, 13),
(42, 5, 'seo_title', 'text', 'SEO Title', 0, 1, 1, 1, 1, 1, NULL, 14),
(43, 5, 'featured', 'checkbox', 'Featured', 1, 1, 1, 1, 1, 1, NULL, 15),
(44, 6, 'id', 'number', 'ID', 1, 0, 0, 0, 0, 0, NULL, 1),
(45, 6, 'author_id', 'text', 'Author', 1, 0, 0, 0, 0, 0, NULL, 2),
(46, 6, 'title', 'text', 'Title', 1, 1, 1, 1, 1, 1, NULL, 3),
(47, 6, 'excerpt', 'text_area', 'Excerpt', 1, 0, 1, 1, 1, 1, NULL, 4),
(48, 6, 'body', 'rich_text_box', 'Body', 1, 0, 1, 1, 1, 1, NULL, 5),
(49, 6, 'slug', 'text', 'Slug', 1, 0, 1, 1, 1, 1, '{\"slugify\":{\"origin\":\"title\"},\"validation\":{\"rule\":\"unique:pages,slug\"}}', 6),
(50, 6, 'meta_description', 'text', 'Meta Description', 1, 0, 1, 1, 1, 1, NULL, 7),
(51, 6, 'meta_keywords', 'text', 'Meta Keywords', 1, 0, 1, 1, 1, 1, NULL, 8),
(52, 6, 'status', 'select_dropdown', 'Status', 1, 1, 1, 1, 1, 1, '{\"default\":\"INACTIVE\",\"options\":{\"INACTIVE\":\"INACTIVE\",\"ACTIVE\":\"ACTIVE\"}}', 9),
(53, 6, 'created_at', 'timestamp', 'Created At', 1, 1, 1, 0, 0, 0, NULL, 10),
(54, 6, 'updated_at', 'timestamp', 'Updated At', 1, 0, 0, 0, 0, 0, NULL, 11),
(55, 6, 'image', 'image', 'Page Image', 0, 1, 1, 1, 1, 1, NULL, 12),
(56, 7, 'id', 'text', 'Id', 1, 0, 0, 0, 0, 0, NULL, 1),
(57, 7, 'user_id', 'text', 'User Id', 1, 1, 1, 0, 0, 0, NULL, 2),
(58, 7, 'to', 'text', 'To', 1, 1, 1, 0, 0, 0, NULL, 3),
(59, 7, 'gross', 'text', 'Gross', 0, 1, 1, 0, 0, 0, NULL, 5),
(60, 7, 'description', 'text', 'Description', 0, 1, 1, 0, 0, 0, NULL, 6),
(61, 7, 'json_data', 'text', 'Json Data', 0, 1, 1, 0, 0, 0, NULL, 7),
(62, 7, 'currency_id', 'text', 'Currency Id', 1, 1, 1, 0, 0, 0, NULL, 4),
(63, 7, 'currency_symbol', 'text', 'Currency Symbol', 0, 1, 1, 0, 0, 0, NULL, 8),
(64, 7, 'escrow_transaction_status', 'text', 'Escrow Transaction Status', 0, 1, 1, 1, 0, 0, NULL, 9),
(65, 7, 'agreement', 'text', 'Agreement', 1, 1, 1, 0, 0, 0, NULL, 10),
(66, 7, 'created_at', 'timestamp', 'Created At', 0, 1, 1, 0, 0, 0, NULL, 11),
(67, 7, 'updated_at', 'timestamp', 'Updated At', 0, 0, 0, 0, 0, 0, NULL, 12),
(68, 7, 'deleted_at', 'timestamp', 'Deleted At', 0, 1, 1, 0, 0, 0, NULL, 13),
(69, 8, 'id', 'text', 'Id', 1, 0, 0, 0, 0, 0, NULL, 1),
(70, 8, 'user_id', 'text', 'User Id', 1, 1, 1, 0, 0, 0, NULL, 2),
(71, 8, 'voucher_code', 'text', 'Voucher Code', 1, 1, 1, 0, 0, 0, NULL, 5),
(72, 8, 'json_data', 'text', 'Json Data', 0, 1, 1, 0, 0, 0, NULL, 6),
(73, 8, 'currency_id', 'text', 'Currency Id', 1, 1, 1, 0, 0, 0, NULL, 3),
(74, 8, 'currency_symbol', 'text', 'Currency Symbol', 0, 1, 1, 0, 0, 0, NULL, 7),
(75, 8, 'user_loader', 'text', 'User Loader', 0, 1, 1, 0, 0, 0, NULL, 8),
(76, 8, 'is_loaded', 'text', 'Is Loaded', 1, 1, 1, 0, 0, 0, NULL, 9),
(77, 8, 'voucher_fee', 'text', 'Voucher Fee', 0, 1, 1, 0, 0, 0, NULL, 10),
(78, 8, 'voucher_value', 'text', 'Voucher Value', 0, 1, 1, 0, 0, 0, NULL, 11),
(79, 8, 'voucher_amount', 'text', 'Voucher Amount', 1, 1, 1, 0, 0, 0, NULL, 12),
(80, 8, 'wallet_id', 'text', 'Wallet Id', 1, 1, 1, 0, 0, 0, NULL, 4),
(81, 8, 'created_at', 'timestamp', 'Created At', 0, 1, 1, 0, 0, 0, NULL, 13),
(82, 8, 'updated_at', 'timestamp', 'Updated At', 0, 0, 0, 0, 0, 0, NULL, 14),
(83, 9, 'id', 'text', 'Id', 1, 0, 0, 0, 0, 0, NULL, 1),
(84, 9, 'user_id', 'text', 'User Id', 1, 1, 1, 1, 1, 1, NULL, 2),
(85, 9, 'merchant_key', 'text', 'Merchant Key', 1, 1, 1, 1, 1, 1, NULL, 4),
(86, 9, 'site_url', 'text', 'Site Url', 1, 1, 1, 1, 1, 1, NULL, 5),
(87, 9, 'success_link', 'text', 'Success Link', 1, 1, 1, 1, 1, 1, NULL, 6),
(88, 9, 'fail_link', 'text', 'Fail Link', 1, 1, 1, 1, 1, 1, NULL, 7),
(89, 9, 'logo', 'text', 'Logo', 0, 1, 1, 1, 1, 1, NULL, 8),
(90, 9, 'name', 'text', 'Name', 1, 1, 1, 1, 1, 1, NULL, 9),
(91, 9, 'description', 'text', 'Description', 0, 1, 1, 1, 1, 1, NULL, 10),
(92, 9, 'json_data', 'text', 'Json Data', 0, 1, 1, 1, 1, 1, NULL, 11),
(93, 9, 'currency_id', 'text', 'Currency Id', 1, 1, 1, 1, 1, 1, NULL, 3),
(94, 9, 'thumb', 'text', 'Thumb', 0, 1, 1, 1, 1, 1, NULL, 12),
(95, 9, 'created_at', 'timestamp', 'Created At', 0, 1, 1, 1, 0, 1, NULL, 13),
(96, 9, 'updated_at', 'timestamp', 'Updated At', 0, 0, 0, 0, 0, 0, NULL, 14),
(97, 9, 'merchant_belongsto_user_relationship', 'relationship', 'User', 0, 1, 1, 1, 1, 1, '{\"model\":\"App\\\\User\",\"table\":\"users\",\"type\":\"belongsTo\",\"column\":\"user_id\",\"key\":\"id\",\"label\":\"name\",\"pivot_table\":\"categories\",\"pivot\":\"0\",\"taggable\":\"0\"}', 15),
(98, 10, 'id', 'hidden', 'Id', 1, 1, 1, 1, 0, 0, NULL, 1),
(99, 10, 'user_id', 'hidden', 'User Id', 1, 1, 1, 1, 0, 0, NULL, 2),
(100, 10, 'transaction_state_id', 'hidden', 'Transaction State Id', 1, 0, 1, 1, 0, 0, NULL, 6),
(101, 10, 'withdrawal_method_id', 'hidden', 'Withdrawal Method Id', 1, 0, 0, 0, 0, 0, NULL, 3),
(102, 10, 'gross', 'text', 'Gross', 1, 1, 1, 0, 0, 0, NULL, 7),
(103, 10, 'fee', 'hidden', 'Fee', 1, 1, 1, 0, 0, 0, NULL, 8),
(104, 10, 'net', 'hidden', 'Net', 1, 1, 1, 0, 0, 0, NULL, 9),
(105, 10, 'platform_id', 'hidden', 'Platform Id', 1, 1, 1, 0, 0, 0, NULL, 10),
(106, 10, 'json_data', 'hidden', 'Json Data', 0, 0, 0, 0, 0, 0, NULL, 11),
(107, 10, 'currency_symbol', 'hidden', 'Currency Symbol', 0, 1, 1, 1, 1, 1, NULL, 12),
(108, 10, 'wallet_id', 'hidden', 'Wallet Id', 1, 1, 1, 1, 1, 1, NULL, 4),
(109, 10, 'send_to_platform_name', 'text', 'Send To Platform Name', 0, 1, 1, 0, 0, 0, NULL, 13),
(110, 10, 'currency_id', 'hidden', 'Currency Id', 1, 1, 1, 1, 1, 1, NULL, 5),
(111, 10, 'created_at', 'timestamp', 'Created At', 0, 1, 1, 0, 0, 0, NULL, 14),
(112, 10, 'updated_at', 'timestamp', 'Updated At', 0, 0, 0, 0, 0, 0, NULL, 15),
(113, 10, 'withdrawal_belongsto_user_relationship', 'relationship', 'users', 0, 1, 1, 1, 1, 1, '{\"model\":\"App\\\\User\",\"table\":\"users\",\"type\":\"belongsTo\",\"column\":\"user_id\",\"key\":\"id\",\"label\":\"name\",\"pivot_table\":\"categories\",\"pivot\":\"0\",\"taggable\":null}', 16),
(114, 10, 'withdrawal_belongsto_transaction_state_relationship', 'relationship', 'transaction_states', 0, 1, 1, 1, 1, 1, '{\"model\":\"App\\\\Models\\\\TransactionState\",\"table\":\"transaction_states\",\"type\":\"belongsTo\",\"column\":\"transaction_state_id\",\"key\":\"id\",\"label\":\"name\",\"pivot_table\":\"categories\",\"pivot\":\"0\",\"taggable\":null}', 17),
(115, 11, 'id', 'hidden', 'Id', 1, 1, 1, 1, 0, 0, NULL, 1),
(116, 11, 'user_id', 'hidden', 'User Id', 1, 1, 1, 1, 0, 0, NULL, 2),
(117, 11, 'transaction_state_id', 'hidden', 'Transaction State Id', 1, 0, 0, 1, 0, 0, NULL, 6),
(118, 11, 'deposit_method_id', 'hidden', 'Deposit Method Id', 1, 0, 0, 1, 0, 0, NULL, 3),
(119, 11, 'gross', 'text', 'Gross', 1, 1, 1, 1, 0, 0, NULL, 7),
(120, 11, 'fee', 'text', 'Fee', 1, 1, 1, 0, 0, 0, NULL, 8),
(121, 11, 'net', 'text', 'Net', 1, 1, 1, 0, 0, 0, NULL, 9),
(122, 11, 'transaction_receipt', 'image', 'Transaction Receipt', 0, 1, 1, 0, 0, 0, NULL, 10),
(123, 11, 'json_data', 'hidden', 'Json Data', 0, 0, 0, 0, 0, 0, NULL, 11),
(124, 11, 'currency_id', 'hidden', 'Currency Id', 1, 1, 1, 1, 1, 1, NULL, 4),
(125, 11, 'currency_symbol', 'hidden', 'Currency Symbol', 0, 1, 1, 1, 1, 1, NULL, 12),
(126, 11, 'wallet_id', 'hidden', 'Wallet Id', 1, 1, 1, 1, 1, 1, NULL, 5),
(127, 11, 'message', 'text', 'Message', 0, 1, 1, 1, 1, 1, NULL, 13),
(128, 11, 'created_at', 'timestamp', 'Created At', 0, 1, 1, 1, 0, 1, NULL, 14),
(129, 11, 'updated_at', 'timestamp', 'Updated At', 0, 0, 0, 0, 0, 0, NULL, 15),
(130, 11, 'deposit_belongsto_wallet_relationship', 'relationship', 'wallets', 0, 1, 1, 0, 1, 1, '{\"model\":\"App\\\\Models\\\\Wallet\",\"table\":\"wallets\",\"type\":\"belongsTo\",\"column\":\"wallet_id\",\"key\":\"id\",\"label\":\"currency_id\",\"pivot_table\":\"admin_stats\",\"pivot\":\"0\",\"taggable\":\"0\"}', 16),
(131, 11, 'deposit_belongsto_transaction_state_relationship', 'relationship', 'transaction_states', 0, 1, 1, 1, 1, 1, '{\"model\":\"App\\\\Models\\\\TransactionState\",\"table\":\"transaction_states\",\"type\":\"belongsTo\",\"column\":\"transaction_state_id\",\"key\":\"id\",\"label\":\"name\",\"pivot_table\":\"admin_stats\",\"pivot\":\"0\",\"taggable\":\"0\"}', 17),
(132, 12, 'id', 'text', 'Id', 1, 1, 1, 0, 0, 0, NULL, 1),
(133, 12, 'user_id', 'text', 'User Id', 1, 1, 1, 1, 1, 1, NULL, 4),
(134, 12, 'request_id', 'text', 'Request Id', 0, 1, 1, 1, 1, 1, NULL, 6),
(135, 12, 'transactionable_id', 'text', 'Transactionable Id', 1, 1, 1, 1, 1, 1, NULL, 7),
(136, 12, 'transactionable_type', 'text', 'Transactionable Type', 1, 1, 1, 1, 1, 1, NULL, 8),
(137, 12, 'entity_id', 'text', 'Entity Id', 1, 1, 1, 1, 1, 1, NULL, 9),
(138, 12, 'entity_name', 'text', 'Entity Name', 1, 1, 1, 1, 1, 1, NULL, 10),
(139, 12, 'transaction_state_id', 'text', 'Transaction State Id', 1, 1, 1, 1, 1, 1, NULL, 11),
(140, 12, 'currency', 'text', 'Currency', 1, 1, 1, 1, 1, 1, NULL, 12),
(141, 12, 'activity_title', 'text', 'Activity Title', 1, 1, 1, 1, 1, 1, NULL, 13),
(142, 12, 'money_flow', 'text', 'Money Flow', 1, 1, 1, 1, 1, 1, NULL, 14),
(143, 12, 'gross', 'text', 'Gross', 1, 1, 1, 1, 1, 1, NULL, 15),
(144, 12, 'fee', 'text', 'Fee', 1, 1, 1, 1, 1, 1, NULL, 16),
(145, 12, 'net', 'text', 'Net', 1, 1, 1, 1, 1, 1, NULL, 17),
(146, 12, 'balance', 'text', 'Balance', 0, 1, 1, 1, 1, 1, NULL, 18),
(147, 12, 'json_data', 'text', 'Json Data', 0, 1, 1, 1, 1, 1, NULL, 19),
(148, 12, 'currency_symbol', 'text', 'Currency Symbol', 0, 1, 1, 1, 1, 1, NULL, 20),
(149, 12, 'thumb', 'text', 'Thumb', 1, 1, 1, 1, 1, 1, NULL, 21),
(150, 12, 'currency_id', 'text', 'Currency Id', 1, 1, 1, 1, 1, 1, NULL, 5),
(151, 12, 'created_at', 'timestamp', 'Created At', 0, 1, 1, 1, 0, 1, NULL, 22),
(152, 12, 'updated_at', 'timestamp', 'Updated At', 0, 0, 0, 0, 0, 0, NULL, 23),
(153, 12, 'transactionable_belongsto_user_relationship', 'relationship', 'User', 0, 1, 1, 1, 1, 1, '{\"model\":\"App\\\\User\",\"table\":\"users\",\"type\":\"belongsTo\",\"column\":\"user_id\",\"key\":\"id\",\"label\":\"name\",\"pivot_table\":\"categories\",\"pivot\":\"0\",\"taggable\":\"0\"}', 2),
(154, 12, 'transactionable_belongsto_transaction_state_relationship', 'relationship', 'transaction_states', 0, 1, 1, 1, 1, 1, '{\"model\":\"App\\\\Models\\\\TransactionState\",\"table\":\"transaction_states\",\"type\":\"belongsTo\",\"column\":\"transaction_state_id\",\"key\":\"id\",\"label\":\"name\",\"pivot_table\":\"categories\",\"pivot\":\"0\",\"taggable\":\"0\"}', 3),
(155, 13, 'id', 'text', 'Id', 1, 1, 1, 1, 1, 0, NULL, 1),
(156, 13, 'name', 'text', 'Name', 1, 1, 1, 1, 1, 1, NULL, 2),
(157, 13, 'json_data', 'text', 'Json Data', 0, 1, 1, 1, 1, 1, NULL, 3),
(158, 13, 'created_at', 'timestamp', 'Created At', 0, 1, 1, 1, 0, 1, NULL, 4),
(159, 13, 'updated_at', 'timestamp', 'Updated At', 0, 0, 0, 0, 0, 0, NULL, 5),
(160, 14, 'id', 'text', 'Id', 1, 1, 1, 0, 0, 0, NULL, 1),
(161, 14, 'name', 'text', 'Name', 0, 1, 1, 1, 1, 1, NULL, 2),
(162, 14, 'symbol', 'text', 'Symbol', 0, 1, 1, 1, 1, 1, NULL, 3),
(163, 14, 'code', 'text', 'Code', 0, 1, 1, 1, 1, 1, NULL, 4),
(164, 14, 'is_cripto', 'text', 'Is Cripto', 1, 0, 0, 0, 0, 0, NULL, 5),
(165, 14, 'is_crypto', 'text', 'Is Crypto', 1, 1, 1, 1, 1, 1, NULL, 6),
(166, 14, 'thumb', 'text', 'Thumb', 0, 1, 1, 1, 1, 1, NULL, 7),
(167, 14, 'created_at', 'timestamp', 'Created At', 0, 1, 1, 1, 0, 1, NULL, 8),
(168, 14, 'updated_at', 'timestamp', 'Updated At', 0, 0, 0, 0, 0, 0, NULL, 9),
(169, 15, 'id', 'text', 'Id', 1, 0, 0, 0, 0, 0, NULL, 1),
(170, 15, 'first_currency_id', 'text', 'First Currency Id', 1, 1, 1, 1, 1, 1, NULL, 4),
(171, 15, 'second_currency_id', 'text', 'Second Currency Id', 1, 1, 1, 1, 1, 1, NULL, 5),
(172, 15, 'exchanges_to_second_currency_value', 'text', 'Exchanges To Second Currency Value', 0, 1, 1, 1, 1, 1, NULL, 6),
(173, 15, 'created_at', 'timestamp', 'Created At', 0, 1, 1, 1, 0, 1, NULL, 7),
(174, 15, 'updated_at', 'timestamp', 'Updated At', 0, 0, 0, 0, 0, 0, NULL, 8),
(175, 15, 'currency_exchange_rate_belongsto_currency_relationship', 'relationship', 'First Currency', 0, 1, 1, 1, 1, 1, '{\"model\":\"App\\\\Models\\\\Currency\",\"table\":\"currencies\",\"type\":\"belongsTo\",\"column\":\"first_currency_id\",\"key\":\"id\",\"label\":\"name\",\"pivot_table\":\"categories\",\"pivot\":\"0\",\"taggable\":\"0\"}', 2),
(176, 15, 'currency_exchange_rate_belongsto_currency_relationship_1', 'relationship', 'Second Currency', 0, 1, 1, 1, 1, 1, '{\"model\":\"App\\\\Models\\\\Currency\",\"table\":\"currencies\",\"type\":\"belongsTo\",\"column\":\"second_currency_id\",\"key\":\"id\",\"label\":\"name\",\"pivot_table\":\"categories\",\"pivot\":\"0\",\"taggable\":\"0\"}', 3),
(177, 16, 'id', 'text', 'Id', 1, 0, 0, 0, 0, 0, NULL, 1),
(178, 16, 'name', 'text', 'Name', 0, 1, 1, 1, 1, 1, NULL, 2),
(179, 16, 'created_at', 'timestamp', 'Created At', 0, 1, 1, 1, 0, 1, NULL, 3),
(180, 16, 'updated_at', 'timestamp', 'Updated At', 0, 0, 0, 0, 0, 0, NULL, 4),
(181, 17, 'id', 'text', 'Id', 1, 1, 1, 0, 0, 0, NULL, 1),
(182, 17, 'code', 'text', 'Code', 1, 1, 1, 1, 1, 1, NULL, 2),
(183, 17, 'name', 'text', 'Name', 1, 1, 1, 1, 1, 1, NULL, 3),
(184, 17, 'nicename', 'text', 'Nicename', 1, 1, 1, 1, 1, 1, NULL, 4),
(185, 17, 'iso3', 'text', 'Iso3', 0, 1, 1, 1, 1, 1, NULL, 5),
(186, 17, 'numcode', 'text', 'Numcode', 0, 1, 1, 1, 1, 1, NULL, 6),
(187, 17, 'prefix', 'text', 'Prefix', 1, 1, 1, 1, 1, 1, NULL, 7),
(188, 17, 'created_at', 'timestamp', 'Created At', 0, 1, 1, 1, 0, 1, NULL, 8),
(189, 17, 'updated_at', 'timestamp', 'Updated At', 0, 0, 0, 0, 0, 0, NULL, 9),
(190, 17, 'deleted_at', 'timestamp', 'Deleted At', 0, 1, 1, 0, 0, 0, NULL, 10),
(191, 18, 'id', 'text', 'Id', 1, 1, 1, 0, 0, 0, NULL, 1),
(192, 18, 'name', 'text', 'Name', 1, 1, 1, 1, 1, 1, NULL, 2),
(193, 18, 'how_to', 'rich_text_box', 'How To', 0, 0, 0, 1, 1, 1, NULL, 3),
(194, 18, 'json_data', 'text', 'Json Data', 0, 1, 1, 1, 1, 1, NULL, 4),
(195, 18, 'thumb', 'text', 'Thumb', 0, 1, 1, 1, 1, 1, NULL, 5),
(196, 18, 'method_identifier_field__name', 'text', 'Method Identifier Field  Name', 0, 1, 1, 1, 1, 1, NULL, 6),
(197, 18, 'created_at', 'timestamp', 'Created At', 0, 1, 1, 1, 0, 1, NULL, 7),
(198, 18, 'updated_at', 'timestamp', 'Updated At', 0, 0, 0, 0, 0, 0, NULL, 8),
(199, 19, 'id', 'text', 'Id', 1, 0, 0, 0, 0, 0, NULL, 1),
(200, 19, 'currency_id', 'text', 'Currency Id', 0, 0, 0, 1, 1, 1, NULL, 4),
(201, 19, 'deposit_method_id', 'text', 'Deposit Method Id', 1, 0, 0, 1, 1, 1, NULL, 5),
(202, 19, 'created_at', 'timestamp', 'Created At', 0, 1, 1, 1, 0, 1, NULL, 6),
(203, 19, 'updated_at', 'timestamp', 'Updated At', 0, 0, 0, 0, 0, 0, NULL, 7),
(204, 19, 'currency_deposit_method_belongsto_deposit_method_relationship', 'relationship', 'Deposit Methods', 0, 1, 1, 1, 1, 1, '{\"model\":\"App\\\\Models\\\\DepositMethod\",\"table\":\"deposit_methods\",\"type\":\"belongsTo\",\"column\":\"deposit_method_id\",\"key\":\"id\",\"label\":\"name\",\"pivot_table\":\"categories\",\"pivot\":\"0\",\"taggable\":\"0\"}', 2),
(205, 19, 'currency_deposit_method_belongsto_currency_relationship', 'relationship', 'currencies', 0, 1, 1, 1, 1, 1, '{\"model\":\"App\\\\Models\\\\Currency\",\"table\":\"currencies\",\"type\":\"belongsTo\",\"column\":\"currency_id\",\"key\":\"id\",\"label\":\"name\",\"pivot_table\":\"categories\",\"pivot\":\"0\",\"taggable\":\"0\"}', 3),
(206, 20, 'id', 'text', 'Id', 1, 0, 0, 0, 0, 0, NULL, 1),
(207, 20, 'name', 'text', 'Name', 1, 1, 1, 1, 1, 1, NULL, 2),
(208, 20, 'comment', 'rich_text_box', 'Comment', 0, 1, 1, 1, 1, 1, NULL, 3),
(209, 20, 'percentage_fee', 'text', 'Percentage Fee', 1, 1, 1, 1, 1, 1, NULL, 4),
(210, 20, 'fixed_fee', 'text', 'Fixed Fee', 1, 1, 1, 1, 1, 1, NULL, 5),
(211, 20, 'json_data', 'text', 'Json Data', 0, 1, 1, 1, 1, 1, NULL, 6),
(212, 20, 'thumb', 'text', 'Thumb', 0, 1, 1, 1, 1, 1, NULL, 7),
(213, 20, 'method_identifier_field__name', 'text', 'Method Identifier Field  Name', 0, 1, 1, 1, 1, 1, NULL, 8),
(214, 20, 'created_at', 'timestamp', 'Created At', 0, 1, 1, 1, 0, 1, NULL, 9),
(215, 20, 'updated_at', 'timestamp', 'Updated At', 0, 0, 0, 0, 0, 0, NULL, 10),
(216, 21, 'id', 'text', 'Id', 1, 0, 0, 0, 0, 0, NULL, 1),
(217, 21, 'currency_id', 'text', 'Currency Id', 1, 1, 1, 1, 1, 1, NULL, 4),
(218, 21, 'withdrawal_method_id', 'text', 'Withdrawal Method Id', 1, 1, 1, 1, 1, 1, NULL, 5),
(219, 21, 'created_at', 'timestamp', 'Created At', 0, 1, 1, 1, 0, 1, NULL, 6),
(220, 21, 'updated_at', 'timestamp', 'Updated At', 0, 0, 0, 0, 0, 0, NULL, 7),
(221, 21, 'currency_withdrawal_method_belongsto_withdrawal_method_relationship', 'relationship', 'Withdrawal Methods', 0, 1, 1, 1, 1, 1, '{\"model\":\"App\\\\Models\\\\WithdrawalMethod\",\"table\":\"withdrawal_methods\",\"type\":\"belongsTo\",\"column\":\"withdrawal_method_id\",\"key\":\"id\",\"label\":\"name\",\"pivot_table\":\"categories\",\"pivot\":\"0\",\"taggable\":\"0\"}', 2),
(222, 21, 'currency_withdrawal_method_belongsto_currency_relationship', 'relationship', 'Currency', 0, 1, 1, 1, 1, 1, '{\"model\":\"App\\\\Models\\\\Currency\",\"table\":\"currencies\",\"type\":\"belongsTo\",\"column\":\"currency_id\",\"key\":\"id\",\"label\":\"name\",\"pivot_table\":\"categories\",\"pivot\":\"0\",\"taggable\":\"0\"}', 3),
(223, 18, 'how_to_api', 'rich_text_box', 'How To Api', 0, 0, 0, 1, 1, 1, NULL, 9),
(224, 20, 'how_to_api', 'rich_text_box', 'How To Api', 0, 1, 1, 1, 1, 1, NULL, 11),
(225, 1, 'current_team_id', 'text', 'Current Team Id', 0, 1, 1, 1, 1, 1, NULL, 3),
(226, 1, 'profile_photo_path', 'text', 'Profile Photo Path', 0, 1, 1, 1, 1, 1, NULL, 4),
(227, 1, 'first_name', 'text', 'First Name', 0, 1, 1, 1, 1, 1, NULL, 7),
(228, 1, 'last_name', 'text', 'Last Name', 0, 1, 1, 1, 1, 1, NULL, 8),
(229, 1, 'two_factor_secret', 'text', 'Two Factor Secret', 0, 1, 1, 1, 1, 1, NULL, 11),
(230, 1, 'two_factor_recovery_codes', 'text', 'Two Factor Recovery Codes', 0, 1, 1, 1, 1, 1, NULL, 12),
(231, 1, 'verified', 'text', 'Verified', 1, 1, 1, 1, 1, 1, NULL, 13),
(232, 1, 'merchant', 'text', 'Merchant', 1, 1, 1, 1, 1, 1, NULL, 14),
(233, 1, 'social', 'text', 'Social', 1, 1, 1, 1, 1, 1, NULL, 15),
(234, 1, 'balance', 'text', 'Balance', 1, 1, 1, 1, 1, 1, NULL, 16),
(235, 1, 'json_data', 'text', 'Json Data', 0, 1, 1, 1, 1, 1, NULL, 17),
(236, 1, 'account_status', 'text', 'Account Status', 1, 1, 1, 1, 1, 1, NULL, 18),
(237, 1, 'currency_id', 'text', 'Currency Id', 0, 1, 1, 1, 1, 1, NULL, 19),
(238, 1, 'is_ticket_admin', 'text', 'Is Ticket Admin', 1, 1, 1, 1, 1, 1, NULL, 20),
(239, 1, 'verification_token', 'text', 'Verification Token', 0, 1, 1, 1, 1, 1, NULL, 21),
(240, 1, 'whatsapp', 'text', 'Whatsapp', 0, 1, 1, 1, 1, 1, NULL, 22),
(241, 1, 'phonenumber', 'text', 'Phonenumber', 0, 1, 1, 1, 1, 1, NULL, 23),
(242, 1, 'email_verified_at', 'timestamp', 'Email Verified At', 0, 1, 1, 1, 1, 1, NULL, 24),
(243, 20, 'currency_id', 'text', 'Currency Id', 0, 1, 1, 0, 0, 0, NULL, 2),
(244, 20, 'withdrawal_method_belongsto_currency_relationship', 'relationship', 'Currency', 0, 1, 1, 1, 1, 1, '{\"model\":\"App\\\\Models\\\\Currency\",\"table\":\"currencies\",\"type\":\"belongsTo\",\"column\":\"currency_id\",\"key\":\"id\",\"label\":\"name\",\"pivot_table\":\"categories\",\"pivot\":\"0\",\"taggable\":\"0\"}', 12),
(245, 18, 'currency_id', 'text', 'Currency Id', 0, 1, 1, 0, 0, 0, NULL, 2),
(246, 18, 'deposit_method_belongsto_currency_relationship', 'relationship', 'Currency', 0, 1, 1, 1, 1, 1, '{\"model\":\"App\\\\Models\\\\Currency\",\"table\":\"currencies\",\"type\":\"belongsTo\",\"column\":\"currency_id\",\"key\":\"id\",\"label\":\"name\",\"pivot_table\":\"categories\",\"pivot\":\"0\",\"taggable\":\"0\"}', 10),
(247, 23, 'id', 'text', 'Id', 1, 0, 0, 0, 0, 0, NULL, 1),
(248, 23, 'currency_id', 'hidden', 'Currency Id', 1, 0, 0, 0, 1, 0, NULL, 3),
(249, 23, 'name', 'text', 'Name', 0, 1, 1, 1, 1, 1, NULL, 4),
(250, 23, 'accont_identifier_mechanism', 'text', 'Accont Identifier Mechanism', 0, 1, 1, 1, 1, 1, NULL, 6),
(251, 23, 'how_to_deposit', 'rich_text_box', 'How To Deposit', 0, 0, 0, 1, 1, 1, NULL, 7),
(252, 23, 'how_to_withdraw', 'rich_text_box', 'How To Withdraw', 0, 0, 0, 1, 1, 1, NULL, 8),
(253, 23, 'days_to_process_transfer', 'number', 'Days To Process Transfer', 1, 1, 1, 1, 1, 1, NULL, 9),
(254, 23, 'is_active', 'checkbox', 'Is Active', 1, 1, 1, 1, 1, 1, '{\"on\":\"Yes\",\"off\":\"No\",\"checked\":true}', 10),
(255, 23, 'deleted_at', 'timestamp', 'Deleted At', 0, 1, 1, 1, 1, 1, NULL, 11),
(256, 23, 'created_at', 'timestamp', 'Created At', 0, 1, 1, 1, 0, 1, NULL, 12),
(257, 23, 'updated_at', 'timestamp', 'Updated At', 0, 0, 0, 0, 0, 0, NULL, 13),
(259, 23, 'deposit_percentage_fee', 'text', 'Deposit Percentage Fee', 0, 0, 0, 1, 1, 0, NULL, 14),
(260, 23, 'deposit_fixed_fee', 'text', 'Deposit Fixed Fee', 0, 0, 0, 1, 1, 0, NULL, 15),
(261, 23, 'withdraw_percentage_fee', 'text', 'Withdraw Percentage Fee', 0, 0, 0, 1, 1, 0, NULL, 16),
(262, 23, 'withdraw_fixed_fee', 'text', 'Withdraw Fixed Fee', 0, 0, 0, 1, 1, 0, NULL, 18),
(263, 23, 'thumbnail', 'text', 'Thumbnail url', 0, 0, 0, 1, 1, 1, NULL, 2),
(264, 23, 'transfer_method_belongsto_currency_relationship', 'relationship', 'currencies', 0, 1, 1, 0, 1, 1, '{\"model\":\"App\\\\Models\\\\Currency\",\"table\":\"currencies\",\"type\":\"belongsTo\",\"column\":\"currency_id\",\"key\":\"id\",\"label\":\"name\",\"pivot_table\":\"countries\",\"pivot\":\"0\",\"taggable\":\"0\"}', 5),
(265, 23, 'merchant_fixed_fee', 'text', 'Merchant Fixed Fee', 0, 0, 0, 1, 1, 1, NULL, 17),
(266, 23, 'merchant_percentage_fee', 'text', 'Merchant Percentage Fee', 0, 0, 0, 1, 1, 1, NULL, 19),
(267, 23, 'mobile_thumbnail', 'text', 'Mobile Thumbnail', 0, 1, 1, 1, 1, 1, NULL, 20),
(268, 24, 'id', 'text', 'Id', 1, 0, 0, 0, 0, 1, NULL, 1),
(270, 24, 'transfer_method_id', 'hidden', 'Transfer Method Id', 1, 0, 0, 1, 1, 1, NULL, 3),
(271, 24, 'name', 'text', 'Name', 0, 1, 1, 1, 1, 1, NULL, 2),
(272, 24, 'min_profit_percentage', 'text', 'Min Profit Percentage', 0, 1, 1, 1, 1, 1, NULL, 6),
(273, 24, 'max_profit_percentage', 'text', 'Max Profit Percentage', 0, 1, 1, 1, 1, 1, NULL, 7),
(274, 24, 'min_investment', 'text', 'Min Investment', 1, 1, 1, 1, 1, 1, NULL, 8),
(275, 24, 'max_investment', 'text', 'Max Investment', 1, 1, 1, 1, 1, 1, NULL, 9),
(276, 24, 'withdraw_interval_days', 'text', 'Withdraw Interval Days', 0, 1, 1, 1, 1, 1, NULL, 10),
(277, 24, 'is_active', 'checkbox', 'Is Active', 1, 1, 1, 1, 1, 1, '{\"on\":\"On\",\"off\":\"Off\",\"checked\":true}', 11),
(278, 24, 'deleted_at', 'timestamp', 'Deleted At', 0, 0, 1, 0, 0, 1, NULL, 12),
(279, 24, 'created_at', 'timestamp', 'Created At', 0, 1, 1, 1, 0, 1, NULL, 13),
(280, 24, 'updated_at', 'timestamp', 'Updated At', 0, 0, 0, 0, 0, 0, NULL, 14),
(282, 24, 'investmentplan_belongsto_transfer_method_relationship', 'relationship', 'Transfer Methods', 0, 1, 1, 1, 1, 1, '{\"model\":\"App\\\\Models\\\\TransferMethod\",\"table\":\"transfer_methods\",\"type\":\"belongsTo\",\"column\":\"transfer_method_id\",\"key\":\"id\",\"label\":\"name\",\"pivot_table\":\"countries\",\"pivot\":\"0\",\"taggable\":\"0\"}', 4),
(283, 24, 'description', 'rich_text_box', 'Description', 0, 0, 0, 1, 1, 0, NULL, 5),
(293, 23, 'is_hidden', 'checkbox', 'Is Hidden', 0, 1, 1, 1, 1, 1, '{\"on\":\"Yes\",\"off\":\"No\",\"checked\":false}', 21),
(294, 23, 'is_system', 'checkbox', 'Is System', 0, 1, 1, 1, 1, 1, '{\"on\":\"Yes\",\"off\":\"No\",\"checked\":false}', 21),
(295, 11, 'transfer_method_id', 'text', 'Transfer Method Id', 0, 1, 1, 1, 1, 1, NULL, 16),
(296, 11, 'unique_transaction_id', 'text', 'Unique Transaction Id', 0, 1, 1, 1, 1, 1, NULL, 17),
(390, 36, 'id', 'text', 'Id', 1, 1, 1, 1, 0, 0, NULL, 1),
(391, 36, 'user_id', 'text', 'User Id', 1, 1, 1, 1, 1, 1, NULL, 2),
(392, 36, 'currency_id', 'text', 'Currency Id', 1, 1, 1, 1, 1, 1, NULL, 3),
(393, 36, 'is_crypto', 'text', 'Is Crypto', 1, 1, 1, 1, 1, 1, NULL, 4),
(394, 36, 'amount', 'text', 'Amount', 1, 1, 1, 1, 1, 1, NULL, 5),
(395, 36, 'crypto', 'text', 'Crypto', 1, 1, 1, 1, 1, 1, NULL, 6),
(396, 36, 'fiat', 'text', 'Fiat', 1, 1, 1, 1, 1, 1, NULL, 7),
(397, 36, 'created_at', 'timestamp', 'Created At', 0, 1, 1, 1, 0, 1, NULL, 8),
(398, 36, 'updated_at', 'timestamp', 'Updated At', 0, 0, 0, 0, 0, 0, NULL, 9),
(399, 36, 'transfer_method_id', 'text', 'Transfer Method Id', 0, 1, 1, 1, 1, 1, NULL, 10),
(400, 36, 'accont_identifier_mechanism_value', 'text', 'Accont Identifier Mechanism Value', 0, 1, 1, 1, 1, 1, NULL, 11);

-- --------------------------------------------------------

--
-- Table structure for table `data_transactions`
--

CREATE TABLE `data_transactions` (
  `id` int(11) NOT NULL,
  `user_id` int(11) DEFAULT NULL,
  `trx_id` bigint(20) DEFAULT NULL,
  `trx` text NOT NULL,
  `service_name` varchar(255) DEFAULT NULL,
  `phone_number` text,
  `transaction_id` text NOT NULL,
  `unit_element` text NOT NULL,
  `type` varchar(255) DEFAULT NULL,
  `amount` decimal(18,2) DEFAULT NULL,
  `commission` decimal(18,2) DEFAULT NULL,
  `email` text,
  `created_at` timestamp NOT NULL DEFAULT CURRENT_TIMESTAMP,
  `updated_at` timestamp NOT NULL DEFAULT CURRENT_TIMESTAMP
) ENGINE=InnoDB DEFAULT CHARSET=latin1;

--
-- Dumping data for table `data_transactions`
--

INSERT INTO `data_transactions` (`id`, `user_id`, `trx_id`, `trx`, `service_name`, `phone_number`, `transaction_id`, `unit_element`, `type`, `amount`, `commission`, `email`, `created_at`, `updated_at`) VALUES
(1, 352, 800, 'CMHZ9GNRV1G4', 'MTN Data', '08166568886', '16699533205006432995658932', '08166568886', 'Data Services', '25.00', '0.75', 'osenijamiu9@gmail.com', '2022-12-02 03:55:21', '2022-12-02 03:55:21'),
(2, 352, 804, 'TZ96E3B3EBNE', 'Airtel Data', '09047149969', '16700072618545352522791785', '09047149969', 'Data Services', '50.00', '2.00', 'osenijamiu9@gmail.com', '2022-12-02 18:54:23', '2022-12-02 18:54:23');

-- --------------------------------------------------------

--
-- Table structure for table `data_types`
--

CREATE TABLE `data_types` (
  `id` int(10) UNSIGNED NOT NULL,
  `name` varchar(255) COLLATE utf8mb4_unicode_ci NOT NULL,
  `slug` varchar(255) COLLATE utf8mb4_unicode_ci NOT NULL,
  `display_name_singular` varchar(255) COLLATE utf8mb4_unicode_ci NOT NULL,
  `display_name_plural` varchar(255) COLLATE utf8mb4_unicode_ci NOT NULL,
  `icon` varchar(255) COLLATE utf8mb4_unicode_ci DEFAULT NULL,
  `model_name` varchar(255) COLLATE utf8mb4_unicode_ci DEFAULT NULL,
  `policy_name` varchar(255) COLLATE utf8mb4_unicode_ci DEFAULT NULL,
  `controller` varchar(255) COLLATE utf8mb4_unicode_ci DEFAULT NULL,
  `description` varchar(255) COLLATE utf8mb4_unicode_ci DEFAULT NULL,
  `generate_permissions` tinyint(1) NOT NULL DEFAULT '0',
  `server_side` tinyint(4) NOT NULL DEFAULT '0',
  `details` text COLLATE utf8mb4_unicode_ci,
  `created_at` timestamp NULL DEFAULT NULL,
  `updated_at` timestamp NULL DEFAULT NULL
) ENGINE=InnoDB DEFAULT CHARSET=utf8mb4 COLLATE=utf8mb4_unicode_ci;

--
-- Dumping data for table `data_types`
--

INSERT INTO `data_types` (`id`, `name`, `slug`, `display_name_singular`, `display_name_plural`, `icon`, `model_name`, `policy_name`, `controller`, `description`, `generate_permissions`, `server_side`, `details`, `created_at`, `updated_at`) VALUES
(1, 'users', 'users', 'User', 'Users', 'voyager-person', 'TCG\\Voyager\\Models\\User', 'TCG\\Voyager\\Policies\\UserPolicy', NULL, NULL, 1, 0, '{\"order_column\":null,\"order_display_column\":null}', '2020-10-12 06:27:58', '2020-12-02 19:25:22'),
(2, 'menus', 'menus', 'Menu', 'Menus', 'voyager-list', 'TCG\\Voyager\\Models\\Menu', NULL, '', '', 1, 0, NULL, '2020-10-12 06:27:58', '2020-10-12 06:27:58'),
(3, 'roles', 'roles', 'Role', 'Roles', 'voyager-lock', 'TCG\\Voyager\\Models\\Role', NULL, 'TCG\\Voyager\\Http\\Controllers\\VoyagerRoleController', '', 1, 0, NULL, '2020-10-12 06:27:58', '2020-10-12 06:27:58'),
(5, 'posts', 'posts', 'Post', 'Posts', 'voyager-news', 'TCG\\Voyager\\Models\\Post', 'TCG\\Voyager\\Policies\\PostPolicy', '', '', 1, 0, NULL, '2020-10-12 06:28:06', '2020-10-12 06:28:06'),
(6, 'pages', 'pages', 'Page', 'Pages', 'voyager-file-text', 'TCG\\Voyager\\Models\\Page', NULL, '', '', 1, 0, NULL, '2020-10-12 06:28:07', '2020-10-12 06:28:07'),
(7, 'escrows', 'escrows', 'Escrow', 'Escrows', 'voyager-lock', 'App\\Models\\Escrow', NULL, NULL, NULL, 1, 1, '{\"order_column\":null,\"order_display_column\":null}', '2020-10-22 11:27:00', '2020-10-22 11:27:00'),
(8, 'vouchers', 'vouchers', 'Voucher', 'Vouchers', 'voyager-treasure', 'App\\Models\\Voucher', NULL, NULL, NULL, 1, 1, '{\"order_column\":null,\"order_display_column\":null}', '2020-10-22 11:29:10', '2020-10-22 11:29:10'),
(9, 'merchants', 'merchants', 'Merchant', 'Merchants', 'voyager-credit-card', 'App\\Models\\Merchant', NULL, NULL, NULL, 1, 1, '{\"order_column\":null,\"order_display_column\":null}', '2020-10-22 11:30:25', '2020-10-22 11:30:25'),
(10, 'withdrawals', 'withdrawals', 'Withdrawal', 'Withdrawals', 'voyager-external', 'App\\Models\\Withdrawal', NULL, NULL, NULL, 1, 1, '{\"order_column\":null,\"order_display_column\":null}', '2020-10-22 11:34:46', '2020-10-22 11:34:46'),
(11, 'deposits', 'deposits', 'Deposit', 'Deposits', 'voyager-book', 'App\\Models\\Deposit', NULL, NULL, NULL, 1, 1, '{\"order_column\":null,\"order_display_column\":null}', '2020-10-22 12:00:29', '2020-10-22 12:00:29'),
(12, 'transactionable', 'transactionable', 'Transaction', 'Transactions', 'voyager-dollar', 'App\\Models\\Transaction', NULL, NULL, NULL, 1, 1, '{\"order_column\":null,\"order_display_column\":null}', '2020-10-22 12:05:48', '2020-10-22 13:03:00'),
(13, 'transaction_states', 'transaction-states', 'Transaction State', 'Transaction States', 'voyager-check', 'App\\Models\\TransactionState', NULL, NULL, NULL, 1, 1, '{\"order_column\":null,\"order_display_column\":null}', '2020-10-22 12:10:53', '2020-10-22 12:10:53'),
(14, 'currencies', 'currencies', 'Currency', 'Currencies', 'voyager-list-add', 'App\\Models\\Currency', NULL, NULL, NULL, 1, 1, '{\"order_column\":null,\"order_display_column\":null}', '2020-10-22 12:12:26', '2020-10-22 12:12:26'),
(15, 'currency_exchange_rates', 'currency-exchange-rates', 'Currency Exchange Rate', 'Currency Exchange Rates', 'vayager-lab', 'App\\Models\\CurrencyExchangeRate', NULL, NULL, NULL, 1, 1, '{\"order_column\":null,\"order_display_column\":null}', '2020-10-22 12:13:58', '2020-10-22 12:13:58'),
(16, 'ticketcategories', 'ticketcategories', 'Ticketcategory', 'Ticketcategories', 'voyager-ticket', 'App\\Models\\Ticketcategory', NULL, NULL, NULL, 1, 1, '{\"order_column\":null,\"order_display_column\":null}', '2020-10-22 12:36:14', '2020-10-22 12:36:14'),
(17, 'countries', 'countries', 'Country', 'Countries', 'voyager-world', 'App\\Models\\Country', NULL, NULL, NULL, 1, 0, '{\"order_column\":null,\"order_display_column\":null}', '2020-10-22 12:37:38', '2020-10-22 12:38:15'),
(18, 'deposit_methods', 'deposit-methods', 'Deposit Method', 'Deposit Methods', 'voyager-paypal', 'App\\Models\\DepositMethod', NULL, NULL, NULL, 1, 1, '{\"order_column\":null,\"order_display_column\":null}', '2020-10-22 12:53:13', '2020-10-22 12:53:13'),
(19, 'currency_deposit_methods', 'currency-deposit-methods', 'Currency Deposit Method', 'Currency Deposit Methods', 'voyager-code', 'App\\Models\\CurrencyDepositMethod', NULL, NULL, NULL, 1, 1, '{\"order_column\":null,\"order_display_column\":null}', '2020-10-22 12:54:33', '2020-10-22 13:00:33'),
(20, 'withdrawal_methods', 'withdrawal-methods', 'Withdrawal Method', 'Withdrawal Methods', 'voyager-pie-chart', 'App\\Models\\WithdrawalMethod', NULL, NULL, NULL, 1, 1, '{\"order_column\":null,\"order_display_column\":null}', '2020-10-22 13:23:29', '2020-10-22 13:23:29'),
(21, 'currency_withdrawal_methods', 'currency-withdrawal-methods', 'Currency Withdrawal Method', 'Currency Withdrawal Methods', 'voyager-code', 'App\\Models\\CurrencyWithdrawalMethod', NULL, NULL, NULL, 1, 1, '{\"order_column\":null,\"order_display_column\":null}', '2020-10-22 13:24:41', '2020-10-22 13:24:41'),
(23, 'transfer_methods', 'transfer-methods', 'Transfer Method', 'Transfer Methods', 'voyager-logbook', 'App\\Models\\TransferMethod', NULL, NULL, NULL, 1, 1, '{\"order_column\":null,\"order_display_column\":null}', '2021-03-24 14:38:24', '2021-03-24 14:38:24'),
(24, 'investmentplans', 'investmentplans', 'Investmentplan', 'Investmentplans', 'voyager-data', 'App\\Models\\Investmentplan', NULL, NULL, NULL, 1, 1, '{\"order_column\":null,\"order_display_column\":null}', '2021-09-25 16:33:42', '2021-09-25 16:33:42'),
(36, 'wallets', 'wallets', 'Wallet', 'Wallets', NULL, 'App\\Models\\Wallet', NULL, NULL, NULL, 1, 0, '{\"order_column\":null,\"order_display_column\":null}', '2023-02-05 15:51:13', '2023-02-05 15:51:13');

-- --------------------------------------------------------

--
-- Table structure for table `deposits`
--

CREATE TABLE `deposits` (
  `id` bigint(20) UNSIGNED NOT NULL,
  `user_id` bigint(20) UNSIGNED NOT NULL,
  `transaction_state_id` varchar(255) COLLATE utf8mb4_unicode_ci DEFAULT '3',
  `deposit_method_id` bigint(20) UNSIGNED NOT NULL,
  `gross` decimal(19,2) NOT NULL DEFAULT '0.00',
  `fee` decimal(16,2) NOT NULL DEFAULT '0.00',
  `net` decimal(19,2) NOT NULL DEFAULT '0.00',
  `transaction_receipt` text COLLATE utf8mb4_unicode_ci,
  `json_data` text COLLATE utf8mb4_unicode_ci,
  `currency_id` bigint(20) UNSIGNED NOT NULL,
  `currency_symbol` varchar(255) COLLATE utf8mb4_unicode_ci DEFAULT NULL,
  `wallet_id` bigint(20) UNSIGNED DEFAULT NULL,
  `message` text COLLATE utf8mb4_unicode_ci,
  `created_at` timestamp NULL DEFAULT NULL,
  `updated_at` timestamp NULL DEFAULT NULL,
  `transfer_method_id` bigint(20) UNSIGNED DEFAULT NULL,
  `unique_transaction_id` varchar(191) COLLATE utf8mb4_unicode_ci DEFAULT NULL
) ENGINE=InnoDB DEFAULT CHARSET=utf8mb4 COLLATE=utf8mb4_unicode_ci;

-- --------------------------------------------------------

--
-- Table structure for table `deposit_history`
--

CREATE TABLE `deposit_history` (
  `id` int(11) NOT NULL,
  `user_id` int(11) NOT NULL,
  `transaction_id` text,
  `tx_ref` text,
  `status` varchar(255) DEFAULT NULL,
  `fee` decimal(18,2) NOT NULL DEFAULT '0.00',
  `amount` bigint(20) DEFAULT NULL,
  `payment_reference_id` text,
  `currency` text,
  `payment_gateway` text,
  `created_at` datetime NOT NULL DEFAULT CURRENT_TIMESTAMP,
  `updated_at` datetime NOT NULL DEFAULT CURRENT_TIMESTAMP
) ENGINE=InnoDB DEFAULT CHARSET=latin1;

--
-- Dumping data for table `deposit_history`
--

INSERT INTO `deposit_history` (`id`, `user_id`, `transaction_id`, `tx_ref`, `status`, `fee`, `amount`, `payment_reference_id`, `currency`, `payment_gateway`, `created_at`, `updated_at`) VALUES
(98, 1, 'ORDS6447abee8c7eb', 'GGZUHQEP1A68', '1', '1.10', 10, '68023672MF0711707', 'USD', 'paypal', '2023-04-25 10:36:16', '2023-04-25 10:36:16'),
(99, 1, 'ORDS6447aef5f31d3', 'Y1A4UE5PUDHY', '1', '1.10', 10, 'txn_3N0jM3DlJiSXluNX44OIBL6n', 'USD', 'stripe', '2023-04-25 10:44:42', '2023-04-25 10:44:42');

-- --------------------------------------------------------

--
-- Table structure for table `deposit_methods`
--

CREATE TABLE `deposit_methods` (
  `id` bigint(20) UNSIGNED NOT NULL,
  `name` varchar(191) COLLATE utf8mb4_unicode_ci NOT NULL,
  `how_to` longtext COLLATE utf8mb4_unicode_ci,
  `json_data` text COLLATE utf8mb4_unicode_ci,
  `thumb` varchar(191) COLLATE utf8mb4_unicode_ci DEFAULT NULL,
  `method_identifier_field__name` varchar(191) COLLATE utf8mb4_unicode_ci DEFAULT NULL,
  `created_at` timestamp NULL DEFAULT NULL,
  `updated_at` timestamp NULL DEFAULT NULL,
  `how_to_api` longtext COLLATE utf8mb4_unicode_ci,
  `currency_id` bigint(20) UNSIGNED DEFAULT NULL,
  `status` tinyint(4) DEFAULT '0',
  `detail` text COLLATE utf8mb4_unicode_ci
) ENGINE=InnoDB DEFAULT CHARSET=utf8mb4 COLLATE=utf8mb4_unicode_ci;

--
-- Dumping data for table `deposit_methods`
--

INSERT INTO `deposit_methods` (`id`, `name`, `how_to`, `json_data`, `thumb`, `method_identifier_field__name`, `created_at`, `updated_at`, `how_to_api`, `currency_id`, `status`, `detail`) VALUES
(1, '[ BTC ] - Bitcoin Wallet', '<p>Send the Bitcoin you wish to deposit to the adress below and let phpwallet support that you have made an Bitcoin deposit request via our WhatsApp or Telegram.</p>\r\n<p>&nbsp;</p>\r\n<h1 style=\"text-align: center;\">bc1qxy2kgdygjrqtzq2n0yrf2493p83kkfjhx0wIh</h1>\r\n<p>&nbsp;</p>\r\n<p>Your deposit request will be processed within 30 min.</p>', NULL, 'https://devv2.bitmetical.com//storage/imgs/ms5mlOOUXl8hoPK4MiduzFhwWfuKrsfcjhaEE0Rd.jpeg', 'Bitcoin adress', '2020-11-26 09:32:00', '2023-02-18 13:16:58', '<p>Send the Bitcoin you wish to deposit to the adress below and let phpwallet support that you have made a Bitcoin deposit request via our WhatsApp or Telegram.</p>\r\n<p>&nbsp;</p>\r\n<h1 style=\"text-align: center;\"><strong>bc1qxy2kgdygjrqtzq2n0yrf2493p83kkfjhx0wIh</strong></h1>\r\n<p>&nbsp;</p>\r\n<p>Your deposit request will be processed within 30 min.</p>', 6, 1, 'Send to our bitcoin wallet address'),
(2, '[ USD ] - Local Bank', '<p>Send the USD you wish to deposit to the Bank Accont below and let phpwallet support know that you have made a US Dollar deposit request via our WhatsApp or Telegram.</p>\r\n<p>&nbsp;</p>\r\n<h1 style=\"text-align: center;\">23457564323 - Bank of Local Funding</h1>\r\n<p>&nbsp;</p>\r\n<p>Your deposit request will be processed within 30 min.</p>', NULL, 'https://devv2.bitmetical.com//storage/imgs/UrMZeOypsVVM0qrqjR2m08vaYOVF1fDoaiSsy6Rx.png', 'Bank Account Number', '2020-11-26 09:37:00', '2023-02-18 13:14:34', '<p>Send the USD you wish to deposit to the Bank Accont below and let phpwallet support know that you have made a US Dollar deposit request via our WhatsApp or Telegram.</p>\r\n<p>&nbsp;</p>\r\n<h1 style=\"text-align: center;\">23457564323 - Bank of Local Funding</h1>\r\n<p>&nbsp;</p>\r\n<p>Your deposit request will be processed within 30 min.</p>', 1, 1, 'Send money to this account\r\nAccount name - phpwallet\r\nAccount number - 1234567890\r\nBank Name - Local Bank'),
(3, '[USDT] - USDT', '<p>Send the BRL you wish to deposit to the Bank Accont below and let phpwallet support know that you have made a Brazilian Real deposit request via our WhatsApp or Telegram.</p>\r\n<p>&nbsp;</p>\r\n<h1 style=\"text-align: center;\">23457564323 - Bank of Local Funding</h1>\r\n<p>&nbsp;</p>\r\n<p>Your deposit request will be processed within 30 min.</p>', NULL, 'https://devv2.bitmetical.com//storage/imgs/UrMZeOypsVVM0qrqjR2m08vaYOVF1fDoaiSsy6Rx.png', 'Bank Account Number', '2020-12-01 19:46:00', '2023-02-18 13:20:53', '<p>Send the BRL you wish to deposit to the Bank Accont below and let phpwallet support know that you have made a Brazilian Real deposit request via our WhatsApp or Telegram.</p>\r\n<p>&nbsp;</p>\r\n<h1 style=\"text-align: center;\">23457564323 - Bank of Local Funding</h1>\r\n<p>&nbsp;</p>\r\n<p>Your deposit request will be processed within 30 min.</p>', 13, 1, 'Send to our wallet address'),
(4, '[ KES ] - Local Bank', '<p>Send the EUR you wish to deposit to the Bank Accont below and let phpwallet support know that you have made a Euro deposit request via our WhatsApp or Telegram.</p>\r\n<p>&nbsp;</p>\r\n<h1 style=\"text-align: center;\">23457564323 - Bank of Local Funding</h1>\r\n<p>&nbsp;</p>\r\n<p>Your deposit request will be processed within 30 min.</p>', NULL, 'https://devv2.bitmetical.com//storage/imgs/UrMZeOypsVVM0qrqjR2m08vaYOVF1fDoaiSsy6Rx.png', 'Bank Account Number', '2020-12-01 19:47:00', '2023-02-18 13:12:43', '<p>Send the EUR you wish to deposit to the Bank Accont below and let phpwallet support know that you have made a Euro deposit request via our WhatsApp or Telegram.</p>\r\n<p>&nbsp;</p>\r\n<h1 style=\"text-align: center;\">23457564323 - Bank of Local Funding</h1>\r\n<p>&nbsp;</p>\r\n<p>Your deposit request will be processed within 30 min.</p>', 11, 1, 'Send to our bank account details'),
(5, '[ NGN ] - Local Bank', '<p>Send the Naira you wish to deposit to the Bank Accont below and let phpwallet support know that you have made a Nigerian Naira deposit request via our WhatsApp or Telegram.</p>\r\n<p>&nbsp;</p>\r\n<h1 style=\"text-align: center;\">23457564323 - Bank of Local Funding</h1>\r\n<p>&nbsp;</p>\r\n<p>Your deposit request will be processed within 30 min.</p>', NULL, 'https://devv2.bitmetical.com//storage/imgs/UrMZeOypsVVM0qrqjR2m08vaYOVF1fDoaiSsy6Rx.png', 'Bank Account Number', '2020-12-01 19:48:00', '2023-02-18 13:16:01', '<p>Send the Naira you wish to deposit to the Bank Accont below and let phpwallet support know that you have made a Nigerian Naira deposit request via our WhatsApp or Telegram.</p>\r\n<p>&nbsp;</p>\r\n<h1 style=\"text-align: center;\">23457564323 - Bank of Local Funding</h1>\r\n<p>&nbsp;</p>\r\n<p>Your deposit request will be processed within 30 min.</p>', 10, 1, 'Send to our bank'),
(6, '[ ETH ] -Ethereum Wallet', '<p>Send the Ethereum you wish to deposit to the adress below and let phpwallet support that you have made an Ethereum deposit request via our WhatsApp or Telegram.</p>\r\n<p>&nbsp;</p>\r\n<h1 style=\"text-align: center;\">bc1qxy2kgdygjrqtzq2n0yrf2493p83kkfjhx0wIh</h1>\r\n<p>&nbsp;</p>\r\n<p>Your deposit request will be processed within 30 min.</p>', NULL, 'https://devv2.bitmetical.com//storage/imgs/8IGnHbWSk8MGFn5Owk4v9c7gKa4TxMWWy2Oixl6E.png', 'Ethereum adress', '2020-12-01 19:50:00', '2023-02-18 13:12:04', '<p>Send the Ethereum you wish to deposit to the adress below and let phpwallet support that you have made an Ethereum deposit request via our WhatsApp or Telegram.</p>\r\n<p>&nbsp;</p>\r\n<h1 style=\"text-align: center;\">bc1qxy2kgdygjrqtzq2n0yrf2493p83kkfjhx0wIh</h1>\r\n<p>&nbsp;</p>\r\n<p>Your deposit request will be processed within 30 min.</p>', 7, 1, 'Send to our wallet address'),
(9, '[ USD ] - strowallet', '<p>hi</p>', NULL, '/storage/users/default.png', 'strowallet', '2022-12-04 16:19:01', '2023-02-18 13:11:03', NULL, 1, 1, 'pay to strowallet email'),
(15, '[ USD ] - Payoneer', NULL, NULL, NULL, NULL, '2023-02-18 11:24:23', '2023-02-18 13:10:22', NULL, 1, 1, 'send money to this our payoneer email'),
(16, '[ USD ] - Paypal', NULL, NULL, NULL, NULL, '2023-02-18 13:24:10', '2023-02-18 13:24:10', NULL, 1, 1, 'send to our paypal account'),
(17, '[ INR ] - PayTm', NULL, NULL, NULL, NULL, '2023-02-18 13:28:54', '2023-02-18 13:28:54', NULL, 14, 1, 'pay to this');

-- --------------------------------------------------------

--
-- Table structure for table `educational_transactions`
--

CREATE TABLE `educational_transactions` (
  `id` int(11) NOT NULL,
  `user_id` int(11) DEFAULT NULL,
  `trx_id` bigint(20) DEFAULT NULL,
  `trx` text NOT NULL,
  `service_name` varchar(255) DEFAULT NULL,
  `transaction_id` text NOT NULL,
  `unit_element` text NOT NULL,
  `type` varchar(255) DEFAULT NULL,
  `amount` decimal(18,2) DEFAULT NULL,
  `commission` decimal(18,2) DEFAULT NULL,
  `email` text NOT NULL,
  `unit_price` decimal(18,2) DEFAULT NULL,
  `phone` text NOT NULL,
  `purchased_code` text NOT NULL,
  `created_at` timestamp NOT NULL DEFAULT CURRENT_TIMESTAMP,
  `updated_at` timestamp NOT NULL DEFAULT CURRENT_TIMESTAMP
) ENGINE=InnoDB DEFAULT CHARSET=latin1;

-- --------------------------------------------------------

--
-- Table structure for table `electricity_transactions`
--

CREATE TABLE `electricity_transactions` (
  `id` int(11) NOT NULL,
  `user_id` int(11) DEFAULT NULL,
  `trx_id` bigint(20) DEFAULT NULL,
  `amount` decimal(18,2) DEFAULT NULL,
  `customer_address` text,
  `main_token` text,
  `main_token_unit` text,
  `main_token_amount` text,
  `customer_name` text,
  `status` varchar(255) DEFAULT NULL,
  `service_name` text,
  `product_name` text,
  `type` varchar(255) DEFAULT NULL,
  `email` text,
  `phone` text,
  `transaction_id` text,
  `trx` text,
  `created_at` timestamp NOT NULL DEFAULT CURRENT_TIMESTAMP,
  `updated_at` timestamp NOT NULL DEFAULT CURRENT_TIMESTAMP
) ENGINE=InnoDB DEFAULT CHARSET=latin1;

-- --------------------------------------------------------

--
-- Table structure for table `epin_pdf`
--

CREATE TABLE `epin_pdf` (
  `id` int(11) NOT NULL,
  `user_id` bigint(20) DEFAULT NULL,
  `transaction_id` bigint(20) DEFAULT NULL,
  `mobile_network` text CHARACTER SET utf8,
  `sno` text,
  `pin` varchar(255) DEFAULT NULL,
  `amount` varchar(255) NOT NULL DEFAULT '0',
  `transaction_date` datetime DEFAULT NULL,
  `created_at` timestamp NOT NULL DEFAULT CURRENT_TIMESTAMP,
  `updated_at` timestamp NOT NULL DEFAULT CURRENT_TIMESTAMP
) ENGINE=InnoDB DEFAULT CHARSET=latin1;

--
-- Dumping data for table `epin_pdf`
--

INSERT INTO `epin_pdf` (`id`, `user_id`, `transaction_id`, `mobile_network`, `sno`, `pin`, `amount`, `transaction_date`, `created_at`, `updated_at`) VALUES
(1, 9, 103, 'MTN', '00000018919389396', '69090352470300641', '100', '2022-09-12 11:22:00', '2022-09-12 10:22:29', '2022-09-12 10:22:29'),
(2, 9, 104, 'AirTel', '20528632218054787330', '0257915484163276', '100', '2022-09-12 11:36:00', '2022-09-12 10:36:10', '2022-09-12 10:36:10'),
(3, 9, 105, 'MTN', '00000018919392981', '43347396667450714', '100', '2022-09-12 11:48:00', '2022-09-12 10:48:31', '2022-09-12 10:48:31'),
(4, 9, 106, 'MTN', '00000018919392993', '35355587859201588', '100', '2022-09-12 11:56:00', '2022-09-12 10:56:21', '2022-09-12 10:56:21'),
(5, 9, 107, 'MTN', '00000018919393294', '69098811372435824', '100', '2022-09-12 12:06:00', '2022-09-12 11:06:26', '2022-09-12 11:06:26'),
(6, 9, 108, 'MTN', '00000018919393625', '98581068537402795', '100', '2022-09-12 12:14:00', '2022-09-12 11:14:32', '2022-09-12 11:14:32'),
(7, 9, 109, 'MTN', '00000018635360966', '37728365060197183', '100', '2022-09-12 12:26:00', '2022-09-12 11:25:50', '2022-09-12 11:25:50'),
(8, 9, 109, 'MTN', '00000018919393773', '25289778480505927', '100', '2022-09-12 12:26:00', '2022-09-12 11:25:50', '2022-09-12 11:25:50'),
(9, 9, 110, 'MTN', '00000018603418488', '53351689062943226', '100', '2022-09-16 04:15:00', '2022-09-16 03:15:11', '2022-09-16 03:15:11'),
(10, 9, 111, 'MTN', '00000018603421634', '93067684680502533', '100', '2022-09-16 08:28:00', '2022-09-16 07:28:03', '2022-09-16 07:28:03'),
(11, 9, 112, 'MTN', '00000018603421681', '81651092982966857', '100', '2022-09-16 08:34:00', '2022-09-16 07:33:58', '2022-09-16 07:33:58'),
(12, 9, 113, 'MTN', '00000018645953399', '09694086220043402', '100', '2022-09-16 10:07:00', '2022-09-16 09:07:21', '2022-09-16 09:07:21'),
(13, 2, 116, 'MTN', '00000019356207704', '37023882177566981', '100', '2022-09-18 20:36:00', '2022-09-18 19:36:09', '2022-09-18 19:36:09'),
(14, 2, 116, 'MTN', '00000019356207723', '61177671689714185', '100', '2022-09-18 20:36:00', '2022-09-18 19:36:09', '2022-09-18 19:36:09'),
(15, 2, 116, 'MTN', '00000019392976528', '87250902557725776', '100', '2022-09-18 20:36:00', '2022-09-18 19:36:09', '2022-09-18 19:36:09'),
(16, 1, 117, 'MTN', '00000017511768525', '86920756690830194', '100', '2022-09-20 10:37:00', '2022-09-20 09:36:44', '2022-09-20 09:36:44'),
(17, 1, 117, 'MTN', '00000017511768538', '94979146456899991', '100', '2022-09-20 10:37:00', '2022-09-20 09:36:44', '2022-09-20 09:36:44'),
(18, 1, 117, 'MTN', '00000017511768569', '12523365196268139', '100', '2022-09-20 10:37:00', '2022-09-20 09:36:44', '2022-09-20 09:36:44'),
(19, 1, 117, 'MTN', '00000017632477616', '88114790859891888', '100', '2022-09-20 10:37:00', '2022-09-20 09:36:44', '2022-09-20 09:36:44'),
(20, 1, 117, 'MTN', '00000017632477643', '01329944531199131', '100', '2022-09-20 10:37:00', '2022-09-20 09:36:44', '2022-09-20 09:36:44'),
(21, 1, 121, 'MTN', '00000020112390882', '77197434059586286', '100', '2022-10-26 11:40:00', '2022-10-26 10:40:25', '2022-10-26 10:40:25'),
(22, 1, 121, 'MTN', '00000020129456890', '71988029536353474', '100', '2022-10-26 11:40:00', '2022-10-26 10:40:25', '2022-10-26 10:40:25'),
(23, 1, 122, 'MTN', '00000019753153241', '95055744881556215', '100', '2022-10-26 12:02:00', '2022-10-26 11:02:07', '2022-10-26 11:02:07'),
(24, 1, 122, 'MTN', '00000019753153263', '63734774601366773', '100', '2022-10-26 12:02:00', '2022-10-26 11:02:07', '2022-10-26 11:02:07'),
(25, 1, 122, 'MTN', '00000019753153296', '55248931037047378', '100', '2022-10-26 12:02:00', '2022-10-26 11:02:07', '2022-10-26 11:02:07'),
(26, 1, 122, 'MTN', '00000020112390966', '66117597176472632', '100', '2022-10-26 12:02:00', '2022-10-26 11:02:07', '2022-10-26 11:02:07'),
(27, 1, 122, 'MTN', '00000020123484328', '41465755240913535', '100', '2022-10-26 12:02:00', '2022-10-26 11:02:07', '2022-10-26 11:02:07'),
(28, 1, 122, 'MTN', '00000020126273629', '52640442986188095', '100', '2022-10-26 12:02:00', '2022-10-26 11:02:07', '2022-10-26 11:02:07'),
(29, 1, 122, 'MTN', '00000020131485463', '09760580567348895', '100', '2022-10-26 12:02:00', '2022-10-26 11:02:07', '2022-10-26 11:02:07'),
(30, 1, 122, 'MTN', '00000020137052764', '88827645931192937', '100', '2022-10-26 12:02:00', '2022-10-26 11:02:07', '2022-10-26 11:02:07'),
(31, 1, 122, 'MTN', '00000020137052846', '61212610623508602', '100', '2022-10-26 12:02:00', '2022-10-26 11:02:07', '2022-10-26 11:02:07'),
(32, 1, 122, 'MTN', '00000020137052858', '79701132346044188', '100', '2022-10-26 12:02:00', '2022-10-26 11:02:07', '2022-10-26 11:02:07'),
(33, 1, 123, 'MTN', '00000019771338678', '56265395170135106', '200', '2022-10-26 12:03:00', '2022-10-26 11:02:52', '2022-10-26 11:02:52'),
(34, 1, 123, 'MTN', '00000019771338679', '65919938351284591', '200', '2022-10-26 12:03:00', '2022-10-26 11:02:52', '2022-10-26 11:02:52'),
(35, 1, 123, 'MTN', '00000020023827992', '92919668807015378', '200', '2022-10-26 12:03:00', '2022-10-26 11:02:52', '2022-10-26 11:02:52'),
(36, 1, 123, 'MTN', '00000020055978705', '28762425831708684', '200', '2022-10-26 12:03:00', '2022-10-26 11:02:52', '2022-10-26 11:02:52'),
(37, 1, 123, 'MTN', '00000020062070403', '66866155195256032', '200', '2022-10-26 12:03:00', '2022-10-26 11:02:52', '2022-10-26 11:02:52'),
(38, 1, 123, 'MTN', '00000020067131454', '65802813241894173', '200', '2022-10-26 12:03:00', '2022-10-26 11:02:52', '2022-10-26 11:02:52'),
(39, 1, 123, 'MTN', '00000020067131476', '20777635086336184', '200', '2022-10-26 12:03:00', '2022-10-26 11:02:52', '2022-10-26 11:02:52'),
(40, 1, 123, 'MTN', '00000020067131509', '58081766512996095', '200', '2022-10-26 12:03:00', '2022-10-26 11:02:52', '2022-10-26 11:02:52'),
(41, 1, 123, 'MTN', '00000020070240879', '57664951579791477', '200', '2022-10-26 12:03:00', '2022-10-26 11:02:52', '2022-10-26 11:02:52'),
(42, 1, 123, 'MTN', '00000020070240902', '12541455862718525', '200', '2022-10-26 12:03:00', '2022-10-26 11:02:52', '2022-10-26 11:02:52'),
(43, 1, 124, 'MTN', '00000018592180425', '76324943478910146', '500', '2022-10-26 12:32:00', '2022-10-26 11:32:29', '2022-10-26 11:32:29'),
(44, 1, 124, 'MTN', '00000018592180434', '87889312188778310', '500', '2022-10-26 12:32:00', '2022-10-26 11:32:29', '2022-10-26 11:32:29'),
(45, 1, 124, 'MTN', '00000018592180446', '67209331171539105', '500', '2022-10-26 12:32:00', '2022-10-26 11:32:29', '2022-10-26 11:32:29'),
(46, 1, 124, 'MTN', '00000018592180450', '71153663171666397', '500', '2022-10-26 12:32:00', '2022-10-26 11:32:29', '2022-10-26 11:32:29'),
(47, 1, 124, 'MTN', '00000018592180509', '75004593699533105', '500', '2022-10-26 12:32:00', '2022-10-26 11:32:29', '2022-10-26 11:32:29'),
(48, 1, 124, 'MTN', '00000018592180536', '71150081381554326', '500', '2022-10-26 12:32:00', '2022-10-26 11:32:29', '2022-10-26 11:32:29'),
(49, 1, 124, 'MTN', '00000018592180549', '40003636015790454', '500', '2022-10-26 12:32:00', '2022-10-26 11:32:29', '2022-10-26 11:32:29'),
(50, 1, 124, 'MTN', '00000018592180564', '07819950590247984', '500', '2022-10-26 12:32:00', '2022-10-26 11:32:29', '2022-10-26 11:32:29'),
(51, 1, 124, 'MTN', '00000018592180566', '42980315496884633', '500', '2022-10-26 12:32:00', '2022-10-26 11:32:29', '2022-10-26 11:32:29'),
(52, 1, 124, 'MTN', '00000018592180569', '50399600398164023', '500', '2022-10-26 12:32:00', '2022-10-26 11:32:29', '2022-10-26 11:32:29'),
(53, 1, 124, 'MTN', '00000018592180579', '07812740231853098', '500', '2022-10-26 12:32:00', '2022-10-26 11:32:29', '2022-10-26 11:32:29'),
(54, 1, 124, 'MTN', '00000018592180581', '03295135495293032', '500', '2022-10-26 12:32:00', '2022-10-26 11:32:29', '2022-10-26 11:32:29'),
(55, 1, 125, 'MTN', '00000019753154084', '16791336429852631', '100', '2022-10-26 12:35:00', '2022-10-26 11:35:27', '2022-10-26 11:35:27'),
(56, 1, 125, 'MTN', '00000020112391098', '22526940564614996', '100', '2022-10-26 12:35:00', '2022-10-26 11:35:27', '2022-10-26 11:35:27'),
(57, 1, 125, 'MTN', '00000020112391137', '18607470677179141', '100', '2022-10-26 12:35:00', '2022-10-26 11:35:27', '2022-10-26 11:35:27'),
(58, 1, 125, 'MTN', '00000020112391145', '36542268330838467', '100', '2022-10-26 12:35:00', '2022-10-26 11:35:27', '2022-10-26 11:35:27'),
(59, 1, 125, 'MTN', '00000020112391155', '99413007981157242', '100', '2022-10-26 12:35:00', '2022-10-26 11:35:27', '2022-10-26 11:35:27'),
(60, 1, 125, 'MTN', '00000020112391162', '98823298372268322', '100', '2022-10-26 12:35:00', '2022-10-26 11:35:27', '2022-10-26 11:35:27'),
(61, 1, 125, 'MTN', '00000020123484617', '47364519111870104', '100', '2022-10-26 12:35:00', '2022-10-26 11:35:27', '2022-10-26 11:35:27'),
(62, 1, 125, 'MTN', '00000020123484638', '68616195504677430', '100', '2022-10-26 12:35:00', '2022-10-26 11:35:27', '2022-10-26 11:35:27'),
(63, 1, 125, 'MTN', '00000020123484651', '43681306842144157', '100', '2022-10-26 12:35:00', '2022-10-26 11:35:27', '2022-10-26 11:35:27'),
(64, 1, 125, 'MTN', '00000020123484657', '76272288939054586', '100', '2022-10-26 12:35:00', '2022-10-26 11:35:27', '2022-10-26 11:35:27'),
(65, 1, 125, 'MTN', '00000020123484658', '65784773737121338', '100', '2022-10-26 12:35:00', '2022-10-26 11:35:27', '2022-10-26 11:35:27'),
(66, 1, 125, 'MTN', '00000020123484673', '43488912129206610', '100', '2022-10-26 12:35:00', '2022-10-26 11:35:27', '2022-10-26 11:35:27'),
(67, 1, 125, 'MTN', '00000020123484677', '98251104410059191', '100', '2022-10-26 12:35:00', '2022-10-26 11:35:27', '2022-10-26 11:35:27'),
(68, 1, 125, 'MTN', '00000020123484683', '71985884996461985', '100', '2022-10-26 12:35:00', '2022-10-26 11:35:27', '2022-10-26 11:35:27'),
(69, 1, 125, 'MTN', '00000020123484698', '16224149635445897', '100', '2022-10-26 12:35:00', '2022-10-26 11:35:27', '2022-10-26 11:35:27'),
(70, 1, 125, 'MTN', '00000020123484704', '47365686660869011', '100', '2022-10-26 12:35:00', '2022-10-26 11:35:27', '2022-10-26 11:35:27'),
(71, 1, 125, 'MTN', '00000020125756056', '44237299271178564', '100', '2022-10-26 12:35:00', '2022-10-26 11:35:27', '2022-10-26 11:35:27'),
(72, 1, 125, 'MTN', '00000020125756062', '62882407339369966', '100', '2022-10-26 12:35:00', '2022-10-26 11:35:27', '2022-10-26 11:35:27'),
(73, 1, 125, 'MTN', '00000020125756088', '19543473304457020', '100', '2022-10-26 12:35:00', '2022-10-26 11:35:27', '2022-10-26 11:35:27'),
(74, 1, 125, 'MTN', '00000020125756089', '71629176481402218', '100', '2022-10-26 12:35:00', '2022-10-26 11:35:27', '2022-10-26 11:35:27'),
(75, 1, 125, 'MTN', '00000020125756107', '06281090382544920', '100', '2022-10-26 12:35:00', '2022-10-26 11:35:27', '2022-10-26 11:35:27'),
(76, 1, 125, 'MTN', '00000020126273737', '98697430658800941', '100', '2022-10-26 12:35:00', '2022-10-26 11:35:27', '2022-10-26 11:35:27'),
(77, 1, 125, 'MTN', '00000020126273751', '87358964086107840', '100', '2022-10-26 12:35:00', '2022-10-26 11:35:27', '2022-10-26 11:35:27'),
(78, 1, 125, 'MTN', '00000020126273752', '98182669208374849', '100', '2022-10-26 12:35:00', '2022-10-26 11:35:27', '2022-10-26 11:35:27'),
(79, 1, 125, 'MTN', '00000020126273767', '87588100205479540', '100', '2022-10-26 12:35:00', '2022-10-26 11:35:27', '2022-10-26 11:35:27'),
(80, 1, 125, 'MTN', '00000020126273770', '63500230852889849', '100', '2022-10-26 12:35:00', '2022-10-26 11:35:27', '2022-10-26 11:35:27'),
(81, 1, 125, 'MTN', '00000020126273771', '92706897014749855', '100', '2022-10-26 12:35:00', '2022-10-26 11:35:27', '2022-10-26 11:35:27'),
(82, 1, 125, 'MTN', '00000020126388762', '97485478637031385', '100', '2022-10-26 12:35:00', '2022-10-26 11:35:27', '2022-10-26 11:35:27'),
(83, 1, 125, 'MTN', '00000020126388777', '35332516519562099', '100', '2022-10-26 12:35:00', '2022-10-26 11:35:27', '2022-10-26 11:35:27'),
(84, 1, 125, 'MTN', '00000020126388779', '44024385016434923', '100', '2022-10-26 12:35:00', '2022-10-26 11:35:27', '2022-10-26 11:35:27'),
(85, 1, 125, 'MTN', '00000020126388792', '06529491264271855', '100', '2022-10-26 12:35:00', '2022-10-26 11:35:27', '2022-10-26 11:35:27'),
(86, 1, 125, 'MTN', '00000020129282140', '25236787176028789', '100', '2022-10-26 12:35:00', '2022-10-26 11:35:27', '2022-10-26 11:35:27'),
(87, 1, 125, 'MTN', '00000020129282142', '95261468515382273', '100', '2022-10-26 12:35:00', '2022-10-26 11:35:27', '2022-10-26 11:35:27'),
(88, 1, 125, 'MTN', '00000020129282143', '52649015513288572', '100', '2022-10-26 12:35:00', '2022-10-26 11:35:27', '2022-10-26 11:35:27'),
(89, 1, 125, 'MTN', '00000020129282163', '53400889093495433', '100', '2022-10-26 12:35:00', '2022-10-26 11:35:27', '2022-10-26 11:35:27'),
(90, 1, 125, 'MTN', '00000020129282171', '98184438121590043', '100', '2022-10-26 12:35:00', '2022-10-26 11:35:27', '2022-10-26 11:35:27'),
(91, 1, 125, 'MTN', '00000020137053042', '59651528299570229', '100', '2022-10-26 12:35:00', '2022-10-26 11:35:27', '2022-10-26 11:35:27'),
(92, 1, 125, 'MTN', '00000020137053055', '79513862096407465', '100', '2022-10-26 12:35:00', '2022-10-26 11:35:27', '2022-10-26 11:35:27'),
(93, 1, 125, 'MTN', '00000020137053063', '85966211165099171', '100', '2022-10-26 12:35:00', '2022-10-26 11:35:27', '2022-10-26 11:35:27'),
(94, 1, 125, 'MTN', '00000020137053068', '17487353112544912', '100', '2022-10-26 12:35:00', '2022-10-26 11:35:27', '2022-10-26 11:35:27'),
(95, 1, 125, 'MTN', '00000020137053112', '80379929271198160', '100', '2022-10-26 12:35:00', '2022-10-26 11:35:27', '2022-10-26 11:35:27'),
(96, 1, 125, 'MTN', '00000020137053117', '14872857780892500', '100', '2022-10-26 12:35:00', '2022-10-26 11:35:27', '2022-10-26 11:35:27'),
(97, 1, 125, 'MTN', '00000020137053127', '43634619780012381', '100', '2022-10-26 12:35:00', '2022-10-26 11:35:27', '2022-10-26 11:35:27'),
(98, 1, 125, 'MTN', '00000020137053143', '06382553715730149', '100', '2022-10-26 12:35:00', '2022-10-26 11:35:27', '2022-10-26 11:35:27'),
(99, 1, 125, 'MTN', '00000020137053153', '21108526697407931', '100', '2022-10-26 12:35:00', '2022-10-26 11:35:27', '2022-10-26 11:35:27'),
(100, 1, 125, 'MTN', '00000020137053160', '79513707028369782', '100', '2022-10-26 12:35:00', '2022-10-26 11:35:27', '2022-10-26 11:35:27'),
(101, 1, 125, 'MTN', '00000020137053167', '79519694912095381', '100', '2022-10-26 12:35:00', '2022-10-26 11:35:27', '2022-10-26 11:35:27'),
(102, 1, 125, 'MTN', '00000020137053172', '88630407818072415', '100', '2022-10-26 12:35:00', '2022-10-26 11:35:27', '2022-10-26 11:35:27'),
(103, 1, 125, 'MTN', '00000020137053209', '89073961699527503', '100', '2022-10-26 12:35:00', '2022-10-26 11:35:27', '2022-10-26 11:35:27'),
(104, 1, 125, 'MTN', '00000020137053217', '55163254782137459', '100', '2022-10-26 12:35:00', '2022-10-26 11:35:27', '2022-10-26 11:35:27'),
(105, 1, 126, 'AirTel', '20542063896229059518', '5685122678978698', '100', '2022-11-04 07:45:00', '2022-11-04 06:45:38', '2022-11-04 06:45:38'),
(106, 1, 126, 'AirTel', '20542063896229059519', '5316675913640441', '100', '2022-11-04 07:45:00', '2022-11-04 06:45:38', '2022-11-04 06:45:38'),
(107, 1, 126, 'AirTel', '20542063896229059520', '5832618497349192', '100', '2022-11-04 07:45:00', '2022-11-04 06:45:38', '2022-11-04 06:45:38'),
(108, 1, 126, 'AirTel', '20542063896229059521', '5892676176710438', '100', '2022-11-04 07:45:00', '2022-11-04 06:45:38', '2022-11-04 06:45:38'),
(109, 1, 126, 'AirTel', '20542063896229059522', '5377833621654165', '100', '2022-11-04 07:45:00', '2022-11-04 06:45:38', '2022-11-04 06:45:38'),
(110, 1, 126, 'AirTel', '20542063896229059523', '5503006907680290', '100', '2022-11-04 07:45:00', '2022-11-04 06:45:38', '2022-11-04 06:45:38'),
(111, 1, 126, 'AirTel', '20542063896229059524', '5977293272804481', '100', '2022-11-04 07:45:00', '2022-11-04 06:45:38', '2022-11-04 06:45:38'),
(112, 1, 126, 'AirTel', '20542063896229059525', '5983973863323211', '100', '2022-11-04 07:45:00', '2022-11-04 06:45:38', '2022-11-04 06:45:38'),
(113, 1, 126, 'AirTel', '20542063896229059526', '5915400412167258', '100', '2022-11-04 07:45:00', '2022-11-04 06:45:38', '2022-11-04 06:45:38'),
(114, 1, 126, 'AirTel', '20542063896229059527', '5140970385116319', '100', '2022-11-04 07:45:00', '2022-11-04 06:45:38', '2022-11-04 06:45:38'),
(115, 1, 127, 'GLO', '3199983675002640', '310195098654509', '100', '2022-11-04 07:47:00', '2022-11-04 06:47:29', '2022-11-04 06:47:29'),
(116, 1, 127, 'GLO', '3199983675002641', '313535550996464', '100', '2022-11-04 07:47:00', '2022-11-04 06:47:29', '2022-11-04 06:47:29'),
(117, 1, 127, 'GLO', '3199983675002642', '316019330074955', '100', '2022-11-04 07:47:00', '2022-11-04 06:47:29', '2022-11-04 06:47:29'),
(118, 1, 127, 'GLO', '3199983675002643', '310443922663275', '100', '2022-11-04 07:47:00', '2022-11-04 06:47:29', '2022-11-04 06:47:29'),
(119, 1, 127, 'GLO', '3199983675002644', '313637353584553', '100', '2022-11-04 07:47:00', '2022-11-04 06:47:29', '2022-11-04 06:47:29'),
(120, 1, 127, 'GLO', '3199983675002645', '312260320992270', '100', '2022-11-04 07:47:00', '2022-11-04 06:47:29', '2022-11-04 06:47:29'),
(121, 1, 127, 'GLO', '3199983675002646', '311493462002268', '100', '2022-11-04 07:47:00', '2022-11-04 06:47:29', '2022-11-04 06:47:29'),
(122, 1, 127, 'GLO', '3199983675002647', '312462532568012', '100', '2022-11-04 07:47:00', '2022-11-04 06:47:29', '2022-11-04 06:47:29'),
(123, 1, 127, 'GLO', '3199983675002648', '318535005344076', '100', '2022-11-04 07:47:00', '2022-11-04 06:47:29', '2022-11-04 06:47:29'),
(124, 1, 127, 'GLO', '3199983675002649', '315111575839589', '100', '2022-11-04 07:47:00', '2022-11-04 06:47:29', '2022-11-04 06:47:29'),
(125, 1, 128, 'AirTel', '20542063896229059528', '5892655435086824', '100', '2022-11-04 07:50:00', '2022-11-04 06:50:31', '2022-11-04 06:50:31'),
(126, 1, 128, 'AirTel', '20542063896229059529', '5377800509191818', '100', '2022-11-04 07:50:00', '2022-11-04 06:50:31', '2022-11-04 06:50:31'),
(127, 1, 128, 'AirTel', '20542063896229059530', '5593386318790552', '100', '2022-11-04 07:50:00', '2022-11-04 06:50:31', '2022-11-04 06:50:31'),
(128, 1, 128, 'AirTel', '20542063896229059531', '5383678045603912', '100', '2022-11-04 07:50:00', '2022-11-04 06:50:31', '2022-11-04 06:50:31'),
(129, 1, 128, 'AirTel', '20542063896229059532', '5428118411465911', '100', '2022-11-04 07:50:00', '2022-11-04 06:50:31', '2022-11-04 06:50:31'),
(130, 1, 128, 'AirTel', '20542063896229059533', '5107876487846133', '100', '2022-11-04 07:50:00', '2022-11-04 06:50:31', '2022-11-04 06:50:31'),
(131, 1, 128, 'AirTel', '20542063896229059534', '5935054507069191', '100', '2022-11-04 07:50:00', '2022-11-04 06:50:31', '2022-11-04 06:50:31'),
(132, 1, 128, 'AirTel', '20542063896229059535', '5155760559034677', '100', '2022-11-04 07:50:00', '2022-11-04 06:50:31', '2022-11-04 06:50:31'),
(133, 1, 128, 'AirTel', '20542063896229059536', '5205654236353480', '100', '2022-11-04 07:50:00', '2022-11-04 06:50:31', '2022-11-04 06:50:31'),
(134, 1, 128, 'AirTel', '20542063896229059537', '5067872675675566', '100', '2022-11-04 07:50:00', '2022-11-04 06:50:31', '2022-11-04 06:50:31'),
(135, 1, 128, 'AirTel', '20542063896229059538', '5625196712337874', '100', '2022-11-04 07:50:00', '2022-11-04 06:50:31', '2022-11-04 06:50:31'),
(136, 1, 128, 'AirTel', '20542063896229059539', '5783122546002074', '100', '2022-11-04 07:50:00', '2022-11-04 06:50:31', '2022-11-04 06:50:31'),
(137, 1, 128, 'AirTel', '20542063896229059540', '5084242103001818', '100', '2022-11-04 07:50:00', '2022-11-04 06:50:31', '2022-11-04 06:50:31'),
(138, 1, 128, 'AirTel', '20542063896229059541', '5359308231797670', '100', '2022-11-04 07:50:00', '2022-11-04 06:50:31', '2022-11-04 06:50:31'),
(139, 1, 128, 'AirTel', '20542063896229059542', '5014557784389661', '100', '2022-11-04 07:50:00', '2022-11-04 06:50:31', '2022-11-04 06:50:31'),
(140, 1, 128, 'AirTel', '20542063896229059543', '5451495737365017', '100', '2022-11-04 07:50:00', '2022-11-04 06:50:31', '2022-11-04 06:50:31'),
(141, 1, 128, 'AirTel', '20542063896229059544', '5587231901785253', '100', '2022-11-04 07:50:00', '2022-11-04 06:50:31', '2022-11-04 06:50:31'),
(142, 1, 128, 'AirTel', '20542063896229059545', '5935052619353879', '100', '2022-11-04 07:50:00', '2022-11-04 06:50:31', '2022-11-04 06:50:31'),
(143, 1, 128, 'AirTel', '20542063896229059546', '5625147891785022', '100', '2022-11-04 07:50:00', '2022-11-04 06:50:31', '2022-11-04 06:50:31'),
(144, 1, 128, 'AirTel', '20542063896229059547', '5503046407332886', '100', '2022-11-04 07:50:00', '2022-11-04 06:50:31', '2022-11-04 06:50:31'),
(145, 1, 128, 'AirTel', '20542063896229059548', '5625167597792972', '100', '2022-11-04 07:50:00', '2022-11-04 06:50:31', '2022-11-04 06:50:31'),
(146, 1, 128, 'AirTel', '20542063896229059549', '5106699723255441', '100', '2022-11-04 07:50:00', '2022-11-04 06:50:31', '2022-11-04 06:50:31'),
(147, 1, 128, 'AirTel', '20542063896229059550', '5359100442452669', '100', '2022-11-04 07:50:00', '2022-11-04 06:50:31', '2022-11-04 06:50:31'),
(148, 1, 128, 'AirTel', '20542063896229059551', '5294549678343324', '100', '2022-11-04 07:50:00', '2022-11-04 06:50:31', '2022-11-04 06:50:31'),
(149, 1, 128, 'AirTel', '20542063896229059552', '5892303650907566', '100', '2022-11-04 07:50:00', '2022-11-04 06:50:31', '2022-11-04 06:50:31'),
(150, 1, 129, 'GLO', '3199983675002650', '318851661883369', '100', '2022-11-04 07:51:00', '2022-11-04 06:51:07', '2022-11-04 06:51:07'),
(151, 1, 129, 'GLO', '3199983675002651', '315348328889126', '100', '2022-11-04 07:51:00', '2022-11-04 06:51:07', '2022-11-04 06:51:07'),
(152, 1, 129, 'GLO', '3199983675002652', '310095689178514', '100', '2022-11-04 07:51:00', '2022-11-04 06:51:07', '2022-11-04 06:51:07'),
(153, 1, 129, 'GLO', '3199983675002653', '315986936362494', '100', '2022-11-04 07:51:00', '2022-11-04 06:51:07', '2022-11-04 06:51:07'),
(154, 1, 129, 'GLO', '3199983675002654', '318057988190514', '100', '2022-11-04 07:51:00', '2022-11-04 06:51:07', '2022-11-04 06:51:07'),
(155, 1, 129, 'GLO', '3199983675002655', '312010101759384', '100', '2022-11-04 07:51:00', '2022-11-04 06:51:07', '2022-11-04 06:51:07'),
(156, 1, 129, 'GLO', '3199983675002656', '315308651166792', '100', '2022-11-04 07:51:00', '2022-11-04 06:51:07', '2022-11-04 06:51:07'),
(157, 1, 129, 'GLO', '3199983675002657', '314149898265026', '100', '2022-11-04 07:51:00', '2022-11-04 06:51:07', '2022-11-04 06:51:07'),
(158, 1, 130, 'MTN', '00000020508311977', '11144397026569918', '100', '2022-11-14 09:19:00', '2022-11-14 08:18:52', '2022-11-14 08:18:52'),
(159, 1, 130, 'MTN', '00000020508311979', '51255666115425231', '100', '2022-11-14 09:19:00', '2022-11-14 08:18:52', '2022-11-14 08:18:52'),
(160, 1, 130, 'MTN', '00000020508311989', '40548462287898419', '100', '2022-11-14 09:19:00', '2022-11-14 08:18:52', '2022-11-14 08:18:52'),
(161, 1, 130, 'MTN', '00000020508312007', '07179584475158149', '100', '2022-11-14 09:19:00', '2022-11-14 08:18:52', '2022-11-14 08:18:52'),
(162, 1, 130, 'MTN', '00000020508312023', '79331019493337715', '100', '2022-11-14 09:19:00', '2022-11-14 08:18:52', '2022-11-14 08:18:52'),
(163, 1, 130, 'MTN', '00000020508312036', '05432823062594918', '100', '2022-11-14 09:19:00', '2022-11-14 08:18:52', '2022-11-14 08:18:52'),
(164, 1, 130, 'MTN', '00000020508312047', '05432785799863339', '100', '2022-11-14 09:19:00', '2022-11-14 08:18:52', '2022-11-14 08:18:52'),
(165, 1, 130, 'MTN', '00000020508312055', '50639984111909188', '100', '2022-11-14 09:19:00', '2022-11-14 08:18:52', '2022-11-14 08:18:52'),
(166, 1, 130, 'MTN', '00000020508312078', '66210258680631028', '100', '2022-11-14 09:19:00', '2022-11-14 08:18:52', '2022-11-14 08:18:52'),
(167, 1, 130, 'MTN', '00000020508312086', '59137877680236562', '100', '2022-11-14 09:19:00', '2022-11-14 08:18:52', '2022-11-14 08:18:52'),
(168, 1, 130, 'MTN', '00000020508312102', '09324896813612308', '100', '2022-11-14 09:19:00', '2022-11-14 08:18:52', '2022-11-14 08:18:52'),
(169, 1, 130, 'MTN', '00000020508312170', '17715018939630891', '100', '2022-11-14 09:19:00', '2022-11-14 08:18:52', '2022-11-14 08:18:52'),
(170, 1, 130, 'MTN', '00000020508312172', '76913302018612654', '100', '2022-11-14 09:19:00', '2022-11-14 08:18:52', '2022-11-14 08:18:52'),
(171, 1, 130, 'MTN', '00000020516818616', '10001283233285428', '100', '2022-11-14 09:19:00', '2022-11-14 08:18:52', '2022-11-14 08:18:52'),
(172, 1, 130, 'MTN', '00000020516818654', '65377919248268697', '100', '2022-11-14 09:19:00', '2022-11-14 08:18:52', '2022-11-14 08:18:52'),
(173, 1, 130, 'MTN', '00000020516818692', '59133929446955822', '100', '2022-11-14 09:19:00', '2022-11-14 08:18:52', '2022-11-14 08:18:52'),
(174, 1, 130, 'MTN', '00000020516818714', '30179108642170697', '100', '2022-11-14 09:19:00', '2022-11-14 08:18:52', '2022-11-14 08:18:52'),
(175, 1, 130, 'MTN', '00000020516818720', '56745044421741220', '100', '2022-11-14 09:19:00', '2022-11-14 08:18:52', '2022-11-14 08:18:52'),
(176, 1, 130, 'MTN', '00000020516818735', '45696078042756308', '100', '2022-11-14 09:19:00', '2022-11-14 08:18:52', '2022-11-14 08:18:52'),
(177, 1, 130, 'MTN', '00000020516818784', '51255784150882211', '100', '2022-11-14 09:19:00', '2022-11-14 08:18:52', '2022-11-14 08:18:52'),
(178, 1, 130, 'MTN', '00000020516818790', '97342551097838703', '100', '2022-11-14 09:19:00', '2022-11-14 08:18:52', '2022-11-14 08:18:52'),
(179, 1, 130, 'MTN', '00000020516818826', '81606181714259102', '100', '2022-11-14 09:19:00', '2022-11-14 08:18:52', '2022-11-14 08:18:52'),
(180, 1, 130, 'MTN', '00000020516818830', '29960169180586495', '100', '2022-11-14 09:19:00', '2022-11-14 08:18:52', '2022-11-14 08:18:52'),
(181, 1, 130, 'MTN', '00000020516818832', '97344958689280304', '100', '2022-11-14 09:19:00', '2022-11-14 08:18:52', '2022-11-14 08:18:52'),
(182, 1, 130, 'MTN', '00000020516818928', '53450753674079308', '100', '2022-11-14 09:19:00', '2022-11-14 08:18:52', '2022-11-14 08:18:52'),
(183, 1, 130, 'MTN', '00000020521480790', '91223436264176945', '100', '2022-11-14 09:19:00', '2022-11-14 08:18:52', '2022-11-14 08:18:52'),
(184, 1, 130, 'MTN', '00000020521480797', '91225308266593843', '100', '2022-11-14 09:19:00', '2022-11-14 08:18:52', '2022-11-14 08:18:52'),
(185, 1, 130, 'MTN', '00000020521480826', '54843230068564906', '100', '2022-11-14 09:19:00', '2022-11-14 08:18:52', '2022-11-14 08:18:52'),
(186, 1, 130, 'MTN', '00000020521480839', '81339621959480926', '100', '2022-11-14 09:19:00', '2022-11-14 08:18:52', '2022-11-14 08:18:52'),
(187, 1, 130, 'MTN', '00000020521480852', '08485444047020568', '100', '2022-11-14 09:19:00', '2022-11-14 08:18:52', '2022-11-14 08:18:52'),
(188, 1, 130, 'MTN', '00000020521480856', '81478111289786945', '100', '2022-11-14 09:19:00', '2022-11-14 08:18:52', '2022-11-14 08:18:52'),
(189, 1, 130, 'MTN', '00000020521480861', '04362157705054194', '100', '2022-11-14 09:19:00', '2022-11-14 08:18:52', '2022-11-14 08:18:52'),
(190, 1, 130, 'MTN', '00000020521480892', '04382433975051026', '100', '2022-11-14 09:19:00', '2022-11-14 08:18:52', '2022-11-14 08:18:52'),
(191, 1, 130, 'MTN', '00000020521480901', '20158919208138736', '100', '2022-11-14 09:19:00', '2022-11-14 08:18:52', '2022-11-14 08:18:52'),
(192, 1, 130, 'MTN', '00000020521480905', '33930244086051517', '100', '2022-11-14 09:19:00', '2022-11-14 08:18:52', '2022-11-14 08:18:52'),
(193, 1, 130, 'MTN', '00000020521480959', '04366916256685354', '100', '2022-11-14 09:19:00', '2022-11-14 08:18:52', '2022-11-14 08:18:52'),
(194, 1, 130, 'MTN', '00000020521480974', '70200717556452129', '100', '2022-11-14 09:19:00', '2022-11-14 08:18:52', '2022-11-14 08:18:52'),
(195, 1, 130, 'MTN', '00000020521480979', '48718299986920277', '100', '2022-11-14 09:19:00', '2022-11-14 08:18:52', '2022-11-14 08:18:52'),
(196, 1, 130, 'MTN', '00000020526992479', '56975060092358112', '100', '2022-11-14 09:19:00', '2022-11-14 08:18:52', '2022-11-14 08:18:52'),
(197, 1, 130, 'MTN', '00000020526992482', '20821836205966323', '100', '2022-11-14 09:19:00', '2022-11-14 08:18:52', '2022-11-14 08:18:52'),
(198, 1, 130, 'MTN', '00000020526992494', '21837434426002743', '100', '2022-11-14 09:19:00', '2022-11-14 08:18:52', '2022-11-14 08:18:52'),
(199, 1, 130, 'MTN', '00000020526992496', '57125731355292743', '100', '2022-11-14 09:19:00', '2022-11-14 08:18:52', '2022-11-14 08:18:52'),
(200, 1, 130, 'MTN', '00000020526992500', '81885519241469767', '100', '2022-11-14 09:19:00', '2022-11-14 08:18:52', '2022-11-14 08:18:52'),
(201, 1, 130, 'MTN', '00000020526992550', '39371836774373388', '100', '2022-11-14 09:19:00', '2022-11-14 08:18:52', '2022-11-14 08:18:52'),
(202, 1, 130, 'MTN', '00000020526992572', '49536435443185500', '100', '2022-11-14 09:19:00', '2022-11-14 08:18:52', '2022-11-14 08:18:52'),
(203, 1, 130, 'MTN', '00000020526992580', '57871267994243590', '100', '2022-11-14 09:19:00', '2022-11-14 08:18:52', '2022-11-14 08:18:52'),
(204, 1, 130, 'MTN', '00000020526992583', '43157476637243388', '100', '2022-11-14 09:19:00', '2022-11-14 08:18:52', '2022-11-14 08:18:52'),
(205, 1, 130, 'MTN', '00000020526992584', '16967742116405376', '100', '2022-11-14 09:19:00', '2022-11-14 08:18:52', '2022-11-14 08:18:52'),
(206, 1, 130, 'MTN', '00000020526992585', '85834794116316165', '100', '2022-11-14 09:19:00', '2022-11-14 08:18:52', '2022-11-14 08:18:52'),
(207, 1, 130, 'MTN', '00000020526992588', '39375109550943230', '100', '2022-11-14 09:19:00', '2022-11-14 08:18:52', '2022-11-14 08:18:52'),
(208, 1, 131, 'GLO', '3199983545604816', '310952798104202', '100', '2022-11-14 09:20:00', '2022-11-14 08:19:57', '2022-11-14 08:19:57'),
(209, 1, 131, 'GLO', '3199983545604817', '315588572707911', '100', '2022-11-14 09:20:00', '2022-11-14 08:19:57', '2022-11-14 08:19:57'),
(210, 1, 131, 'GLO', '3199983545604818', '313329912289765', '100', '2022-11-14 09:20:00', '2022-11-14 08:19:57', '2022-11-14 08:19:57'),
(211, 1, 131, 'GLO', '3199983545604819', '315250106154406', '100', '2022-11-14 09:20:00', '2022-11-14 08:19:57', '2022-11-14 08:19:57'),
(212, 1, 131, 'GLO', '3199983545604820', '312308870643121', '100', '2022-11-14 09:20:00', '2022-11-14 08:19:57', '2022-11-14 08:19:57'),
(213, 1, 131, 'GLO', '3199983545604821', '311786131108157', '100', '2022-11-14 09:20:00', '2022-11-14 08:19:57', '2022-11-14 08:19:57'),
(214, 1, 131, 'GLO', '3199983545604822', '316921562042532', '100', '2022-11-14 09:20:00', '2022-11-14 08:19:57', '2022-11-14 08:19:57'),
(215, 1, 131, 'GLO', '3199983545604823', '310776854188001', '100', '2022-11-14 09:20:00', '2022-11-14 08:19:57', '2022-11-14 08:19:57'),
(216, 1, 131, 'GLO', '3199983545604824', '314422447833002', '100', '2022-11-14 09:20:00', '2022-11-14 08:19:57', '2022-11-14 08:19:57'),
(217, 1, 131, 'GLO', '3199983545604825', '310549867479152', '100', '2022-11-14 09:20:00', '2022-11-14 08:19:57', '2022-11-14 08:19:57'),
(218, 1, 131, 'GLO', '3199983545604826', '311109003896189', '100', '2022-11-14 09:20:00', '2022-11-14 08:19:57', '2022-11-14 08:19:57'),
(219, 1, 131, 'GLO', '3199983545604827', '318849344168842', '100', '2022-11-14 09:20:00', '2022-11-14 08:19:57', '2022-11-14 08:19:57'),
(220, 1, 131, 'GLO', '3199983545604828', '319058477787768', '100', '2022-11-14 09:20:00', '2022-11-14 08:19:57', '2022-11-14 08:19:57'),
(221, 1, 131, 'GLO', '3199983545604829', '313650567335974', '100', '2022-11-14 09:20:00', '2022-11-14 08:19:57', '2022-11-14 08:19:57'),
(222, 1, 131, 'GLO', '3199983545604830', '312878448585380', '100', '2022-11-14 09:20:00', '2022-11-14 08:19:57', '2022-11-14 08:19:57'),
(223, 1, 131, 'GLO', '3199983545604831', '311598835390840', '100', '2022-11-14 09:20:00', '2022-11-14 08:19:57', '2022-11-14 08:19:57'),
(224, 1, 131, 'GLO', '3199983545604832', '312820810592175', '100', '2022-11-14 09:20:00', '2022-11-14 08:19:57', '2022-11-14 08:19:57'),
(225, 1, 131, 'GLO', '3199983545604833', '318538253088604', '100', '2022-11-14 09:20:00', '2022-11-14 08:19:57', '2022-11-14 08:19:57'),
(226, 1, 131, 'GLO', '3199983545604834', '311185892261956', '100', '2022-11-14 09:20:00', '2022-11-14 08:19:57', '2022-11-14 08:19:57'),
(227, 1, 131, 'GLO', '3199983545604835', '319073477060454', '100', '2022-11-14 09:20:00', '2022-11-14 08:19:57', '2022-11-14 08:19:57'),
(228, 1, 131, 'GLO', '3199983545604836', '313207971353644', '100', '2022-11-14 09:20:00', '2022-11-14 08:19:57', '2022-11-14 08:19:57'),
(229, 1, 131, 'GLO', '3199983545604837', '315843894437397', '100', '2022-11-14 09:20:00', '2022-11-14 08:19:57', '2022-11-14 08:19:57'),
(230, 1, 131, 'GLO', '3199983545604838', '314009990271468', '100', '2022-11-14 09:20:00', '2022-11-14 08:19:57', '2022-11-14 08:19:57'),
(231, 1, 131, 'GLO', '3199983545604839', '317571525987261', '100', '2022-11-14 09:20:00', '2022-11-14 08:19:57', '2022-11-14 08:19:57'),
(232, 1, 131, 'GLO', '3199983545604840', '316854591024414', '100', '2022-11-14 09:20:00', '2022-11-14 08:19:57', '2022-11-14 08:19:57'),
(233, 1, 131, 'GLO', '3199983545604841', '310459827474516', '100', '2022-11-14 09:20:00', '2022-11-14 08:19:57', '2022-11-14 08:19:57'),
(234, 1, 131, 'GLO', '3199983545604842', '314575062765924', '100', '2022-11-14 09:20:00', '2022-11-14 08:19:57', '2022-11-14 08:19:57'),
(235, 1, 131, 'GLO', '3199983545604843', '312775878066997', '100', '2022-11-14 09:20:00', '2022-11-14 08:19:57', '2022-11-14 08:19:57'),
(236, 1, 131, 'GLO', '3199983545604844', '310376864651488', '100', '2022-11-14 09:20:00', '2022-11-14 08:19:57', '2022-11-14 08:19:57'),
(237, 1, 131, 'GLO', '3199983545604845', '312215426620313', '100', '2022-11-14 09:20:00', '2022-11-14 08:19:57', '2022-11-14 08:19:57'),
(238, 1, 131, 'GLO', '3199983545604846', '317752389257830', '100', '2022-11-14 09:20:00', '2022-11-14 08:19:57', '2022-11-14 08:19:57'),
(239, 1, 131, 'GLO', '3199983545604847', '315947217183037', '100', '2022-11-14 09:20:00', '2022-11-14 08:19:57', '2022-11-14 08:19:57'),
(240, 1, 131, 'GLO', '3199983545604848', '311937113858599', '100', '2022-11-14 09:20:00', '2022-11-14 08:19:57', '2022-11-14 08:19:57'),
(241, 1, 131, 'GLO', '3199983545604849', '310778844863898', '100', '2022-11-14 09:20:00', '2022-11-14 08:19:57', '2022-11-14 08:19:57'),
(242, 1, 131, 'GLO', '3199983545604850', '315977744153231', '100', '2022-11-14 09:20:00', '2022-11-14 08:19:57', '2022-11-14 08:19:57'),
(243, 1, 131, 'GLO', '3199983545604851', '314095157867939', '100', '2022-11-14 09:20:00', '2022-11-14 08:19:57', '2022-11-14 08:19:57'),
(244, 1, 131, 'GLO', '3199983545610135', '318952238765726', '100', '2022-11-14 09:20:00', '2022-11-14 08:19:57', '2022-11-14 08:19:57'),
(245, 1, 131, 'GLO', '3199983545610136', '312659326313520', '100', '2022-11-14 09:20:00', '2022-11-14 08:19:57', '2022-11-14 08:19:57'),
(246, 1, 131, 'GLO', '3199983545610137', '314769211481729', '100', '2022-11-14 09:20:00', '2022-11-14 08:19:57', '2022-11-14 08:19:57'),
(247, 1, 131, 'GLO', '3199983545610138', '310448912790928', '100', '2022-11-14 09:20:00', '2022-11-14 08:19:57', '2022-11-14 08:19:57'),
(248, 1, 131, 'GLO', '3199983545610139', '313721881851757', '100', '2022-11-14 09:20:00', '2022-11-14 08:19:57', '2022-11-14 08:19:57'),
(249, 1, 131, 'GLO', '3199983545610140', '310074708380945', '100', '2022-11-14 09:20:00', '2022-11-14 08:19:57', '2022-11-14 08:19:57'),
(250, 1, 131, 'GLO', '3199983545610141', '317931653207217', '100', '2022-11-14 09:20:00', '2022-11-14 08:19:57', '2022-11-14 08:19:57'),
(251, 1, 131, 'GLO', '3199983545610142', '311480221225957', '100', '2022-11-14 09:20:00', '2022-11-14 08:19:57', '2022-11-14 08:19:57'),
(252, 1, 131, 'GLO', '3199983545610143', '317744294403996', '100', '2022-11-14 09:20:00', '2022-11-14 08:19:57', '2022-11-14 08:19:57'),
(253, 1, 131, 'GLO', '3199983545610144', '310463654319596', '100', '2022-11-14 09:20:00', '2022-11-14 08:19:57', '2022-11-14 08:19:57'),
(254, 1, 131, 'GLO', '3199983545610145', '318576455338629', '100', '2022-11-14 09:20:00', '2022-11-14 08:19:57', '2022-11-14 08:19:57'),
(255, 1, 131, 'GLO', '3199983545610146', '311709811225503', '100', '2022-11-14 09:20:00', '2022-11-14 08:19:57', '2022-11-14 08:19:57'),
(256, 1, 131, 'GLO', '3199983545610147', '315437951501387', '100', '2022-11-14 09:20:00', '2022-11-14 08:19:57', '2022-11-14 08:19:57'),
(257, 1, 131, 'GLO', '3199983545610451', '319040859710634', '100', '2022-11-14 09:20:00', '2022-11-14 08:19:57', '2022-11-14 08:19:57'),
(258, 1, 132, 'AirTel', '20544442606646933778', '1464981687421397', '100', '2022-11-14 09:21:00', '2022-11-14 08:20:49', '2022-11-14 08:20:49'),
(259, 1, 132, 'AirTel', '20544442606646933779', '1782961947952423', '100', '2022-11-14 09:21:00', '2022-11-14 08:20:49', '2022-11-14 08:20:49'),
(260, 1, 132, 'AirTel', '20544442606646933780', '1827819286964857', '100', '2022-11-14 09:21:00', '2022-11-14 08:20:50', '2022-11-14 08:20:50'),
(261, 1, 132, 'AirTel', '20544442606646933781', '1479257220565108', '100', '2022-11-14 09:21:00', '2022-11-14 08:20:50', '2022-11-14 08:20:50'),
(262, 1, 132, 'AirTel', '20544442606646933782', '1755464374769653', '100', '2022-11-14 09:21:00', '2022-11-14 08:20:50', '2022-11-14 08:20:50'),
(263, 1, 132, 'AirTel', '20544442606646933783', '1570498102466596', '100', '2022-11-14 09:21:00', '2022-11-14 08:20:50', '2022-11-14 08:20:50'),
(264, 1, 132, 'AirTel', '20544442606646933784', '1491924931412770', '100', '2022-11-14 09:21:00', '2022-11-14 08:20:50', '2022-11-14 08:20:50'),
(265, 1, 132, 'AirTel', '20544442606646933785', '1257612361828490', '100', '2022-11-14 09:21:00', '2022-11-14 08:20:50', '2022-11-14 08:20:50'),
(266, 1, 132, 'AirTel', '20544442606646933786', '1216343604953593', '100', '2022-11-14 09:21:00', '2022-11-14 08:20:50', '2022-11-14 08:20:50'),
(267, 1, 132, 'AirTel', '20544442606646933787', '1067511523125166', '100', '2022-11-14 09:21:00', '2022-11-14 08:20:50', '2022-11-14 08:20:50'),
(268, 1, 132, 'AirTel', '20544442606646933788', '1215295428985146', '100', '2022-11-14 09:21:00', '2022-11-14 08:20:50', '2022-11-14 08:20:50'),
(269, 1, 132, 'AirTel', '20544443396646949418', '1782903794598975', '100', '2022-11-14 09:21:00', '2022-11-14 08:20:50', '2022-11-14 08:20:50'),
(270, 1, 132, 'AirTel', '20544443396646949419', '1055747052132532', '100', '2022-11-14 09:21:00', '2022-11-14 08:20:50', '2022-11-14 08:20:50'),
(271, 1, 132, 'AirTel', '20544443396646949420', '1654577945530569', '100', '2022-11-14 09:21:00', '2022-11-14 08:20:50', '2022-11-14 08:20:50'),
(272, 1, 132, 'AirTel', '20544443396646949421', '1859396006623667', '100', '2022-11-14 09:21:00', '2022-11-14 08:20:50', '2022-11-14 08:20:50'),
(273, 1, 132, 'AirTel', '20544443396646949422', '1036004117046620', '100', '2022-11-14 09:21:00', '2022-11-14 08:20:50', '2022-11-14 08:20:50'),
(274, 1, 132, 'AirTel', '20544443396646949423', '1247115545062723', '100', '2022-11-14 09:21:00', '2022-11-14 08:20:50', '2022-11-14 08:20:50'),
(275, 1, 132, 'AirTel', '20544443396646949424', '1464912458113761', '100', '2022-11-14 09:21:00', '2022-11-14 08:20:50', '2022-11-14 08:20:50'),
(276, 1, 132, 'AirTel', '20544443396646949425', '1904024886768593', '100', '2022-11-14 09:21:00', '2022-11-14 08:20:50', '2022-11-14 08:20:50'),
(277, 1, 132, 'AirTel', '20544443396646949426', '1216375123565582', '100', '2022-11-14 09:21:00', '2022-11-14 08:20:50', '2022-11-14 08:20:50'),
(278, 1, 132, 'AirTel', '20544443396646949427', '1484767929596382', '100', '2022-11-14 09:21:00', '2022-11-14 08:20:50', '2022-11-14 08:20:50'),
(279, 1, 132, 'AirTel', '20544443396646949428', '1668006146863188', '100', '2022-11-14 09:21:00', '2022-11-14 08:20:50', '2022-11-14 08:20:50'),
(280, 1, 132, 'AirTel', '20544443396646949429', '1352634784598461', '100', '2022-11-14 09:21:00', '2022-11-14 08:20:50', '2022-11-14 08:20:50'),
(281, 1, 132, 'AirTel', '20544443396646949430', '1433041392869889', '100', '2022-11-14 09:21:00', '2022-11-14 08:20:50', '2022-11-14 08:20:50'),
(282, 1, 132, 'AirTel', '20544443396646949431', '1149917141016291', '100', '2022-11-14 09:21:00', '2022-11-14 08:20:50', '2022-11-14 08:20:50'),
(283, 1, 132, 'AirTel', '20544443396646949432', '1912593719994626', '100', '2022-11-14 09:21:00', '2022-11-14 08:20:50', '2022-11-14 08:20:50'),
(284, 1, 132, 'AirTel', '20544443396646949433', '1055715612467573', '100', '2022-11-14 09:21:00', '2022-11-14 08:20:50', '2022-11-14 08:20:50'),
(285, 1, 132, 'AirTel', '20544443396646949434', '1139332139779688', '100', '2022-11-14 09:21:00', '2022-11-14 08:20:50', '2022-11-14 08:20:50'),
(286, 1, 132, 'AirTel', '20544443396646949435', '1251027613086423', '100', '2022-11-14 09:21:00', '2022-11-14 08:20:50', '2022-11-14 08:20:50'),
(287, 1, 132, 'AirTel', '20544443396646949436', '1496934149142889', '100', '2022-11-14 09:21:00', '2022-11-14 08:20:50', '2022-11-14 08:20:50'),
(288, 1, 132, 'AirTel', '20544443396646949437', '1067520579650807', '100', '2022-11-14 09:21:00', '2022-11-14 08:20:50', '2022-11-14 08:20:50'),
(289, 1, 132, 'AirTel', '20544443396646949438', '1479290966168857', '100', '2022-11-14 09:21:00', '2022-11-14 08:20:50', '2022-11-14 08:20:50'),
(290, 1, 132, 'AirTel', '20544443396646949439', '1609011465937417', '100', '2022-11-14 09:21:00', '2022-11-14 08:20:50', '2022-11-14 08:20:50'),
(291, 1, 132, 'AirTel', '20544443396646949440', '1165782110782627', '100', '2022-11-14 09:21:00', '2022-11-14 08:20:50', '2022-11-14 08:20:50'),
(292, 1, 132, 'AirTel', '20544443396646949441', '1491935122497397', '100', '2022-11-14 09:21:00', '2022-11-14 08:20:50', '2022-11-14 08:20:50'),
(293, 1, 132, 'AirTel', '20544443396646949442', '1827882523630688', '100', '2022-11-14 09:21:00', '2022-11-14 08:20:50', '2022-11-14 08:20:50'),
(294, 1, 132, 'AirTel', '20544443396646949443', '1682327559137515', '100', '2022-11-14 09:21:00', '2022-11-14 08:20:50', '2022-11-14 08:20:50'),
(295, 1, 132, 'AirTel', '20544443396646949444', '1216357145473063', '100', '2022-11-14 09:21:00', '2022-11-14 08:20:50', '2022-11-14 08:20:50'),
(296, 1, 132, 'AirTel', '20544443396646949445', '1131317892891658', '100', '2022-11-14 09:21:00', '2022-11-14 08:20:50', '2022-11-14 08:20:50'),
(297, 1, 132, 'AirTel', '20544443396646949446', '1215218484915532', '100', '2022-11-14 09:21:00', '2022-11-14 08:20:50', '2022-11-14 08:20:50'),
(298, 1, 132, 'AirTel', '20544443396646949447', '1859360848092857', '100', '2022-11-14 09:21:00', '2022-11-14 08:20:50', '2022-11-14 08:20:50'),
(299, 1, 132, 'AirTel', '20544443396646949448', '1668002024428468', '100', '2022-11-14 09:21:00', '2022-11-14 08:20:50', '2022-11-14 08:20:50'),
(300, 1, 132, 'AirTel', '20544443396646949449', '1575098237946857', '100', '2022-11-14 09:21:00', '2022-11-14 08:20:50', '2022-11-14 08:20:50'),
(301, 1, 132, 'AirTel', '20544443396646949450', '1576070598872310', '100', '2022-11-14 09:21:00', '2022-11-14 08:20:50', '2022-11-14 08:20:50'),
(302, 1, 132, 'AirTel', '20544443396646949451', '1487327405216291', '100', '2022-11-14 09:21:00', '2022-11-14 08:20:50', '2022-11-14 08:20:50'),
(303, 1, 132, 'AirTel', '20544443396646949452', '1730448812543647', '100', '2022-11-14 09:21:00', '2022-11-14 08:20:50', '2022-11-14 08:20:50'),
(304, 1, 132, 'AirTel', '20544443396646949453', '1887490658058210', '100', '2022-11-14 09:21:00', '2022-11-14 08:20:50', '2022-11-14 08:20:50'),
(305, 1, 132, 'AirTel', '20544443396646949454', '1773158772456382', '100', '2022-11-14 09:21:00', '2022-11-14 08:20:50', '2022-11-14 08:20:50'),
(306, 1, 132, 'AirTel', '20544443396646949455', '1827895428113770', '100', '2022-11-14 09:21:00', '2022-11-14 08:20:50', '2022-11-14 08:20:50'),
(307, 1, 132, 'AirTel', '20544443396646949456', '1306758934210957', '100', '2022-11-14 09:21:00', '2022-11-14 08:20:50', '2022-11-14 08:20:50'),
(308, 1, 133, 'MTN', '00000020508312234', '26301770106499049', '100', '2022-11-14 09:21:00', '2022-11-14 08:21:32', '2022-11-14 08:21:32'),
(309, 1, 133, 'MTN', '00000020508312240', '86471703277936699', '100', '2022-11-14 09:21:00', '2022-11-14 08:21:32', '2022-11-14 08:21:32'),
(310, 1, 133, 'MTN', '00000020508312248', '30962868617904902', '100', '2022-11-14 09:21:00', '2022-11-14 08:21:32', '2022-11-14 08:21:32'),
(311, 1, 133, 'MTN', '00000020508312265', '46968898939391845', '100', '2022-11-14 09:21:00', '2022-11-14 08:21:32', '2022-11-14 08:21:32'),
(312, 1, 133, 'MTN', '00000020508312266', '15802723302627868', '100', '2022-11-14 09:21:00', '2022-11-14 08:21:32', '2022-11-14 08:21:32'),
(313, 1, 133, 'MTN', '00000020508312273', '04834799033563015', '100', '2022-11-14 09:21:00', '2022-11-14 08:21:32', '2022-11-14 08:21:32'),
(314, 1, 133, 'MTN', '00000020508312274', '76914991592085140', '100', '2022-11-14 09:21:00', '2022-11-14 08:21:32', '2022-11-14 08:21:32'),
(315, 1, 133, 'MTN', '00000020508312300', '18458031347253070', '100', '2022-11-14 09:21:00', '2022-11-14 08:21:32', '2022-11-14 08:21:32'),
(316, 1, 133, 'MTN', '00000020508312304', '17719190770995211', '100', '2022-11-14 09:21:00', '2022-11-14 08:21:32', '2022-11-14 08:21:32'),
(317, 1, 133, 'MTN', '00000020508312313', '25873641275874210', '100', '2022-11-14 09:21:00', '2022-11-14 08:21:32', '2022-11-14 08:21:32'),
(318, 1, 133, 'MTN', '00000020508312329', '00508790846391444', '100', '2022-11-14 09:21:00', '2022-11-14 08:21:32', '2022-11-14 08:21:32'),
(319, 1, 133, 'MTN', '00000020508312330', '97348241736863937', '100', '2022-11-14 09:21:00', '2022-11-14 08:21:32', '2022-11-14 08:21:32'),
(320, 1, 133, 'MTN', '00000020508312347', '57079728275629567', '100', '2022-11-14 09:21:00', '2022-11-14 08:21:32', '2022-11-14 08:21:32'),
(321, 1, 133, 'MTN', '00000020508312362', '79333380534863376', '100', '2022-11-14 09:21:00', '2022-11-14 08:21:32', '2022-11-14 08:21:32'),
(322, 1, 133, 'MTN', '00000020508312384', '86474013064337889', '100', '2022-11-14 09:21:00', '2022-11-14 08:21:32', '2022-11-14 08:21:32'),
(323, 1, 133, 'MTN', '00000020508312387', '97349698360629428', '100', '2022-11-14 09:21:00', '2022-11-14 08:21:32', '2022-11-14 08:21:32'),
(324, 1, 133, 'MTN', '00000020508312409', '07428710111063634', '100', '2022-11-14 09:21:00', '2022-11-14 08:21:32', '2022-11-14 08:21:32'),
(325, 1, 133, 'MTN', '00000020508312430', '60302836139085797', '100', '2022-11-14 09:21:00', '2022-11-14 08:21:32', '2022-11-14 08:21:32'),
(326, 1, 133, 'MTN', '00000020508312438', '91212449483029149', '100', '2022-11-14 09:21:00', '2022-11-14 08:21:32', '2022-11-14 08:21:32'),
(327, 1, 133, 'MTN', '00000020508312451', '57075603536863367', '100', '2022-11-14 09:21:00', '2022-11-14 08:21:32', '2022-11-14 08:21:32'),
(328, 1, 133, 'MTN', '00000020508312452', '77285639286773749', '100', '2022-11-14 09:21:00', '2022-11-14 08:21:32', '2022-11-14 08:21:32'),
(329, 1, 133, 'MTN', '00000020508312475', '41979106493627699', '100', '2022-11-14 09:21:00', '2022-11-14 08:21:32', '2022-11-14 08:21:32'),
(330, 1, 133, 'MTN', '00000020508312485', '77259466360848112', '100', '2022-11-14 09:21:00', '2022-11-14 08:21:32', '2022-11-14 08:21:32'),
(331, 1, 133, 'MTN', '00000020516819014', '46966722785329902', '100', '2022-11-14 09:21:00', '2022-11-14 08:21:32', '2022-11-14 08:21:32'),
(332, 1, 133, 'MTN', '00000020516819031', '76913585946882654', '100', '2022-11-14 09:21:00', '2022-11-14 08:21:32', '2022-11-14 08:21:32'),
(333, 1, 133, 'MTN', '00000020516819138', '25396107988104699', '100', '2022-11-14 09:21:00', '2022-11-14 08:21:32', '2022-11-14 08:21:32'),
(334, 1, 133, 'MTN', '00000020516819225', '39586389792970160', '100', '2022-11-14 09:21:00', '2022-11-14 08:21:32', '2022-11-14 08:21:32'),
(335, 1, 133, 'MTN', '00000020516819236', '71648140980876028', '100', '2022-11-14 09:21:00', '2022-11-14 08:21:32', '2022-11-14 08:21:32'),
(336, 1, 133, 'MTN', '00000020516819250', '71648262641815382', '100', '2022-11-14 09:21:00', '2022-11-14 08:21:32', '2022-11-14 08:21:32'),
(337, 1, 133, 'MTN', '00000020516819325', '66216433035763107', '100', '2022-11-14 09:21:00', '2022-11-14 08:21:32', '2022-11-14 08:21:32'),
(338, 1, 133, 'MTN', '00000020516819349', '66005137655758367', '100', '2022-11-14 09:21:00', '2022-11-14 08:21:32', '2022-11-14 08:21:32'),
(339, 1, 133, 'MTN', '00000020516819356', '95334093491686634', '100', '2022-11-14 09:21:00', '2022-11-14 08:21:32', '2022-11-14 08:21:32'),
(340, 1, 133, 'MTN', '00000020516819378', '97345391409993780', '100', '2022-11-14 09:21:00', '2022-11-14 08:21:32', '2022-11-14 08:21:32'),
(341, 1, 133, 'MTN', '00000020516819389', '23652789456601230', '100', '2022-11-14 09:21:00', '2022-11-14 08:21:32', '2022-11-14 08:21:32'),
(342, 1, 133, 'MTN', '00000020516819391', '21234007462756230', '100', '2022-11-14 09:21:00', '2022-11-14 08:21:32', '2022-11-14 08:21:32'),
(343, 1, 133, 'MTN', '00000020516819420', '91788750113340481', '100', '2022-11-14 09:21:00', '2022-11-14 08:21:32', '2022-11-14 08:21:32'),
(344, 1, 133, 'MTN', '00000020516819421', '49710842946359050', '100', '2022-11-14 09:21:00', '2022-11-14 08:21:32', '2022-11-14 08:21:32'),
(345, 1, 133, 'MTN', '00000020516819433', '55259407636692767', '100', '2022-11-14 09:21:00', '2022-11-14 08:21:32', '2022-11-14 08:21:32'),
(346, 1, 133, 'MTN', '00000020516819434', '20986225977104713', '100', '2022-11-14 09:21:00', '2022-11-14 08:21:32', '2022-11-14 08:21:32'),
(347, 1, 133, 'MTN', '00000020516819437', '70129117690887172', '100', '2022-11-14 09:21:00', '2022-11-14 08:21:32', '2022-11-14 08:21:32'),
(348, 1, 133, 'MTN', '00000020516819440', '65372414980285199', '100', '2022-11-14 09:21:00', '2022-11-14 08:21:32', '2022-11-14 08:21:32'),
(349, 1, 133, 'MTN', '00000020516819451', '64824256789039822', '100', '2022-11-14 09:21:00', '2022-11-14 08:21:32', '2022-11-14 08:21:32'),
(350, 1, 133, 'MTN', '00000020516819517', '20989441789278381', '100', '2022-11-14 09:21:00', '2022-11-14 08:21:32', '2022-11-14 08:21:32'),
(351, 1, 133, 'MTN', '00000020516819576', '68001978035518197', '100', '2022-11-14 09:21:00', '2022-11-14 08:21:32', '2022-11-14 08:21:32'),
(352, 1, 133, 'MTN', '00000020516819597', '25393508274037271', '100', '2022-11-14 09:21:00', '2022-11-14 08:21:32', '2022-11-14 08:21:32'),
(353, 1, 133, 'MTN', '00000020516819658', '91789239150268102', '100', '2022-11-14 09:21:00', '2022-11-14 08:21:32', '2022-11-14 08:21:32'),
(354, 1, 133, 'MTN', '00000020516819664', '95254562915359937', '100', '2022-11-14 09:21:00', '2022-11-14 08:21:32', '2022-11-14 08:21:32'),
(355, 1, 133, 'MTN', '00000020521481050', '35996379460836718', '100', '2022-11-14 09:21:00', '2022-11-14 08:21:32', '2022-11-14 08:21:32'),
(356, 1, 133, 'MTN', '00000020521481062', '60363991979051287', '100', '2022-11-14 09:21:00', '2022-11-14 08:21:32', '2022-11-14 08:21:32'),
(357, 1, 133, 'MTN', '00000020521481074', '60362511205859004', '100', '2022-11-14 09:21:00', '2022-11-14 08:21:32', '2022-11-14 08:21:32'),
(358, 1, 133, 'MTN', '00000020521481129', '70908381332869242', '100', '2022-11-14 09:21:00', '2022-11-14 08:21:32', '2022-11-14 08:21:32'),
(359, 1, 133, 'MTN', '00000020521481135', '21575591659209770', '100', '2022-11-14 09:21:00', '2022-11-14 08:21:32', '2022-11-14 08:21:32'),
(360, 1, 133, 'MTN', '00000020521481136', '03336800332292635', '100', '2022-11-14 09:21:00', '2022-11-14 08:21:32', '2022-11-14 08:21:32');
INSERT INTO `epin_pdf` (`id`, `user_id`, `transaction_id`, `mobile_network`, `sno`, `pin`, `amount`, `transaction_date`, `created_at`, `updated_at`) VALUES
(361, 1, 133, 'MTN', '00000020521481138', '65288764212452722', '100', '2022-11-14 09:21:00', '2022-11-14 08:21:32', '2022-11-14 08:21:32'),
(362, 1, 133, 'MTN', '00000020521481141', '81471203135513926', '100', '2022-11-14 09:21:00', '2022-11-14 08:21:32', '2022-11-14 08:21:32'),
(363, 1, 133, 'MTN', '00000020521481173', '18966460556509336', '100', '2022-11-14 09:21:00', '2022-11-14 08:21:32', '2022-11-14 08:21:32'),
(364, 1, 133, 'MTN', '00000020521481203', '57135271637983991', '100', '2022-11-14 09:21:00', '2022-11-14 08:21:32', '2022-11-14 08:21:32'),
(365, 1, 133, 'MTN', '00000020521481206', '80997725471983336', '100', '2022-11-14 09:21:00', '2022-11-14 08:21:32', '2022-11-14 08:21:32'),
(366, 1, 133, 'MTN', '00000020521481221', '33934953332469660', '100', '2022-11-14 09:21:00', '2022-11-14 08:21:32', '2022-11-14 08:21:32'),
(367, 1, 133, 'MTN', '00000020521481232', '27107902078859635', '100', '2022-11-14 09:21:00', '2022-11-14 08:21:32', '2022-11-14 08:21:32'),
(368, 1, 133, 'MTN', '00000020521481240', '64581704994083275', '100', '2022-11-14 09:21:00', '2022-11-14 08:21:32', '2022-11-14 08:21:32'),
(369, 1, 133, 'MTN', '00000020521481242', '03339412086144064', '100', '2022-11-14 09:21:00', '2022-11-14 08:21:32', '2022-11-14 08:21:32'),
(370, 1, 133, 'MTN', '00000020521481244', '32937934241358895', '100', '2022-11-14 09:21:00', '2022-11-14 08:21:32', '2022-11-14 08:21:32'),
(371, 1, 133, 'MTN', '00000020521481265', '88904076090375075', '100', '2022-11-14 09:21:00', '2022-11-14 08:21:32', '2022-11-14 08:21:32'),
(372, 1, 133, 'MTN', '00000020521481289', '38694953759466493', '100', '2022-11-14 09:21:00', '2022-11-14 08:21:32', '2022-11-14 08:21:32'),
(373, 1, 133, 'MTN', '00000020521481292', '20158949658702722', '100', '2022-11-14 09:21:00', '2022-11-14 08:21:32', '2022-11-14 08:21:32'),
(374, 1, 133, 'MTN', '00000020521481295', '54670881658316591', '100', '2022-11-14 09:21:00', '2022-11-14 08:21:32', '2022-11-14 08:21:32'),
(375, 1, 133, 'MTN', '00000020521481298', '72148161524470467', '100', '2022-11-14 09:21:00', '2022-11-14 08:21:32', '2022-11-14 08:21:32'),
(376, 1, 133, 'MTN', '00000020521481303', '08331478355077736', '100', '2022-11-14 09:21:00', '2022-11-14 08:21:32', '2022-11-14 08:21:32'),
(377, 1, 133, 'MTN', '00000020521481306', '36531157759372363', '100', '2022-11-14 09:21:00', '2022-11-14 08:21:32', '2022-11-14 08:21:32'),
(378, 1, 133, 'MTN', '00000020521481307', '13842266987469360', '100', '2022-11-14 09:21:00', '2022-11-14 08:21:32', '2022-11-14 08:21:32'),
(379, 1, 133, 'MTN', '00000020521481309', '68427174556644168', '100', '2022-11-14 09:21:00', '2022-11-14 08:21:32', '2022-11-14 08:21:32'),
(380, 1, 133, 'MTN', '00000020521481363', '43050491637966700', '100', '2022-11-14 09:21:00', '2022-11-14 08:21:32', '2022-11-14 08:21:32'),
(381, 1, 133, 'MTN', '00000020525980425', '83818495474183031', '100', '2022-11-14 09:21:00', '2022-11-14 08:21:32', '2022-11-14 08:21:32'),
(382, 1, 133, 'MTN', '00000020526992674', '38024654512983818', '100', '2022-11-14 09:21:00', '2022-11-14 08:21:32', '2022-11-14 08:21:32'),
(383, 1, 133, 'MTN', '00000020526992692', '70791532305983381', '100', '2022-11-14 09:21:00', '2022-11-14 08:21:32', '2022-11-14 08:21:32'),
(384, 1, 133, 'MTN', '00000020526992693', '57874521246584015', '100', '2022-11-14 09:21:00', '2022-11-14 08:21:32', '2022-11-14 08:21:32'),
(385, 1, 133, 'MTN', '00000020526992695', '55910335074793101', '100', '2022-11-14 09:21:00', '2022-11-14 08:21:32', '2022-11-14 08:21:32'),
(386, 1, 133, 'MTN', '00000020526992698', '81778955257316780', '100', '2022-11-14 09:21:00', '2022-11-14 08:21:32', '2022-11-14 08:21:32'),
(387, 1, 133, 'MTN', '00000020526992710', '56903052086243102', '100', '2022-11-14 09:21:00', '2022-11-14 08:21:32', '2022-11-14 08:21:32'),
(388, 1, 133, 'MTN', '00000020526992735', '21833908875851428', '100', '2022-11-14 09:21:00', '2022-11-14 08:21:32', '2022-11-14 08:21:32'),
(389, 1, 133, 'MTN', '00000020526992739', '01374112487579049', '100', '2022-11-14 09:21:00', '2022-11-14 08:21:32', '2022-11-14 08:21:32'),
(390, 1, 133, 'MTN', '00000020526992744', '22544090781786101', '100', '2022-11-14 09:21:00', '2022-11-14 08:21:32', '2022-11-14 08:21:32'),
(391, 1, 133, 'MTN', '00000020526992801', '56909480448461096', '100', '2022-11-14 09:21:00', '2022-11-14 08:21:32', '2022-11-14 08:21:32'),
(392, 1, 133, 'MTN', '00000020526992810', '38022059264375931', '100', '2022-11-14 09:21:00', '2022-11-14 08:21:32', '2022-11-14 08:21:32'),
(393, 1, 133, 'MTN', '00000020526992827', '51766905512515381', '100', '2022-11-14 09:21:00', '2022-11-14 08:21:32', '2022-11-14 08:21:32'),
(394, 1, 133, 'MTN', '00000020526992845', '00283566262051096', '100', '2022-11-14 09:21:00', '2022-11-14 08:21:32', '2022-11-14 08:21:32'),
(395, 1, 133, 'MTN', '00000020526992900', '99874318256531220', '100', '2022-11-14 09:21:00', '2022-11-14 08:21:32', '2022-11-14 08:21:32'),
(396, 1, 133, 'MTN', '00000020526992986', '72825724332502479', '100', '2022-11-14 09:21:00', '2022-11-14 08:21:32', '2022-11-14 08:21:32'),
(397, 1, 133, 'MTN', '00000020526992994', '48047065116553822', '100', '2022-11-14 09:21:00', '2022-11-14 08:21:32', '2022-11-14 08:21:32'),
(398, 1, 133, 'MTN', '00000020526993040', '25041644620677049', '100', '2022-11-14 09:21:00', '2022-11-14 08:21:32', '2022-11-14 08:21:32'),
(399, 1, 133, 'MTN', '00000020526993071', '07658447086677050', '100', '2022-11-14 09:21:00', '2022-11-14 08:21:32', '2022-11-14 08:21:32'),
(400, 1, 133, 'MTN', '00000020526993090', '14998736056983494', '100', '2022-11-14 09:21:00', '2022-11-14 08:21:32', '2022-11-14 08:21:32'),
(401, 1, 133, 'MTN', '00000020526993098', '47063057284372743', '100', '2022-11-14 09:21:00', '2022-11-14 08:21:32', '2022-11-14 08:21:32'),
(402, 1, 133, 'MTN', '00000020526993129', '03610237753677188', '100', '2022-11-14 09:21:00', '2022-11-14 08:21:32', '2022-11-14 08:21:32'),
(403, 1, 133, 'MTN', '00000020526993150', '92340613482358459', '100', '2022-11-14 09:21:00', '2022-11-14 08:21:32', '2022-11-14 08:21:32'),
(404, 1, 133, 'MTN', '00000020526993154', '01786853833291797', '100', '2022-11-14 09:21:00', '2022-11-14 08:21:32', '2022-11-14 08:21:32'),
(405, 1, 133, 'MTN', '00000020526993157', '57122581135466818', '100', '2022-11-14 09:21:00', '2022-11-14 08:21:32', '2022-11-14 08:21:32'),
(406, 1, 133, 'MTN', '00000020526993172', '05657791010869231', '100', '2022-11-14 09:21:00', '2022-11-14 08:21:32', '2022-11-14 08:21:32'),
(407, 1, 133, 'MTN', '00000020526993200', '49539383269702220', '100', '2022-11-14 09:21:00', '2022-11-14 08:21:32', '2022-11-14 08:21:32'),
(408, 1, 134, 'MTN', '00000020303066034', '04274878841221790', '200', '2022-11-14 09:23:00', '2022-11-14 08:22:41', '2022-11-14 08:22:41'),
(409, 1, 134, 'MTN', '00000020303066106', '03110937431515948', '200', '2022-11-14 09:23:00', '2022-11-14 08:22:41', '2022-11-14 08:22:41'),
(410, 1, 134, 'MTN', '00000020303066116', '76636856110083598', '200', '2022-11-14 09:23:00', '2022-11-14 08:22:41', '2022-11-14 08:22:41'),
(411, 1, 134, 'MTN', '00000020303066136', '48567648696316506', '200', '2022-11-14 09:23:00', '2022-11-14 08:22:41', '2022-11-14 08:22:41'),
(412, 1, 134, 'MTN', '00000020303066155', '16794511575375245', '200', '2022-11-14 09:23:00', '2022-11-14 08:22:41', '2022-11-14 08:22:41'),
(413, 1, 134, 'MTN', '00000020303066216', '33094015297513063', '200', '2022-11-14 09:23:00', '2022-11-14 08:22:41', '2022-11-14 08:22:41'),
(414, 1, 134, 'MTN', '00000020303066228', '26445317438966063', '200', '2022-11-14 09:23:00', '2022-11-14 08:22:41', '2022-11-14 08:22:41'),
(415, 1, 134, 'MTN', '00000020303066232', '33096160860362666', '200', '2022-11-14 09:23:00', '2022-11-14 08:22:41', '2022-11-14 08:22:41'),
(416, 1, 134, 'MTN', '00000020303066239', '15409886485358134', '200', '2022-11-14 09:23:00', '2022-11-14 08:22:41', '2022-11-14 08:22:41'),
(417, 1, 134, 'MTN', '00000020345570506', '65530202881754684', '200', '2022-11-14 09:23:00', '2022-11-14 08:22:41', '2022-11-14 08:22:41'),
(418, 1, 134, 'MTN', '00000020345570545', '85526461586200787', '200', '2022-11-14 09:23:00', '2022-11-14 08:22:41', '2022-11-14 08:22:41'),
(419, 1, 134, 'MTN', '00000020345570582', '58424573280180730', '200', '2022-11-14 09:23:00', '2022-11-14 08:22:41', '2022-11-14 08:22:41'),
(420, 1, 134, 'MTN', '00000020345570592', '73745651311992577', '200', '2022-11-14 09:23:00', '2022-11-14 08:22:41', '2022-11-14 08:22:41'),
(421, 1, 134, 'MTN', '00000020345570597', '27741448311573527', '200', '2022-11-14 09:23:00', '2022-11-14 08:22:41', '2022-11-14 08:22:41'),
(422, 1, 134, 'MTN', '00000020345570602', '24037902887298450', '200', '2022-11-14 09:23:00', '2022-11-14 08:22:41', '2022-11-14 08:22:41'),
(423, 1, 134, 'MTN', '00000020345570606', '53442115329619547', '200', '2022-11-14 09:23:00', '2022-11-14 08:22:41', '2022-11-14 08:22:41'),
(424, 1, 134, 'MTN', '00000020346201168', '11425712618167836', '200', '2022-11-14 09:23:00', '2022-11-14 08:22:41', '2022-11-14 08:22:41'),
(425, 1, 134, 'MTN', '00000020346201182', '44985976108618008', '200', '2022-11-14 09:23:00', '2022-11-14 08:22:41', '2022-11-14 08:22:41'),
(426, 1, 134, 'MTN', '00000020346201187', '19478218017451316', '200', '2022-11-14 09:23:00', '2022-11-14 08:22:41', '2022-11-14 08:22:41'),
(427, 1, 134, 'MTN', '00000020346201211', '56661121403599548', '200', '2022-11-14 09:23:00', '2022-11-14 08:22:41', '2022-11-14 08:22:41'),
(428, 1, 134, 'MTN', '00000020346201221', '19475201575485185', '200', '2022-11-14 09:23:00', '2022-11-14 08:22:41', '2022-11-14 08:22:41'),
(429, 1, 134, 'MTN', '00000020346201241', '08510655036473644', '200', '2022-11-14 09:23:00', '2022-11-14 08:22:41', '2022-11-14 08:22:41'),
(430, 1, 134, 'MTN', '00000020346201253', '55887091036947008', '200', '2022-11-14 09:23:00', '2022-11-14 08:22:41', '2022-11-14 08:22:41'),
(431, 1, 134, 'MTN', '00000020346201254', '77981157934403067', '200', '2022-11-14 09:23:00', '2022-11-14 08:22:41', '2022-11-14 08:22:41'),
(432, 1, 134, 'MTN', '00000020346201292', '90639095974438276', '200', '2022-11-14 09:23:00', '2022-11-14 08:22:41', '2022-11-14 08:22:41'),
(433, 1, 134, 'MTN', '00000020348719865', '52613717911980967', '200', '2022-11-14 09:23:00', '2022-11-14 08:22:41', '2022-11-14 08:22:41'),
(434, 1, 134, 'MTN', '00000020348719866', '21010685046903794', '200', '2022-11-14 09:23:00', '2022-11-14 08:22:41', '2022-11-14 08:22:41'),
(435, 1, 134, 'MTN', '00000020348719872', '38879998828709960', '200', '2022-11-14 09:23:00', '2022-11-14 08:22:41', '2022-11-14 08:22:41'),
(436, 1, 134, 'MTN', '00000020348719897', '21014378828689046', '200', '2022-11-14 09:23:00', '2022-11-14 08:22:41', '2022-11-14 08:22:41'),
(437, 1, 134, 'MTN', '00000020348719912', '79870252576273827', '200', '2022-11-14 09:23:00', '2022-11-14 08:22:41', '2022-11-14 08:22:41'),
(438, 1, 134, 'MTN', '00000020348719930', '79099998433576642', '200', '2022-11-14 09:23:00', '2022-11-14 08:22:41', '2022-11-14 08:22:41'),
(439, 1, 134, 'MTN', '00000020348719943', '87901123456272327', '200', '2022-11-14 09:23:00', '2022-11-14 08:22:41', '2022-11-14 08:22:41'),
(440, 1, 134, 'MTN', '00000020348719958', '77989056670396735', '200', '2022-11-14 09:23:00', '2022-11-14 08:22:41', '2022-11-14 08:22:41'),
(441, 1, 134, 'MTN', '00000020348719960', '93268865576946491', '200', '2022-11-14 09:23:00', '2022-11-14 08:22:41', '2022-11-14 08:22:41'),
(442, 1, 134, 'MTN', '00000020352245404', '62319442823748227', '200', '2022-11-14 09:23:00', '2022-11-14 08:22:41', '2022-11-14 08:22:41'),
(443, 1, 134, 'MTN', '00000020352245425', '74642508580761328', '200', '2022-11-14 09:23:00', '2022-11-14 08:22:41', '2022-11-14 08:22:41'),
(444, 1, 134, 'MTN', '00000020352245427', '44959134823263064', '200', '2022-11-14 09:23:00', '2022-11-14 08:22:41', '2022-11-14 08:22:41'),
(445, 1, 134, 'MTN', '00000020352245465', '91069805463438632', '200', '2022-11-14 09:23:00', '2022-11-14 08:22:41', '2022-11-14 08:22:41'),
(446, 1, 134, 'MTN', '00000020352245471', '20646894052657991', '200', '2022-11-14 09:23:00', '2022-11-14 08:22:41', '2022-11-14 08:22:41'),
(447, 1, 134, 'MTN', '00000020352245485', '08518785270806717', '200', '2022-11-14 09:23:00', '2022-11-14 08:22:41', '2022-11-14 08:22:41'),
(448, 1, 134, 'MTN', '00000020352245501', '55368782860142504', '200', '2022-11-14 09:23:00', '2022-11-14 08:22:41', '2022-11-14 08:22:41'),
(449, 1, 134, 'MTN', '00000020352245514', '87595947963283328', '200', '2022-11-14 09:23:00', '2022-11-14 08:22:41', '2022-11-14 08:22:41'),
(450, 1, 134, 'MTN', '00000020354786966', '34134702046788685', '200', '2022-11-14 09:23:00', '2022-11-14 08:22:41', '2022-11-14 08:22:41'),
(451, 1, 134, 'MTN', '00000020354786969', '97078674349133685', '200', '2022-11-14 09:23:00', '2022-11-14 08:22:41', '2022-11-14 08:22:41'),
(452, 1, 134, 'MTN', '00000020354786978', '39388395674133564', '200', '2022-11-14 09:23:00', '2022-11-14 08:22:41', '2022-11-14 08:22:41'),
(453, 1, 134, 'MTN', '00000020354786979', '69603970588709514', '200', '2022-11-14 09:23:00', '2022-11-14 08:22:41', '2022-11-14 08:22:41'),
(454, 1, 134, 'MTN', '00000020354786992', '34635738180232584', '200', '2022-11-14 09:23:00', '2022-11-14 08:22:41', '2022-11-14 08:22:41'),
(455, 1, 134, 'MTN', '00000020354786996', '34134869446009966', '200', '2022-11-14 09:23:00', '2022-11-14 08:22:41', '2022-11-14 08:22:41'),
(456, 1, 134, 'MTN', '00000020354786999', '82898981009709159', '200', '2022-11-14 09:23:00', '2022-11-14 08:22:41', '2022-11-14 08:22:41'),
(457, 1, 134, 'MTN', '00000020354787002', '64393859150911622', '200', '2022-11-14 09:23:00', '2022-11-14 08:22:41', '2022-11-14 08:22:41'),
(458, 1, 135, 'MTN', '00000020522111494', '32710509695570530', '100', '2022-11-14 12:41:00', '2022-11-14 11:41:01', '2022-11-14 11:41:01'),
(459, 1, 135, 'MTN', '00000020522111528', '72421594527455117', '100', '2022-11-14 12:41:00', '2022-11-14 11:41:01', '2022-11-14 11:41:01'),
(460, 1, 135, 'MTN', '00000020522111534', '15220941719198296', '100', '2022-11-14 12:41:00', '2022-11-14 11:41:01', '2022-11-14 11:41:01'),
(461, 1, 135, 'MTN', '00000020522111565', '48429019817542222', '100', '2022-11-14 12:41:00', '2022-11-14 11:41:01', '2022-11-14 11:41:01'),
(462, 1, 135, 'MTN', '00000020522111568', '38110208505095222', '100', '2022-11-14 12:41:00', '2022-11-14 11:41:01', '2022-11-14 11:41:01'),
(463, 1, 135, 'MTN', '00000020525961295', '16773717512358486', '100', '2022-11-14 12:41:00', '2022-11-14 11:41:01', '2022-11-14 11:41:01'),
(464, 1, 135, 'MTN', '00000020525961340', '79285996474943713', '100', '2022-11-14 12:41:00', '2022-11-14 11:41:01', '2022-11-14 11:41:01'),
(465, 1, 135, 'MTN', '00000020525961353', '09213933694466419', '100', '2022-11-14 12:41:00', '2022-11-14 11:41:01', '2022-11-14 11:41:01'),
(466, 1, 135, 'MTN', '00000020525961362', '89491752512218258', '100', '2022-11-14 12:41:00', '2022-11-14 11:41:01', '2022-11-14 11:41:01'),
(467, 1, 135, 'MTN', '00000020528482172', '02958255196101903', '100', '2022-11-14 12:41:00', '2022-11-14 11:41:01', '2022-11-14 11:41:01'),
(468, 1, 135, 'MTN', '00000020528482181', '09213092273697196', '100', '2022-11-14 12:41:00', '2022-11-14 11:41:01', '2022-11-14 11:41:01'),
(469, 1, 135, 'MTN', '00000020528482198', '76727055433925977', '100', '2022-11-14 12:41:00', '2022-11-14 11:41:01', '2022-11-14 11:41:01'),
(470, 1, 135, 'MTN', '00000020528482204', '56903584113220437', '100', '2022-11-14 12:41:00', '2022-11-14 11:41:01', '2022-11-14 11:41:01'),
(471, 1, 135, 'MTN', '00000020528482211', '83812556977107588', '100', '2022-11-14 12:41:00', '2022-11-14 11:41:01', '2022-11-14 11:41:01'),
(472, 1, 135, 'MTN', '00000020529891188', '62431329619299709', '100', '2022-11-14 12:41:00', '2022-11-14 11:41:01', '2022-11-14 11:41:01'),
(473, 1, 135, 'MTN', '00000020529891214', '12729710232602798', '100', '2022-11-14 12:41:00', '2022-11-14 11:41:01', '2022-11-14 11:41:01'),
(474, 1, 135, 'MTN', '00000020529891253', '59597656977479636', '100', '2022-11-14 12:41:00', '2022-11-14 11:41:01', '2022-11-14 11:41:01'),
(475, 1, 135, 'MTN', '00000020529891264', '29206260972371911', '100', '2022-11-14 12:41:00', '2022-11-14 11:41:01', '2022-11-14 11:41:01'),
(476, 1, 135, 'MTN', '00000020529891267', '92949510042271880', '100', '2022-11-14 12:41:00', '2022-11-14 11:41:01', '2022-11-14 11:41:01'),
(477, 1, 135, 'MTN', '00000020529891269', '86920940573381828', '100', '2022-11-14 12:41:00', '2022-11-14 11:41:01', '2022-11-14 11:41:01'),
(478, 1, 136, 'AirTel', '20548179406708441906', '1971935595282519', '100', '2022-11-25 09:50:00', '2022-11-25 08:50:39', '2022-11-25 08:50:39'),
(479, 1, 136, 'AirTel', '20548179406708441907', '1972503435175440', '100', '2022-11-25 09:50:00', '2022-11-25 08:50:39', '2022-11-25 08:50:39'),
(480, 1, 136, 'AirTel', '20548179406708441908', '1016815204302771', '100', '2022-11-25 09:50:00', '2022-11-25 08:50:39', '2022-11-25 08:50:39'),
(481, 1, 136, 'AirTel', '20548179406708441909', '1170649425296295', '100', '2022-11-25 09:50:00', '2022-11-25 08:50:39', '2022-11-25 08:50:39'),
(482, 1, 136, 'AirTel', '20548179406708441910', '1424106623463261', '100', '2022-11-25 09:50:00', '2022-11-25 08:50:39', '2022-11-25 08:50:39'),
(483, 1, 136, 'AirTel', '20548179406708441911', '1594558599383134', '100', '2022-11-25 09:50:00', '2022-11-25 08:50:39', '2022-11-25 08:50:39'),
(484, 1, 136, 'AirTel', '20548179406708441912', '1424131836942559', '100', '2022-11-25 09:50:00', '2022-11-25 08:50:39', '2022-11-25 08:50:39'),
(485, 1, 136, 'AirTel', '20548179406708441913', '1767858202887598', '100', '2022-11-25 09:50:00', '2022-11-25 08:50:39', '2022-11-25 08:50:39'),
(486, 1, 136, 'AirTel', '20548179406708441914', '1449168112465239', '100', '2022-11-25 09:50:00', '2022-11-25 08:50:39', '2022-11-25 08:50:39'),
(487, 1, 136, 'AirTel', '20548179406708441915', '1845721417756269', '100', '2022-11-25 09:50:00', '2022-11-25 08:50:39', '2022-11-25 08:50:39'),
(488, 1, 136, 'AirTel', '20548179406708441916', '1389759071564523', '100', '2022-11-25 09:50:00', '2022-11-25 08:50:39', '2022-11-25 08:50:39'),
(489, 1, 136, 'AirTel', '20548179406708441917', '1607198246626525', '100', '2022-11-25 09:50:00', '2022-11-25 08:50:39', '2022-11-25 08:50:39'),
(490, 1, 136, 'AirTel', '20548179406708441918', '1799725501758796', '100', '2022-11-25 09:50:00', '2022-11-25 08:50:39', '2022-11-25 08:50:39'),
(491, 1, 136, 'AirTel', '20548179406708441919', '1613132632518819', '100', '2022-11-25 09:50:00', '2022-11-25 08:50:39', '2022-11-25 08:50:39'),
(492, 1, 136, 'AirTel', '20548179406708441920', '1354353497965640', '100', '2022-11-25 09:50:00', '2022-11-25 08:50:39', '2022-11-25 08:50:39'),
(493, 1, 136, 'AirTel', '20548179406708441921', '1052693475405771', '100', '2022-11-25 09:50:00', '2022-11-25 08:50:39', '2022-11-25 08:50:39'),
(494, 1, 136, 'AirTel', '20548179406708441922', '1449176783428842', '100', '2022-11-25 09:50:00', '2022-11-25 08:50:39', '2022-11-25 08:50:39'),
(495, 1, 136, 'AirTel', '20548179406708441923', '1245538564007133', '100', '2022-11-25 09:50:00', '2022-11-25 08:50:39', '2022-11-25 08:50:39'),
(496, 1, 136, 'AirTel', '20548179406708441924', '1351716821546122', '100', '2022-11-25 09:50:00', '2022-11-25 08:50:39', '2022-11-25 08:50:39'),
(497, 1, 136, 'AirTel', '20548179406708441925', '1985543987746440', '100', '2022-11-25 09:50:00', '2022-11-25 08:50:39', '2022-11-25 08:50:39'),
(498, 1, 136, 'AirTel', '20548179406708441926', '1818672963160681', '100', '2022-11-25 09:50:00', '2022-11-25 08:50:39', '2022-11-25 08:50:39'),
(499, 1, 136, 'AirTel', '20548179406708441927', '1052693375942750', '100', '2022-11-25 09:50:00', '2022-11-25 08:50:39', '2022-11-25 08:50:39'),
(500, 1, 136, 'AirTel', '20548179406708441928', '1847656525296882', '100', '2022-11-25 09:50:00', '2022-11-25 08:50:39', '2022-11-25 08:50:39'),
(501, 1, 136, 'AirTel', '20548179406708441929', '1838645641626851', '100', '2022-11-25 09:50:00', '2022-11-25 08:50:39', '2022-11-25 08:50:39'),
(502, 1, 136, 'AirTel', '20548179406708441930', '1367398406323119', '100', '2022-11-25 09:50:00', '2022-11-25 08:50:39', '2022-11-25 08:50:39'),
(503, 1, 136, 'AirTel', '20548179406708441931', '1830978851478882', '100', '2022-11-25 09:50:00', '2022-11-25 08:50:39', '2022-11-25 08:50:39'),
(504, 1, 136, 'AirTel', '20548179406708441932', '1765510259645882', '100', '2022-11-25 09:50:00', '2022-11-25 08:50:39', '2022-11-25 08:50:39'),
(505, 1, 136, 'AirTel', '20548179406708441933', '1678777686587056', '100', '2022-11-25 09:50:00', '2022-11-25 08:50:39', '2022-11-25 08:50:39'),
(506, 1, 136, 'AirTel', '20548179406708441934', '1649498125573090', '100', '2022-11-25 09:50:00', '2022-11-25 08:50:39', '2022-11-25 08:50:39'),
(507, 1, 136, 'AirTel', '20548179406708441935', '1971959675858559', '100', '2022-11-25 09:50:00', '2022-11-25 08:50:39', '2022-11-25 08:50:39'),
(508, 1, 137, 'GLO', '3199983546012155', '316550688340649', '100', '2022-11-25 09:52:00', '2022-11-25 08:52:39', '2022-11-25 08:52:39'),
(509, 1, 137, 'GLO', '3199983546012156', '312341882023676', '100', '2022-11-25 09:52:00', '2022-11-25 08:52:39', '2022-11-25 08:52:39'),
(510, 1, 137, 'GLO', '3199983546012157', '311083082815744', '100', '2022-11-25 09:52:00', '2022-11-25 08:52:39', '2022-11-25 08:52:39'),
(511, 1, 137, 'GLO', '3199983546012158', '318821349620725', '100', '2022-11-25 09:52:00', '2022-11-25 08:52:39', '2022-11-25 08:52:39'),
(512, 1, 137, 'GLO', '3199983546012159', '315017376353796', '100', '2022-11-25 09:52:00', '2022-11-25 08:52:39', '2022-11-25 08:52:39'),
(513, 1, 137, 'GLO', '3199983546012160', '318523702629881', '100', '2022-11-25 09:52:00', '2022-11-25 08:52:39', '2022-11-25 08:52:39'),
(514, 1, 137, 'GLO', '3199983546012161', '314527575831822', '100', '2022-11-25 09:52:00', '2022-11-25 08:52:39', '2022-11-25 08:52:39'),
(515, 1, 137, 'GLO', '3199983546012162', '311766704029378', '100', '2022-11-25 09:52:00', '2022-11-25 08:52:39', '2022-11-25 08:52:39'),
(516, 1, 137, 'GLO', '3199983546012163', '310802182831773', '100', '2022-11-25 09:52:00', '2022-11-25 08:52:39', '2022-11-25 08:52:39'),
(517, 1, 137, 'GLO', '3199983546012164', '318141788248809', '100', '2022-11-25 09:52:00', '2022-11-25 08:52:39', '2022-11-25 08:52:39'),
(518, 1, 137, 'GLO', '3199983546012165', '312853270020602', '100', '2022-11-25 09:52:00', '2022-11-25 08:52:39', '2022-11-25 08:52:39'),
(519, 1, 137, 'GLO', '3199983546012166', '315935509839443', '100', '2022-11-25 09:52:00', '2022-11-25 08:52:39', '2022-11-25 08:52:39'),
(520, 1, 137, 'GLO', '3199983546012167', '316592458392248', '100', '2022-11-25 09:52:00', '2022-11-25 08:52:39', '2022-11-25 08:52:39'),
(521, 1, 137, 'GLO', '3199983546012168', '315876236509184', '100', '2022-11-25 09:52:00', '2022-11-25 08:52:39', '2022-11-25 08:52:39'),
(522, 1, 137, 'GLO', '3199983546012169', '318463423141416', '100', '2022-11-25 09:52:00', '2022-11-25 08:52:39', '2022-11-25 08:52:39'),
(523, 1, 137, 'GLO', '3199983546012170', '314071563486875', '100', '2022-11-25 09:52:00', '2022-11-25 08:52:39', '2022-11-25 08:52:39'),
(524, 1, 137, 'GLO', '3199983546012171', '315338100431030', '100', '2022-11-25 09:52:00', '2022-11-25 08:52:39', '2022-11-25 08:52:39'),
(525, 1, 137, 'GLO', '3199983546012172', '312943931665090', '100', '2022-11-25 09:52:00', '2022-11-25 08:52:39', '2022-11-25 08:52:39'),
(526, 1, 137, 'GLO', '3199983546012173', '311496858788797', '100', '2022-11-25 09:52:00', '2022-11-25 08:52:39', '2022-11-25 08:52:39'),
(527, 1, 137, 'GLO', '3199983546012174', '319166700831100', '100', '2022-11-25 09:52:00', '2022-11-25 08:52:39', '2022-11-25 08:52:39'),
(528, 1, 138, 'GLO', '3199993930401168', '318598397173884', '200', '2022-11-25 09:53:00', '2022-11-25 08:53:15', '2022-11-25 08:53:15'),
(529, 1, 138, 'GLO', '3199993930401169', '314155226714732', '200', '2022-11-25 09:53:00', '2022-11-25 08:53:15', '2022-11-25 08:53:15'),
(530, 1, 138, 'GLO', '3199993930401170', '311327542221735', '200', '2022-11-25 09:53:00', '2022-11-25 08:53:15', '2022-11-25 08:53:15'),
(531, 1, 138, 'GLO', '3199993930401171', '318814982477273', '200', '2022-11-25 09:53:00', '2022-11-25 08:53:15', '2022-11-25 08:53:15'),
(532, 1, 138, 'GLO', '3199993930401172', '316167351957600', '200', '2022-11-25 09:53:00', '2022-11-25 08:53:15', '2022-11-25 08:53:15'),
(533, 1, 138, 'GLO', '3199993930401173', '315299079473001', '200', '2022-11-25 09:53:00', '2022-11-25 08:53:15', '2022-11-25 08:53:15'),
(534, 1, 138, 'GLO', '3199993930401174', '312582718271702', '200', '2022-11-25 09:53:00', '2022-11-25 08:53:15', '2022-11-25 08:53:15'),
(535, 1, 138, 'GLO', '3199993930401175', '311523300126799', '200', '2022-11-25 09:53:00', '2022-11-25 08:53:15', '2022-11-25 08:53:15'),
(536, 1, 138, 'GLO', '3199993930401176', '315677046955692', '200', '2022-11-25 09:53:00', '2022-11-25 08:53:15', '2022-11-25 08:53:15'),
(537, 1, 138, 'GLO', '3199993930401177', '314346915537067', '200', '2022-11-25 09:53:00', '2022-11-25 08:53:15', '2022-11-25 08:53:15'),
(538, 1, 138, 'GLO', '3199993930401178', '319145960750190', '200', '2022-11-25 09:53:00', '2022-11-25 08:53:15', '2022-11-25 08:53:15'),
(539, 1, 138, 'GLO', '3199993930401179', '313630469456975', '200', '2022-11-25 09:53:00', '2022-11-25 08:53:15', '2022-11-25 08:53:15'),
(540, 1, 138, 'GLO', '3199993930401180', '310429943751378', '200', '2022-11-25 09:53:00', '2022-11-25 08:53:15', '2022-11-25 08:53:15'),
(541, 1, 138, 'GLO', '3199993930401181', '314271687859563', '200', '2022-11-25 09:53:00', '2022-11-25 08:53:15', '2022-11-25 08:53:15'),
(542, 1, 138, 'GLO', '3199993930401182', '310546385087347', '200', '2022-11-25 09:53:00', '2022-11-25 08:53:15', '2022-11-25 08:53:15'),
(543, 1, 138, 'GLO', '3199993930401183', '316724672084097', '200', '2022-11-25 09:53:00', '2022-11-25 08:53:15', '2022-11-25 08:53:15'),
(544, 1, 138, 'GLO', '3199993930401184', '317365382426640', '200', '2022-11-25 09:53:00', '2022-11-25 08:53:15', '2022-11-25 08:53:15'),
(545, 1, 138, 'GLO', '3199993930401185', '312754629692066', '200', '2022-11-25 09:53:00', '2022-11-25 08:53:15', '2022-11-25 08:53:15'),
(546, 1, 138, 'GLO', '3199993930401186', '310269125816370', '200', '2022-11-25 09:53:00', '2022-11-25 08:53:15', '2022-11-25 08:53:15'),
(547, 1, 138, 'GLO', '3199993930401187', '312091446934506', '200', '2022-11-25 09:53:00', '2022-11-25 08:53:15', '2022-11-25 08:53:15'),
(548, 1, 139, 'MTN', '00000019490136748', '06412333814507765', '100', '2022-11-29 00:01:00', '2022-11-28 23:01:05', '2022-11-28 23:01:05'),
(549, 1, 139, 'MTN', '00000019490136752', '02658554881724474', '100', '2022-11-29 00:01:00', '2022-11-28 23:01:05', '2022-11-28 23:01:05'),
(550, 1, 139, 'MTN', '00000019490136765', '52046130430961208', '100', '2022-11-29 00:01:00', '2022-11-28 23:01:05', '2022-11-28 23:01:05'),
(551, 1, 139, 'MTN', '00000019490136773', '46624764692692658', '100', '2022-11-29 00:01:00', '2022-11-28 23:01:05', '2022-11-28 23:01:05'),
(552, 1, 139, 'MTN', '00000019490136774', '26037795430497208', '100', '2022-11-29 00:01:00', '2022-11-28 23:01:05', '2022-11-28 23:01:05'),
(553, 1, 139, 'MTN', '00000019490136824', '97800209814472682', '100', '2022-11-29 00:01:00', '2022-11-28 23:01:05', '2022-11-28 23:01:05'),
(554, 1, 139, 'MTN', '00000019490136830', '13757638692278439', '100', '2022-11-29 00:01:00', '2022-11-28 23:01:05', '2022-11-28 23:01:05'),
(555, 1, 139, 'MTN', '00000019490136876', '88999464741157001', '100', '2022-11-29 00:01:00', '2022-11-28 23:01:05', '2022-11-28 23:01:05'),
(556, 1, 139, 'MTN', '00000019490136882', '00987374285897282', '100', '2022-11-29 00:01:00', '2022-11-28 23:01:05', '2022-11-28 23:01:05'),
(557, 1, 139, 'MTN', '00000019490136885', '52049125285589949', '100', '2022-11-29 00:01:00', '2022-11-28 23:01:05', '2022-11-28 23:01:05'),
(558, 1, 139, 'MTN', '00000019490136897', '23906370686830016', '100', '2022-11-29 00:01:00', '2022-11-28 23:01:05', '2022-11-28 23:01:05'),
(559, 1, 139, 'MTN', '00000019490136941', '82914690881771688', '100', '2022-11-29 00:01:00', '2022-11-28 23:01:05', '2022-11-28 23:01:05'),
(560, 1, 139, 'MTN', '00000019490136946', '58340422756011759', '100', '2022-11-29 00:01:00', '2022-11-28 23:01:05', '2022-11-28 23:01:05'),
(561, 1, 139, 'MTN', '00000019490136964', '67655041338955145', '100', '2022-11-29 00:01:00', '2022-11-28 23:01:05', '2022-11-28 23:01:05'),
(562, 1, 139, 'MTN', '00000019490136980', '31264398338518959', '100', '2022-11-29 00:01:00', '2022-11-28 23:01:05', '2022-11-28 23:01:05'),
(563, 1, 139, 'MTN', '00000019490136991', '40736710734725959', '100', '2022-11-29 00:01:00', '2022-11-28 23:01:05', '2022-11-28 23:01:05'),
(564, 1, 139, 'MTN', '00000019490136992', '26952662278893145', '100', '2022-11-29 00:01:00', '2022-11-28 23:01:05', '2022-11-28 23:01:05'),
(565, 1, 139, 'MTN', '00000019490136994', '06711621535430400', '100', '2022-11-29 00:01:00', '2022-11-28 23:01:05', '2022-11-28 23:01:05'),
(566, 1, 139, 'MTN', '00000019490137000', '26032521359758264', '100', '2022-11-29 00:01:00', '2022-11-28 23:01:05', '2022-11-28 23:01:05'),
(567, 1, 139, 'MTN', '00000019490137001', '43394669535890759', '100', '2022-11-29 00:01:00', '2022-11-28 23:01:05', '2022-11-28 23:01:05'),
(568, 1, 139, 'MTN', '00000019490137014', '52048875838351000', '100', '2022-11-29 00:01:00', '2022-11-28 23:01:05', '2022-11-28 23:01:05'),
(569, 1, 139, 'MTN', '00000019490137034', '51838257830763694', '100', '2022-11-29 00:01:00', '2022-11-28 23:01:05', '2022-11-28 23:01:05'),
(570, 1, 139, 'MTN', '00000019490137091', '84314269686586732', '100', '2022-11-29 00:01:00', '2022-11-28 23:01:05', '2022-11-28 23:01:05'),
(571, 1, 139, 'MTN', '00000019490137097', '23125020535280443', '100', '2022-11-29 00:01:00', '2022-11-28 23:01:05', '2022-11-28 23:01:05'),
(572, 1, 139, 'MTN', '00000019490137119', '99070497021686078', '100', '2022-11-29 00:01:00', '2022-11-28 23:01:05', '2022-11-28 23:01:05'),
(573, 1, 139, 'MTN', '00000019490137166', '73554790507961471', '100', '2022-11-29 00:01:00', '2022-11-28 23:01:06', '2022-11-28 23:01:06'),
(574, 1, 139, 'MTN', '00000019490137180', '27579728758132647', '100', '2022-11-29 00:01:00', '2022-11-28 23:01:06', '2022-11-28 23:01:06'),
(575, 1, 139, 'MTN', '00000019490137185', '22885150985756400', '100', '2022-11-29 00:01:00', '2022-11-28 23:01:06', '2022-11-28 23:01:06'),
(576, 1, 139, 'MTN', '00000019490137193', '41496682268758487', '100', '2022-11-29 00:01:00', '2022-11-28 23:01:06', '2022-11-28 23:01:06'),
(577, 1, 139, 'MTN', '00000019490137207', '27578657724998269', '100', '2022-11-29 00:01:00', '2022-11-28 23:01:06', '2022-11-28 23:01:06'),
(578, 1, 139, 'MTN', '00000019490137211', '75446637252082047', '100', '2022-11-29 00:01:00', '2022-11-28 23:01:06', '2022-11-28 23:01:06'),
(579, 1, 139, 'MTN', '00000019490137232', '42800608037130001', '100', '2022-11-29 00:01:00', '2022-11-28 23:01:06', '2022-11-28 23:01:06'),
(580, 1, 139, 'MTN', '00000019490137248', '80944596921611090', '100', '2022-11-29 00:01:00', '2022-11-28 23:01:06', '2022-11-28 23:01:06'),
(581, 1, 139, 'MTN', '00000019490137253', '53178157893179056', '100', '2022-11-29 00:01:00', '2022-11-28 23:01:06', '2022-11-28 23:01:06'),
(582, 1, 139, 'MTN', '00000019490137277', '58786130011278305', '100', '2022-11-29 00:01:00', '2022-11-28 23:01:06', '2022-11-28 23:01:06'),
(583, 1, 139, 'MTN', '00000019490137324', '88960828958285047', '100', '2022-11-29 00:01:00', '2022-11-28 23:01:06', '2022-11-28 23:01:06'),
(584, 1, 139, 'MTN', '00000019490137342', '42808025603191001', '100', '2022-11-29 00:01:00', '2022-11-28 23:01:06', '2022-11-28 23:01:06'),
(585, 1, 139, 'MTN', '00000019490137347', '67654369893887753', '100', '2022-11-29 00:01:00', '2022-11-28 23:01:06', '2022-11-28 23:01:06'),
(586, 1, 139, 'MTN', '00000019490614143', '55787670637878839', '100', '2022-11-29 00:01:00', '2022-11-28 23:01:06', '2022-11-28 23:01:06'),
(587, 1, 139, 'MTN', '00000019490614151', '92359898482352736', '100', '2022-11-29 00:01:00', '2022-11-28 23:01:06', '2022-11-28 23:01:06'),
(588, 1, 139, 'MTN', '00000019490614191', '21457946342739139', '100', '2022-11-29 00:01:00', '2022-11-28 23:01:06', '2022-11-28 23:01:06'),
(589, 1, 139, 'MTN', '00000019490614192', '26950589471105254', '100', '2022-11-29 00:01:00', '2022-11-28 23:01:06', '2022-11-28 23:01:06'),
(590, 1, 139, 'MTN', '00000019490614222', '06413513550924906', '100', '2022-11-29 00:01:00', '2022-11-28 23:01:06', '2022-11-28 23:01:06'),
(591, 1, 139, 'MTN', '00000019490614230', '16389566679118736', '100', '2022-11-29 00:01:00', '2022-11-28 23:01:06', '2022-11-28 23:01:06'),
(592, 1, 139, 'MTN', '00000019490614233', '46629065208076227', '100', '2022-11-29 00:01:00', '2022-11-28 23:01:06', '2022-11-28 23:01:06'),
(593, 1, 139, 'MTN', '00000019490614239', '31266926708640347', '100', '2022-11-29 00:01:00', '2022-11-28 23:01:06', '2022-11-28 23:01:06'),
(594, 1, 139, 'MTN', '00000019490614255', '68448934810609467', '100', '2022-11-29 00:01:00', '2022-11-28 23:01:06', '2022-11-28 23:01:06'),
(595, 1, 139, 'MTN', '00000019490614275', '46626439759040094', '100', '2022-11-29 00:01:00', '2022-11-28 23:01:06', '2022-11-28 23:01:06'),
(596, 1, 139, 'MTN', '00000019490614278', '68504505074825839', '100', '2022-11-29 00:01:00', '2022-11-28 23:01:06', '2022-11-28 23:01:06'),
(597, 1, 139, 'MTN', '00000019563778640', '49947807896318857', '100', '2022-11-29 00:01:00', '2022-11-28 23:01:06', '2022-11-28 23:01:06'),
(598, 1, 139, 'MTN', '00000019563778643', '05623278682905683', '100', '2022-11-29 00:01:00', '2022-11-28 23:01:06', '2022-11-28 23:01:06'),
(599, 1, 139, 'MTN', '00000019563778665', '94455080400126571', '100', '2022-11-29 00:01:00', '2022-11-28 23:01:06', '2022-11-28 23:01:06'),
(600, 1, 139, 'MTN', '00000019563778713', '65122146060877922', '100', '2022-11-29 00:01:00', '2022-11-28 23:01:06', '2022-11-28 23:01:06'),
(601, 1, 139, 'MTN', '00000019563778714', '66721580489846521', '100', '2022-11-29 00:01:00', '2022-11-28 23:01:06', '2022-11-28 23:01:06'),
(602, 1, 139, 'MTN', '00000019563778766', '26614974524240874', '100', '2022-11-29 00:01:00', '2022-11-28 23:01:06', '2022-11-28 23:01:06'),
(603, 1, 139, 'MTN', '00000019563778770', '29078089016839853', '100', '2022-11-29 00:01:00', '2022-11-28 23:01:06', '2022-11-28 23:01:06'),
(604, 1, 139, 'MTN', '00000019563778787', '98186842856770499', '100', '2022-11-29 00:01:00', '2022-11-28 23:01:06', '2022-11-28 23:01:06'),
(605, 1, 139, 'MTN', '00000019563778812', '19566460166286853', '100', '2022-11-29 00:01:00', '2022-11-28 23:01:06', '2022-11-28 23:01:06'),
(606, 1, 139, 'MTN', '00000019563778834', '03936638833106990', '100', '2022-11-29 00:01:00', '2022-11-28 23:01:06', '2022-11-28 23:01:06'),
(607, 1, 139, 'MTN', '00000019563778875', '95556951092139571', '100', '2022-11-29 00:01:00', '2022-11-28 23:01:06', '2022-11-28 23:01:06'),
(608, 1, 139, 'MTN', '00000019563778882', '05629734694894539', '100', '2022-11-29 00:01:00', '2022-11-28 23:01:06', '2022-11-28 23:01:06'),
(609, 1, 139, 'MTN', '00000019563778898', '69684551047168563', '100', '2022-11-29 00:01:00', '2022-11-28 23:01:06', '2022-11-28 23:01:06'),
(610, 1, 139, 'MTN', '00000019563778899', '64102265959632164', '100', '2022-11-29 00:01:00', '2022-11-28 23:01:06', '2022-11-28 23:01:06'),
(611, 1, 139, 'MTN', '00000019563778930', '21261580305991303', '100', '2022-11-29 00:01:00', '2022-11-28 23:01:06', '2022-11-28 23:01:06'),
(612, 1, 139, 'MTN', '00000019563778941', '19569654833982766', '100', '2022-11-29 00:01:00', '2022-11-28 23:01:06', '2022-11-28 23:01:06'),
(613, 1, 139, 'MTN', '00000019563778950', '23897108262126571', '100', '2022-11-29 00:01:00', '2022-11-28 23:01:06', '2022-11-28 23:01:06'),
(614, 1, 139, 'MTN', '00000019563778968', '65842582774354307', '100', '2022-11-29 00:01:00', '2022-11-28 23:01:06', '2022-11-28 23:01:06'),
(615, 1, 139, 'MTN', '00000019563778980', '63404791986441922', '100', '2022-11-29 00:01:00', '2022-11-28 23:01:06', '2022-11-28 23:01:06'),
(616, 1, 139, 'MTN', '00000019563778994', '04749877305591290', '100', '2022-11-29 00:01:00', '2022-11-28 23:01:06', '2022-11-28 23:01:06'),
(617, 1, 139, 'MTN', '00000019563779015', '17582982332094861', '100', '2022-11-29 00:01:00', '2022-11-28 23:01:06', '2022-11-28 23:01:06'),
(618, 1, 139, 'MTN', '00000019563779024', '49942079212347539', '100', '2022-11-29 00:01:00', '2022-11-28 23:01:06', '2022-11-28 23:01:06'),
(619, 1, 139, 'MTN', '00000019563779040', '29073811400883727', '100', '2022-11-29 00:01:00', '2022-11-28 23:01:06', '2022-11-28 23:01:06'),
(620, 1, 139, 'MTN', '00000019563779052', '06489533865996319', '100', '2022-11-29 00:01:00', '2022-11-28 23:01:06', '2022-11-28 23:01:06'),
(621, 1, 139, 'MTN', '00000019563779088', '89008611439175293', '100', '2022-11-29 00:01:00', '2022-11-28 23:01:06', '2022-11-28 23:01:06'),
(622, 1, 139, 'MTN', '00000019563779103', '05000244460354948', '100', '2022-11-29 00:01:00', '2022-11-28 23:01:06', '2022-11-28 23:01:06'),
(623, 1, 139, 'MTN', '00000019563779116', '04953028658905186', '100', '2022-11-29 00:01:00', '2022-11-28 23:01:06', '2022-11-28 23:01:06'),
(624, 1, 139, 'MTN', '00000019563779119', '18252170647680853', '100', '2022-11-29 00:01:00', '2022-11-28 23:01:06', '2022-11-28 23:01:06'),
(625, 1, 139, 'MTN', '00000019563779138', '66726537574075784', '100', '2022-11-29 00:01:00', '2022-11-28 23:01:06', '2022-11-28 23:01:06'),
(626, 1, 139, 'MTN', '00000019563779140', '08077036448635307', '100', '2022-11-29 00:01:00', '2022-11-28 23:01:06', '2022-11-28 23:01:06'),
(627, 1, 139, 'MTN', '00000019563779204', '70138027060328136', '100', '2022-11-29 00:01:00', '2022-11-28 23:01:06', '2022-11-28 23:01:06'),
(628, 1, 139, 'MTN', '00000019563779206', '18257518116094533', '100', '2022-11-29 00:01:00', '2022-11-28 23:01:06', '2022-11-28 23:01:06'),
(629, 1, 139, 'MTN', '00000019563779223', '23891539852905215', '100', '2022-11-29 00:01:00', '2022-11-28 23:01:06', '2022-11-28 23:01:06'),
(630, 1, 139, 'MTN', '00000019563779232', '87535888659737837', '100', '2022-11-29 00:01:00', '2022-11-28 23:01:06', '2022-11-28 23:01:06'),
(631, 1, 139, 'MTN', '00000019563779246', '87720747949592964', '100', '2022-11-29 00:01:00', '2022-11-28 23:01:06', '2022-11-28 23:01:06'),
(632, 1, 139, 'MTN', '00000019563779250', '04954738262991361', '100', '2022-11-29 00:01:00', '2022-11-28 23:01:06', '2022-11-28 23:01:06'),
(633, 1, 139, 'MTN', '00000019563779259', '36529147355286857', '100', '2022-11-29 00:01:00', '2022-11-28 23:01:06', '2022-11-28 23:01:06'),
(634, 1, 139, 'MTN', '00000019563779295', '53407178949926247', '100', '2022-11-29 00:01:00', '2022-11-28 23:01:06', '2022-11-28 23:01:06'),
(635, 1, 139, 'MTN', '00000019563779313', '66728891166906499', '100', '2022-11-29 00:01:00', '2022-11-28 23:01:06', '2022-11-28 23:01:06'),
(636, 1, 139, 'MTN', '00000019563779314', '39875087524700863', '100', '2022-11-29 00:01:00', '2022-11-28 23:01:06', '2022-11-28 23:01:06'),
(637, 1, 139, 'MTN', '00000019563779317', '13621352078406029', '100', '2022-11-29 00:01:00', '2022-11-28 23:01:06', '2022-11-28 23:01:06'),
(638, 1, 139, 'MTN', '00000019563779335', '67276116068277683', '100', '2022-11-29 00:01:00', '2022-11-28 23:01:06', '2022-11-28 23:01:06'),
(639, 1, 139, 'MTN', '00000019563779407', '64109086574106995', '100', '2022-11-29 00:01:00', '2022-11-28 23:01:06', '2022-11-28 23:01:06'),
(640, 1, 139, 'MTN', '00000019563779420', '65129440704906683', '100', '2022-11-29 00:01:00', '2022-11-28 23:01:06', '2022-11-28 23:01:06'),
(641, 1, 139, 'MTN', '00000019563779436', '66726245708660639', '100', '2022-11-29 00:01:00', '2022-11-28 23:01:06', '2022-11-28 23:01:06'),
(642, 1, 139, 'MTN', '00000019563779441', '84991845068242857', '100', '2022-11-29 00:01:00', '2022-11-28 23:01:06', '2022-11-28 23:01:06'),
(643, 1, 139, 'MTN', '00000019563779447', '03936629759227253', '100', '2022-11-29 00:01:00', '2022-11-28 23:01:06', '2022-11-28 23:01:06'),
(644, 1, 139, 'MTN', '00000019563779485', '98098108086227683', '100', '2022-11-29 00:01:00', '2022-11-28 23:01:06', '2022-11-28 23:01:06'),
(645, 1, 139, 'MTN', '00000019563779500', '92819877135062968', '100', '2022-11-29 00:01:00', '2022-11-28 23:01:06', '2022-11-28 23:01:06'),
(646, 1, 139, 'MTN', '00000019563779507', '95558638574129025', '100', '2022-11-29 00:01:00', '2022-11-28 23:01:06', '2022-11-28 23:01:06'),
(647, 1, 139, 'MTN', '00000019563779531', '46592968986007163', '100', '2022-11-29 00:01:00', '2022-11-28 23:01:06', '2022-11-28 23:01:06'),
(648, 1, 140, 'MTN', '00000019490614327', '23432388704956536', '100', '2022-11-29 00:02:00', '2022-11-28 23:02:10', '2022-11-28 23:02:10'),
(649, 1, 140, 'MTN', '00000019490614354', '11846962512125982', '100', '2022-11-29 00:02:00', '2022-11-28 23:02:10', '2022-11-28 23:02:10'),
(650, 1, 140, 'MTN', '00000019490614403', '91768494810195004', '100', '2022-11-29 00:02:00', '2022-11-28 23:02:10', '2022-11-28 23:02:10'),
(651, 1, 140, 'MTN', '00000019490614424', '51951506264673336', '100', '2022-11-29 00:02:00', '2022-11-28 23:02:10', '2022-11-28 23:02:10'),
(652, 1, 140, 'MTN', '00000019490614479', '65804955488154410', '100', '2022-11-29 00:02:00', '2022-11-28 23:02:10', '2022-11-28 23:02:10'),
(653, 1, 140, 'MTN', '00000019490614485', '55783855090146062', '100', '2022-11-29 00:02:00', '2022-11-28 23:02:10', '2022-11-28 23:02:10'),
(654, 1, 140, 'MTN', '00000019490614493', '31231919443646467', '100', '2022-11-29 00:02:00', '2022-11-28 23:02:10', '2022-11-28 23:02:10'),
(655, 1, 140, 'MTN', '00000019490614499', '55780270682721024', '100', '2022-11-29 00:02:00', '2022-11-28 23:02:10', '2022-11-28 23:02:10'),
(656, 1, 140, 'MTN', '00000019490614506', '31078830781420254', '100', '2022-11-29 00:02:00', '2022-11-28 23:02:10', '2022-11-28 23:02:10'),
(657, 1, 140, 'MTN', '00000019490614537', '68500914959984736', '100', '2022-11-29 00:02:00', '2022-11-28 23:02:10', '2022-11-28 23:02:10'),
(658, 1, 140, 'MTN', '00000019563779547', '66723242805635727', '100', '2022-11-29 00:02:00', '2022-11-28 23:02:10', '2022-11-28 23:02:10'),
(659, 1, 140, 'MTN', '00000019563779551', '67638848000660935', '100', '2022-11-29 00:02:00', '2022-11-28 23:02:10', '2022-11-28 23:02:10'),
(660, 1, 140, 'MTN', '00000019563779552', '31095674962410760', '100', '2022-11-29 00:02:00', '2022-11-28 23:02:10', '2022-11-28 23:02:10'),
(661, 1, 140, 'MTN', '00000019563779561', '04953242246866337', '100', '2022-11-29 00:02:00', '2022-11-28 23:02:10', '2022-11-28 23:02:10'),
(662, 1, 140, 'MTN', '00000019563779574', '20528801679018837', '100', '2022-11-29 00:02:00', '2022-11-28 23:02:10', '2022-11-28 23:02:10'),
(663, 1, 140, 'MTN', '00000019563779593', '05008408208933935', '100', '2022-11-29 00:02:00', '2022-11-28 23:02:10', '2022-11-28 23:02:10'),
(664, 1, 140, 'MTN', '00000019563779606', '53404254805501226', '100', '2022-11-29 00:02:00', '2022-11-28 23:02:10', '2022-11-28 23:02:10'),
(665, 1, 140, 'MTN', '00000019563779615', '77415389305115571', '100', '2022-11-29 00:02:00', '2022-11-28 23:02:10', '2022-11-28 23:02:10'),
(666, 1, 140, 'MTN', '00000019563779618', '87533028090441091', '100', '2022-11-29 00:02:00', '2022-11-28 23:02:10', '2022-11-28 23:02:10'),
(667, 1, 140, 'MTN', '00000019563779636', '16347830068565164', '100', '2022-11-29 00:02:00', '2022-11-28 23:02:10', '2022-11-28 23:02:10'),
(668, 1, 141, 'AirTel', '20549703438141722585', '0787944176509920', '100', '2022-11-29 00:03:00', '2022-11-28 23:02:53', '2022-11-28 23:02:53'),
(669, 1, 141, 'AirTel', '20549703438141722586', '0291567628457579', '100', '2022-11-29 00:03:00', '2022-11-28 23:02:53', '2022-11-28 23:02:53'),
(670, 1, 141, 'AirTel', '20549703438141722587', '0958972184999188', '100', '2022-11-29 00:03:00', '2022-11-28 23:02:53', '2022-11-28 23:02:53'),
(671, 1, 141, 'AirTel', '20549703438141722588', '0918039901772884', '100', '2022-11-29 00:03:00', '2022-11-28 23:02:53', '2022-11-28 23:02:53'),
(672, 1, 141, 'AirTel', '20549703438141722589', '0525340996505328', '100', '2022-11-29 00:03:00', '2022-11-28 23:02:53', '2022-11-28 23:02:53'),
(673, 1, 141, 'AirTel', '20549703438141722590', '0115752054616060', '100', '2022-11-29 00:03:00', '2022-11-28 23:02:53', '2022-11-28 23:02:53'),
(674, 1, 141, 'AirTel', '20549703438141722591', '0506049037354343', '100', '2022-11-29 00:03:00', '2022-11-28 23:02:53', '2022-11-28 23:02:53'),
(675, 1, 141, 'AirTel', '20549703438141722592', '0506089976142543', '100', '2022-11-29 00:03:00', '2022-11-28 23:02:53', '2022-11-28 23:02:53'),
(676, 1, 141, 'AirTel', '20549703438141722593', '0634373139141241', '100', '2022-11-29 00:03:00', '2022-11-28 23:02:53', '2022-11-28 23:02:53'),
(677, 1, 141, 'AirTel', '20549703438141722594', '0573253877840328', '100', '2022-11-29 00:03:00', '2022-11-28 23:02:53', '2022-11-28 23:02:53'),
(678, 1, 141, 'AirTel', '20549703438141722595', '0992792938638814', '100', '2022-11-29 00:03:00', '2022-11-28 23:02:53', '2022-11-28 23:02:53'),
(679, 1, 141, 'AirTel', '20549703438141722596', '0502663916582261', '100', '2022-11-29 00:03:00', '2022-11-28 23:02:53', '2022-11-28 23:02:53'),
(680, 1, 141, 'AirTel', '20549703438141722597', '0708762961631275', '100', '2022-11-29 00:03:00', '2022-11-28 23:02:53', '2022-11-28 23:02:53'),
(681, 1, 141, 'AirTel', '20549703438141722598', '0359320245144292', '100', '2022-11-29 00:03:00', '2022-11-28 23:02:53', '2022-11-28 23:02:53'),
(682, 1, 141, 'AirTel', '20549703438141722599', '0849100133631041', '100', '2022-11-29 00:03:00', '2022-11-28 23:02:53', '2022-11-28 23:02:53'),
(683, 1, 141, 'AirTel', '20549703448141722600', '0634344712435216', '100', '2022-11-29 00:03:00', '2022-11-28 23:02:53', '2022-11-28 23:02:53'),
(684, 1, 141, 'AirTel', '20549703448141722601', '0701957636617610', '100', '2022-11-29 00:03:00', '2022-11-28 23:02:53', '2022-11-28 23:02:53'),
(685, 1, 141, 'AirTel', '20549703448141722602', '0401406859201679', '100', '2022-11-29 00:03:00', '2022-11-28 23:02:53', '2022-11-28 23:02:53'),
(686, 1, 141, 'AirTel', '20549703448141722603', '0359328677545121', '100', '2022-11-29 00:03:00', '2022-11-28 23:02:53', '2022-11-28 23:02:53'),
(687, 1, 141, 'AirTel', '20549703448141722604', '0823106697064604', '100', '2022-11-29 00:03:00', '2022-11-28 23:02:53', '2022-11-28 23:02:53'),
(688, 1, 141, 'AirTel', '20549703448141722605', '0401497843891065', '100', '2022-11-29 00:03:00', '2022-11-28 23:02:53', '2022-11-28 23:02:53'),
(689, 1, 141, 'AirTel', '20549703448141722606', '0452570175734589', '100', '2022-11-29 00:03:00', '2022-11-28 23:02:53', '2022-11-28 23:02:53'),
(690, 1, 141, 'AirTel', '20549703448141722607', '0128768213735261', '100', '2022-11-29 00:03:00', '2022-11-28 23:02:53', '2022-11-28 23:02:53'),
(691, 1, 141, 'AirTel', '20549703448141722608', '0992740521934644', '100', '2022-11-29 00:03:00', '2022-11-28 23:02:53', '2022-11-28 23:02:53'),
(692, 1, 141, 'AirTel', '20549703448141722609', '0322543974696610', '100', '2022-11-29 00:03:00', '2022-11-28 23:02:53', '2022-11-28 23:02:53'),
(693, 1, 141, 'AirTel', '20549703448141722610', '0784769370839095', '100', '2022-11-29 00:03:00', '2022-11-28 23:02:53', '2022-11-28 23:02:53'),
(694, 1, 141, 'AirTel', '20549703448141722611', '0573202732324668', '100', '2022-11-29 00:03:00', '2022-11-28 23:02:53', '2022-11-28 23:02:53'),
(695, 1, 141, 'AirTel', '20549703448141722612', '0787985451812624', '100', '2022-11-29 00:03:00', '2022-11-28 23:02:53', '2022-11-28 23:02:53'),
(696, 1, 141, 'AirTel', '20549703448141722613', '0405410569501251', '100', '2022-11-29 00:03:00', '2022-11-28 23:02:53', '2022-11-28 23:02:53'),
(697, 1, 141, 'AirTel', '20549703448141722614', '0433575968725604', '100', '2022-11-29 00:03:00', '2022-11-28 23:02:53', '2022-11-28 23:02:53'),
(698, 1, 141, 'AirTel', '20549703448141722615', '0823889160853310', '100', '2022-11-29 00:03:00', '2022-11-28 23:02:53', '2022-11-28 23:02:53'),
(699, 1, 141, 'AirTel', '20549703448141722616', '0256264866780183', '100', '2022-11-29 00:03:00', '2022-11-28 23:02:53', '2022-11-28 23:02:53'),
(700, 1, 141, 'AirTel', '20549703448141722617', '0557331509871403', '100', '2022-11-29 00:03:00', '2022-11-28 23:02:53', '2022-11-28 23:02:53'),
(701, 1, 141, 'AirTel', '20549703448141722618', '0372137119573075', '100', '2022-11-29 00:03:00', '2022-11-28 23:02:53', '2022-11-28 23:02:53'),
(702, 1, 141, 'AirTel', '20549703448141722619', '0525312036867891', '100', '2022-11-29 00:03:00', '2022-11-28 23:02:53', '2022-11-28 23:02:53'),
(703, 1, 141, 'AirTel', '20549703448141722620', '0510366245130223', '100', '2022-11-29 00:03:00', '2022-11-28 23:02:53', '2022-11-28 23:02:53'),
(704, 1, 141, 'AirTel', '20549703448141722621', '0405428807312275', '100', '2022-11-29 00:03:00', '2022-11-28 23:02:53', '2022-11-28 23:02:53'),
(705, 1, 141, 'AirTel', '20549703448141722622', '0593524303632450', '100', '2022-11-29 00:03:00', '2022-11-28 23:02:53', '2022-11-28 23:02:53'),
(706, 1, 141, 'AirTel', '20549703448141722623', '0914352469059697', '100', '2022-11-29 00:03:00', '2022-11-28 23:02:53', '2022-11-28 23:02:53'),
(707, 1, 141, 'AirTel', '20549703448141722624', '0845498836626310', '100', '2022-11-29 00:03:00', '2022-11-28 23:02:53', '2022-11-28 23:02:53'),
(708, 1, 141, 'AirTel', '20549703448141722625', '0341920404536814', '100', '2022-11-29 00:03:00', '2022-11-28 23:02:53', '2022-11-28 23:02:53'),
(709, 1, 141, 'AirTel', '20549703448141722626', '0256239844305251', '100', '2022-11-29 00:03:00', '2022-11-28 23:02:53', '2022-11-28 23:02:53'),
(710, 1, 141, 'AirTel', '20549703448141722627', '0153227601910186', '100', '2022-11-29 00:03:00', '2022-11-28 23:02:53', '2022-11-28 23:02:53'),
(711, 1, 141, 'AirTel', '20549703448141722628', '0359323780436064', '100', '2022-11-29 00:03:00', '2022-11-28 23:02:53', '2022-11-28 23:02:53'),
(712, 1, 141, 'AirTel', '20549703448141722629', '0117330519636251', '100', '2022-11-29 00:03:00', '2022-11-28 23:02:53', '2022-11-28 23:02:53'),
(713, 1, 141, 'AirTel', '20549703448141722630', '0784728929261659', '100', '2022-11-29 00:03:00', '2022-11-28 23:02:53', '2022-11-28 23:02:53'),
(714, 1, 141, 'AirTel', '20549703448141722631', '0626746136107814', '100', '2022-11-29 00:03:00', '2022-11-28 23:02:53', '2022-11-28 23:02:53'),
(715, 1, 141, 'AirTel', '20549703448141722632', '0127265007064343', '100', '2022-11-29 00:03:00', '2022-11-28 23:02:53', '2022-11-28 23:02:53'),
(716, 1, 141, 'AirTel', '20549703448141722633', '0165583060752343', '100', '2022-11-29 00:03:00', '2022-11-28 23:02:53', '2022-11-28 23:02:53'),
(717, 1, 141, 'AirTel', '20549703448141722634', '0503698957436658', '100', '2022-11-29 00:03:00', '2022-11-28 23:02:53', '2022-11-28 23:02:53'),
(718, 1, 142, 'GLO', '3199983546203384', '318045470428584', '100', '2022-11-29 00:04:00', '2022-11-28 23:03:48', '2022-11-28 23:03:48'),
(719, 1, 142, 'GLO', '3199983546203385', '318087481459842', '100', '2022-11-29 00:04:00', '2022-11-28 23:03:48', '2022-11-28 23:03:48');
INSERT INTO `epin_pdf` (`id`, `user_id`, `transaction_id`, `mobile_network`, `sno`, `pin`, `amount`, `transaction_date`, `created_at`, `updated_at`) VALUES
(720, 1, 142, 'GLO', '3199983546203386', '316191706080194', '100', '2022-11-29 00:04:00', '2022-11-28 23:03:48', '2022-11-28 23:03:48'),
(721, 1, 142, 'GLO', '3199983546203387', '315542014791366', '100', '2022-11-29 00:04:00', '2022-11-28 23:03:48', '2022-11-28 23:03:48'),
(722, 1, 142, 'GLO', '3199983546203388', '317951070727041', '100', '2022-11-29 00:04:00', '2022-11-28 23:03:48', '2022-11-28 23:03:48'),
(723, 1, 142, 'GLO', '3199983546203389', '312630229605137', '100', '2022-11-29 00:04:00', '2022-11-28 23:03:48', '2022-11-28 23:03:48'),
(724, 1, 142, 'GLO', '3199983546203390', '314112183285729', '100', '2022-11-29 00:04:00', '2022-11-28 23:03:48', '2022-11-28 23:03:48'),
(725, 1, 142, 'GLO', '3199983546203391', '311034338798674', '100', '2022-11-29 00:04:00', '2022-11-28 23:03:48', '2022-11-28 23:03:48'),
(726, 1, 142, 'GLO', '3199983546203392', '317430781245764', '100', '2022-11-29 00:04:00', '2022-11-28 23:03:48', '2022-11-28 23:03:48'),
(727, 1, 142, 'GLO', '3199983546203393', '312078740185883', '100', '2022-11-29 00:04:00', '2022-11-28 23:03:48', '2022-11-28 23:03:48'),
(728, 1, 142, 'GLO', '3199983546203394', '311443979577601', '100', '2022-11-29 00:04:00', '2022-11-28 23:03:48', '2022-11-28 23:03:48'),
(729, 1, 142, 'GLO', '3199983546203395', '316535446675121', '100', '2022-11-29 00:04:00', '2022-11-28 23:03:48', '2022-11-28 23:03:48'),
(730, 1, 142, 'GLO', '3199983546206641', '312210316038964', '100', '2022-11-29 00:04:00', '2022-11-28 23:03:48', '2022-11-28 23:03:48'),
(731, 1, 142, 'GLO', '3199983546206642', '314874647969650', '100', '2022-11-29 00:04:00', '2022-11-28 23:03:48', '2022-11-28 23:03:48'),
(732, 1, 142, 'GLO', '3199983546206643', '318172147467170', '100', '2022-11-29 00:04:00', '2022-11-28 23:03:48', '2022-11-28 23:03:48'),
(733, 1, 142, 'GLO', '3199983546206644', '315050308939128', '100', '2022-11-29 00:04:00', '2022-11-28 23:03:48', '2022-11-28 23:03:48'),
(734, 1, 142, 'GLO', '3199983546206645', '314748890120776', '100', '2022-11-29 00:04:00', '2022-11-28 23:03:48', '2022-11-28 23:03:48'),
(735, 1, 142, 'GLO', '3199983546206646', '314627790900379', '100', '2022-11-29 00:04:00', '2022-11-28 23:03:48', '2022-11-28 23:03:48'),
(736, 1, 142, 'GLO', '3199983546206647', '314219595066440', '100', '2022-11-29 00:04:00', '2022-11-28 23:03:48', '2022-11-28 23:03:48'),
(737, 1, 142, 'GLO', '3199983546206648', '318243540120372', '100', '2022-11-29 00:04:00', '2022-11-28 23:03:48', '2022-11-28 23:03:48'),
(738, 1, 142, 'GLO', '3199983546206649', '315895965982689', '100', '2022-11-29 00:04:00', '2022-11-28 23:03:48', '2022-11-28 23:03:48'),
(739, 1, 142, 'GLO', '3199983546206650', '310010567063008', '100', '2022-11-29 00:04:00', '2022-11-28 23:03:48', '2022-11-28 23:03:48'),
(740, 1, 142, 'GLO', '3199983546206651', '312312556852380', '100', '2022-11-29 00:04:00', '2022-11-28 23:03:48', '2022-11-28 23:03:48'),
(741, 1, 142, 'GLO', '3199983546206652', '310717746924289', '100', '2022-11-29 00:04:00', '2022-11-28 23:03:48', '2022-11-28 23:03:48'),
(742, 1, 142, 'GLO', '3199983546206653', '318659505510388', '100', '2022-11-29 00:04:00', '2022-11-28 23:03:48', '2022-11-28 23:03:48'),
(743, 1, 142, 'GLO', '3199983546206654', '313355400771833', '100', '2022-11-29 00:04:00', '2022-11-28 23:03:48', '2022-11-28 23:03:48'),
(744, 1, 142, 'GLO', '3199983546206655', '318026185966067', '100', '2022-11-29 00:04:00', '2022-11-28 23:03:48', '2022-11-28 23:03:48'),
(745, 1, 142, 'GLO', '3199983546206656', '313320467747350', '100', '2022-11-29 00:04:00', '2022-11-28 23:03:48', '2022-11-28 23:03:48'),
(746, 1, 142, 'GLO', '3199983546206657', '310327810444105', '100', '2022-11-29 00:04:00', '2022-11-28 23:03:48', '2022-11-28 23:03:48'),
(747, 1, 142, 'GLO', '3199983546206658', '311115042369740', '100', '2022-11-29 00:04:00', '2022-11-28 23:03:48', '2022-11-28 23:03:48'),
(748, 1, 142, 'GLO', '3199983546206659', '314301321638792', '100', '2022-11-29 00:04:00', '2022-11-28 23:03:48', '2022-11-28 23:03:48'),
(749, 1, 142, 'GLO', '3199983546206660', '316947774690188', '100', '2022-11-29 00:04:00', '2022-11-28 23:03:48', '2022-11-28 23:03:48'),
(750, 1, 142, 'GLO', '3199983546206661', '310678708633424', '100', '2022-11-29 00:04:00', '2022-11-28 23:03:48', '2022-11-28 23:03:48'),
(751, 1, 142, 'GLO', '3199983546206662', '314758449169700', '100', '2022-11-29 00:04:00', '2022-11-28 23:03:48', '2022-11-28 23:03:48'),
(752, 1, 142, 'GLO', '3199983546206663', '318789794297816', '100', '2022-11-29 00:04:00', '2022-11-28 23:03:48', '2022-11-28 23:03:48'),
(753, 1, 142, 'GLO', '3199983546206664', '318688896329949', '100', '2022-11-29 00:04:00', '2022-11-28 23:03:48', '2022-11-28 23:03:48'),
(754, 1, 142, 'GLO', '3199983546206665', '317281536030382', '100', '2022-11-29 00:04:00', '2022-11-28 23:03:48', '2022-11-28 23:03:48'),
(755, 1, 142, 'GLO', '3199983546206666', '318753931493853', '100', '2022-11-29 00:04:00', '2022-11-28 23:03:48', '2022-11-28 23:03:48'),
(756, 1, 142, 'GLO', '3199983546206667', '314429955270688', '100', '2022-11-29 00:04:00', '2022-11-28 23:03:48', '2022-11-28 23:03:48'),
(757, 1, 142, 'GLO', '3199983546206668', '315888930894019', '100', '2022-11-29 00:04:00', '2022-11-28 23:03:48', '2022-11-28 23:03:48'),
(758, 1, 142, 'GLO', '3199983546206669', '311259152541851', '100', '2022-11-29 00:04:00', '2022-11-28 23:03:48', '2022-11-28 23:03:48'),
(759, 1, 142, 'GLO', '3199983546206670', '312130055888911', '100', '2022-11-29 00:04:00', '2022-11-28 23:03:48', '2022-11-28 23:03:48'),
(760, 1, 142, 'GLO', '3199983546206671', '310171848809386', '100', '2022-11-29 00:04:00', '2022-11-28 23:03:48', '2022-11-28 23:03:48'),
(761, 1, 142, 'GLO', '3199983546206672', '313169713151480', '100', '2022-11-29 00:04:00', '2022-11-28 23:03:48', '2022-11-28 23:03:48'),
(762, 1, 142, 'GLO', '3199983546206673', '316711921025006', '100', '2022-11-29 00:04:00', '2022-11-28 23:03:48', '2022-11-28 23:03:48'),
(763, 1, 142, 'GLO', '3199983546206674', '315512993456239', '100', '2022-11-29 00:04:00', '2022-11-28 23:03:48', '2022-11-28 23:03:48'),
(764, 1, 142, 'GLO', '3199983546206675', '312140383778610', '100', '2022-11-29 00:04:00', '2022-11-28 23:03:48', '2022-11-28 23:03:48'),
(765, 1, 142, 'GLO', '3199983546206676', '311837588552196', '100', '2022-11-29 00:04:00', '2022-11-28 23:03:48', '2022-11-28 23:03:48'),
(766, 1, 142, 'GLO', '3199983546206677', '315791383910066', '100', '2022-11-29 00:04:00', '2022-11-28 23:03:48', '2022-11-28 23:03:48'),
(767, 1, 142, 'GLO', '3199983546206678', '314439032920881', '100', '2022-11-29 00:04:00', '2022-11-28 23:03:48', '2022-11-28 23:03:48'),
(768, 1, 143, 'GLO', '3199993932501214', '311740689435783', '200', '2022-11-29 00:04:00', '2022-11-28 23:04:30', '2022-11-28 23:04:30'),
(769, 1, 143, 'GLO', '3199993932501215', '317772783026742', '200', '2022-11-29 00:04:00', '2022-11-28 23:04:30', '2022-11-28 23:04:30'),
(770, 1, 143, 'GLO', '3199993932501216', '310297427092510', '200', '2022-11-29 00:04:00', '2022-11-28 23:04:30', '2022-11-28 23:04:30'),
(771, 1, 143, 'GLO', '3199993932501217', '312161982702587', '200', '2022-11-29 00:04:00', '2022-11-28 23:04:30', '2022-11-28 23:04:30'),
(772, 1, 143, 'GLO', '3199993932501218', '316279732780247', '200', '2022-11-29 00:04:00', '2022-11-28 23:04:30', '2022-11-28 23:04:30'),
(773, 1, 143, 'GLO', '3199993932501219', '312380739200205', '200', '2022-11-29 00:04:00', '2022-11-28 23:04:30', '2022-11-28 23:04:30'),
(774, 1, 143, 'GLO', '3199993932501220', '318055004828213', '200', '2022-11-29 00:04:00', '2022-11-28 23:04:30', '2022-11-28 23:04:30'),
(775, 1, 143, 'GLO', '3199993932501221', '317333619708763', '200', '2022-11-29 00:04:00', '2022-11-28 23:04:30', '2022-11-28 23:04:30'),
(776, 1, 143, 'GLO', '3199993932501222', '316931732022002', '200', '2022-11-29 00:04:00', '2022-11-28 23:04:30', '2022-11-28 23:04:30'),
(777, 1, 143, 'GLO', '3199993932501223', '314610356465301', '200', '2022-11-29 00:04:00', '2022-11-28 23:04:30', '2022-11-28 23:04:30'),
(778, 1, 143, 'GLO', '3199993932501224', '318283616256492', '200', '2022-11-29 00:04:00', '2022-11-28 23:04:30', '2022-11-28 23:04:30'),
(779, 1, 143, 'GLO', '3199993932501225', '312415788832421', '200', '2022-11-29 00:04:00', '2022-11-28 23:04:30', '2022-11-28 23:04:30'),
(780, 1, 143, 'GLO', '3199993932501226', '314902712604822', '200', '2022-11-29 00:04:00', '2022-11-28 23:04:30', '2022-11-28 23:04:30'),
(781, 1, 143, 'GLO', '3199993932501227', '315708057747813', '200', '2022-11-29 00:04:00', '2022-11-28 23:04:30', '2022-11-28 23:04:30'),
(782, 1, 143, 'GLO', '3199993932501228', '314590935992498', '200', '2022-11-29 00:04:00', '2022-11-28 23:04:30', '2022-11-28 23:04:30'),
(783, 1, 143, 'GLO', '3199993932501229', '316366424018495', '200', '2022-11-29 00:04:00', '2022-11-28 23:04:30', '2022-11-28 23:04:30'),
(784, 1, 143, 'GLO', '3199993932501230', '318560863307909', '200', '2022-11-29 00:04:00', '2022-11-28 23:04:30', '2022-11-28 23:04:30'),
(785, 1, 143, 'GLO', '3199993932501231', '318999740793879', '200', '2022-11-29 00:04:00', '2022-11-28 23:04:30', '2022-11-28 23:04:30'),
(786, 1, 143, 'GLO', '3199993932501232', '310643090345985', '200', '2022-11-29 00:04:00', '2022-11-28 23:04:30', '2022-11-28 23:04:30'),
(787, 1, 143, 'GLO', '3199993932501233', '318632506897997', '200', '2022-11-29 00:04:00', '2022-11-28 23:04:30', '2022-11-28 23:04:30'),
(788, 1, 143, 'GLO', '3199993932501234', '312526687541777', '200', '2022-11-29 00:04:00', '2022-11-28 23:04:30', '2022-11-28 23:04:30'),
(789, 1, 143, 'GLO', '3199993932501235', '310545344176161', '200', '2022-11-29 00:04:00', '2022-11-28 23:04:30', '2022-11-28 23:04:30'),
(790, 1, 143, 'GLO', '3199993932501236', '314875765909392', '200', '2022-11-29 00:04:00', '2022-11-28 23:04:30', '2022-11-28 23:04:30'),
(791, 1, 143, 'GLO', '3199993932501237', '314693199076439', '200', '2022-11-29 00:04:00', '2022-11-28 23:04:30', '2022-11-28 23:04:30'),
(792, 1, 143, 'GLO', '3199993932501238', '317391005038040', '200', '2022-11-29 00:04:00', '2022-11-28 23:04:30', '2022-11-28 23:04:30'),
(793, 1, 143, 'GLO', '3199993932501239', '313644493629989', '200', '2022-11-29 00:04:00', '2022-11-28 23:04:30', '2022-11-28 23:04:30'),
(794, 1, 143, 'GLO', '3199993932501240', '312490880780948', '200', '2022-11-29 00:04:00', '2022-11-28 23:04:30', '2022-11-28 23:04:30'),
(795, 1, 143, 'GLO', '3199993932501241', '313640598742553', '200', '2022-11-29 00:04:00', '2022-11-28 23:04:30', '2022-11-28 23:04:30'),
(796, 1, 143, 'GLO', '3199993932501242', '312024908783822', '200', '2022-11-29 00:04:00', '2022-11-28 23:04:30', '2022-11-28 23:04:30'),
(797, 1, 143, 'GLO', '3199993932501243', '310369566529524', '200', '2022-11-29 00:04:00', '2022-11-28 23:04:30', '2022-11-28 23:04:30'),
(798, 352, 904, 'GLO', '3399983045300149', '335147928792821', '100', '2022-12-04 18:26:00', '2022-12-04 17:25:46', '2022-12-04 17:25:46');

-- --------------------------------------------------------

--
-- Table structure for table `escrows`
--

CREATE TABLE `escrows` (
  `id` bigint(20) UNSIGNED NOT NULL,
  `user_id` bigint(20) UNSIGNED NOT NULL,
  `to` bigint(20) UNSIGNED NOT NULL,
  `gross` decimal(19,8) DEFAULT NULL,
  `description` text COLLATE utf8mb4_unicode_ci,
  `json_data` text COLLATE utf8mb4_unicode_ci,
  `currency_id` bigint(20) UNSIGNED NOT NULL,
  `currency_symbol` varchar(10) COLLATE utf8mb4_unicode_ci DEFAULT NULL,
  `escrow_transaction_status` varchar(255) COLLATE utf8mb4_unicode_ci DEFAULT NULL,
  `agreement` tinyint(1) NOT NULL DEFAULT '0',
  `created_at` timestamp NULL DEFAULT NULL,
  `updated_at` timestamp NULL DEFAULT NULL,
  `deleted_at` timestamp NULL DEFAULT NULL
) ENGINE=InnoDB DEFAULT CHARSET=utf8mb4 COLLATE=utf8mb4_unicode_ci;

-- --------------------------------------------------------

--
-- Table structure for table `exchanges`
--

CREATE TABLE `exchanges` (
  `id` bigint(20) UNSIGNED NOT NULL,
  `user_id` bigint(20) UNSIGNED NOT NULL,
  `first_currency_id` bigint(20) UNSIGNED NOT NULL,
  `second_currency_id` bigint(20) UNSIGNED NOT NULL,
  `gross` decimal(19,8) DEFAULT NULL,
  `fee` decimal(16,8) DEFAULT NULL,
  `net` decimal(19,8) DEFAULT NULL,
  `created_at` timestamp NULL DEFAULT NULL,
  `updated_at` timestamp NULL DEFAULT NULL
) ENGINE=InnoDB DEFAULT CHARSET=utf8mb4 COLLATE=utf8mb4_unicode_ci;

-- --------------------------------------------------------

--
-- Table structure for table `exchange_transactions`
--

CREATE TABLE `exchange_transactions` (
  `id` int(11) NOT NULL,
  `user_id` bigint(20) DEFAULT NULL,
  `from_currency_id` bigint(20) DEFAULT NULL,
  `to_currency_id` bigint(20) DEFAULT NULL,
  `amount` varchar(255) DEFAULT NULL,
  `exchange_rate` varchar(255) DEFAULT NULL,
  `total_amount` varchar(255) DEFAULT NULL,
  `created_at` timestamp NOT NULL DEFAULT CURRENT_TIMESTAMP ON UPDATE CURRENT_TIMESTAMP,
  `updated_at` timestamp NOT NULL DEFAULT CURRENT_TIMESTAMP ON UPDATE CURRENT_TIMESTAMP
) ENGINE=InnoDB DEFAULT CHARSET=latin1;

--
-- Dumping data for table `exchange_transactions`
--

INSERT INTO `exchange_transactions` (`id`, `user_id`, `from_currency_id`, `to_currency_id`, `amount`, `exchange_rate`, `total_amount`, `created_at`, `updated_at`) VALUES
(1, 1, 1, 10, '5', '770.000000000', '3850', '2022-12-31 12:34:47', '2022-12-31 12:34:47'),
(2, 1, 10, 1, '400', '0.002600000', '1.04', '2022-12-31 12:37:07', '2022-12-31 12:37:07'),
(3, 1, 1, 10, '1', '770.000000000', '770', '2022-12-31 12:38:30', '2022-12-31 12:38:30'),
(4, 1, 1, 10, '750', '775.000000000', '581250', '2022-12-31 17:23:58', '2022-12-31 17:23:58'),
(5, 1, 10, 1, '500000', '0.005000000', '2500', '2022-12-31 17:30:15', '2022-12-31 17:30:15'),
(6, 414, 1, 10, '5', '380.500000000', '1902.5', '2022-12-31 18:06:59', '2022-12-31 18:06:59'),
(7, 1, 1, 6, '1', '0.000094000', '0.000094', '2023-01-01 15:22:38', '2023-01-01 15:22:38'),
(8, 1, 1, 6, '0.001', '0.000094000', '9.4e-8', '2023-01-01 15:22:48', '2023-01-01 15:22:48'),
(9, 1, 1, 6, '0.009', '0.000094000', '8.459999999999999e-7', '2023-01-01 15:23:00', '2023-01-01 15:23:00'),
(10, 1, 2, 4, '20', '59155.520000000', '118311.04', '2023-01-01 22:29:32', '2023-01-01 22:29:32'),
(11, 1, 1, 4, '30', '5.560000000', '166.79999999999998', '2023-01-01 22:29:51', '2023-01-01 22:29:51'),
(12, 1, 1, 6, '100', '0.000094000', '0.009399999999999999', '2023-01-03 13:41:57', '2023-01-03 13:41:57'),
(13, 2, 1, 2, '100', '0.860000000', '86', '2023-01-04 05:54:45', '2023-01-04 05:54:45'),
(14, 2, 1, 6, '10', '0.000094000', '0.00094', '2023-01-15 15:44:54', '2023-01-15 15:44:54'),
(15, 1, 4, 2, '10', '0.150000000', '1.5', '2023-01-21 14:29:14', '2023-01-21 14:29:14'),
(16, 2, 1, 6, '20000', '0.000094000', '1.88', '2023-01-22 23:43:45', '2023-01-22 23:43:45'),
(17, 2, 1, 6, '7000', '0.000094000', '0.0658', '2023-01-22 23:48:28', '2023-01-22 23:48:28'),
(18, 1, 1, 10, '100', '380.500000000', '38050', '2023-01-23 07:28:25', '2023-01-23 07:28:25'),
(19, 1, 1, 6, '1000', '0.000094000', '0.094', '2023-01-23 10:01:27', '2023-01-23 10:01:27'),
(20, 1, 1, 10, '700', '380.500000000', '266350', '2023-01-23 11:32:06', '2023-01-23 11:32:06'),
(21, 2, 1, 2, '100', '0.860000000', '86', '2023-01-23 15:38:55', '2023-01-23 15:38:55'),
(22, 1, 1, 6, '5', '0.000094000', '0.00047', '2023-01-23 16:19:14', '2023-01-23 16:19:14'),
(23, 1, 1, 11, '1', '0.002800000', '2.8', '2023-01-23 16:21:38', '2023-01-23 16:21:38'),
(24, 1, 6, 1, '0.00047', '10636.900000000', '4.999343', '2023-01-23 16:23:46', '2023-01-23 16:23:46'),
(25, 1, 6, 1, '0.09', '10636.900000000', '957.3209999999999', '2023-01-23 16:40:22', '2023-01-23 16:40:22'),
(26, 1, 2, 1, '1', '1.050000000', '1.05', '2023-01-23 17:15:32', '2023-01-23 17:15:32'),
(27, 1, 1, 2, '5', '0.860000000', '4.3', '2023-01-23 17:40:29', '2023-01-23 17:40:29'),
(28, 1, 1, 2, '10', '0.860000000', '8.6', '2023-01-24 11:03:02', '2023-01-24 11:03:02'),
(29, 1, 1, 2, '45', '0.860000000', '38.7', '2023-01-26 19:22:55', '2023-01-26 19:22:55'),
(30, 1, 1, 6, '408', '0.000094000', '0.038352', '2023-01-31 21:11:02', '2023-01-31 21:11:02'),
(31, 1, 10, 1, '100000', '0.002600000', '260', '2023-02-01 05:14:53', '2023-02-01 05:14:53'),
(32, 1, 1, 10, '200', '380.500000000', '76100', '2023-02-01 05:18:24', '2023-02-01 05:18:24'),
(33, 1, 1, 10, '91', '380.500000000', '34625.5', '2023-02-01 05:19:18', '2023-02-01 05:19:18'),
(34, 1, 10, 1, '100000', '0.002600000', '260', '2023-02-01 05:22:51', '2023-02-01 05:22:51'),
(35, 1, 1, 2, '45', '0.860000000', '38.7', '2023-02-03 11:57:56', '2023-02-03 11:57:56'),
(36, 1, 2, 1, '5', '1.050000000', '5.25', '2023-02-05 16:34:28', '2023-02-05 16:34:28'),
(37, 1, 1, 2, '100', '0.860000000', '86', '2023-02-07 11:58:58', '2023-02-07 11:58:58'),
(38, 1, 1, 2, '10', '0.860000000', '8.6', '2023-02-07 12:36:03', '2023-02-07 12:36:03'),
(39, 1, 1, 2, '10', '0.860000000', '8.6', '2023-02-07 21:01:54', '2023-02-07 21:01:54'),
(40, 1, 1, 6, '1000', '0.000094000', '0.094', '2023-02-07 22:36:49', '2023-02-07 22:36:49'),
(41, 1, 2, 1, '50', '1.050000000', '52.5', '2023-02-08 03:23:52', '2023-02-08 03:23:52'),
(42, 1, 1, 10, '100', '380.500000000', '38050', '2023-02-10 08:55:53', '2023-02-10 08:55:53'),
(43, 1, 1, 10, '20', '380.500000000', '7610', '2023-02-11 20:30:43', '2023-02-11 20:30:43'),
(44, 1, 10, 1, '50000', '0.002600000', '130', '2023-02-11 20:34:18', '2023-02-11 20:34:18'),
(45, 1, 1, 6, '1', '0.000094000', '0.000094', '2023-02-14 23:49:37', '2023-02-14 23:49:37'),
(46, 1, 1, 10, '20', '380.500000000', '7610', '2023-02-15 10:32:14', '2023-02-15 10:32:14'),
(47, 1, 1, 6, '2', '0.000094000', '0.000188', '2023-02-15 20:21:57', '2023-02-15 20:21:57'),
(48, 1, 1, 10, '0.44', '380.500000000', '167.42', '2023-02-16 08:13:39', '2023-02-16 08:13:39'),
(49, 1, 2, 1, '1', '1.050000000', '1.05', '2023-02-18 15:32:15', '2023-02-18 15:32:15'),
(50, 1, 1, 2, '100', '0.86000', '86', '2023-02-19 17:37:20', '2023-02-19 17:37:20'),
(51, 1, 2, 1, '100', '1.05000', '105', '2023-02-20 20:07:04', '2023-02-20 20:07:04'),
(52, 1, 11, 2, '0.93', '0.86000', '0.7998000000000001', '2023-02-22 21:38:29', '2023-02-22 21:38:29'),
(53, 1, 1, 2, '50', '0.86000', '43', '2023-02-24 19:42:21', '2023-02-24 19:42:21'),
(54, 1, 1, 2, '10', '0.86000', '8.6', '2023-02-26 08:55:14', '2023-02-26 08:55:14'),
(55, 1, 1, 2, '20', '0.86000', '17.2', '2023-02-26 08:55:40', '2023-02-26 08:55:40'),
(56, 1, 1, 10, '1', '760.00000', '760', '2023-02-26 13:55:45', '2023-02-26 13:55:45'),
(57, 1, 1, 2, '5', '0.86000', '4.3', '2023-02-26 19:13:38', '2023-02-26 19:13:38'),
(58, 1, 10, 1, '50000', '0.00131', '65.5', '2023-03-13 18:40:14', '2023-03-13 18:40:14'),
(59, 1, 1, 4, '1', '5.56000', '5.56', '2023-03-15 01:10:32', '2023-03-15 01:10:32'),
(60, 1, 4, 1, '500', '0.18000', '90', '2023-03-19 02:05:44', '2023-03-19 02:05:44'),
(61, 614, 10, 1, '20000', '0.00131', '26.2', '2023-03-21 20:19:29', '2023-03-21 20:19:29'),
(62, 1, 1, 2, '20', '0.86000', '17.2', '2023-03-26 10:13:27', '2023-03-26 10:13:27'),
(63, 1, 1, 2, '10', '0.86000', '8.6', '2023-03-26 18:35:21', '2023-03-26 18:35:21'),
(64, 1, 1, 2, '10', '0.86000', '8.6', '2023-03-26 19:00:50', '2023-03-26 19:00:50'),
(65, 1, 1, 6, '3', '0.00000', '0', '2023-03-27 07:06:17', '2023-03-27 07:06:17'),
(66, 1, 1, 7, '3', '0.00000', '0', '2023-03-27 07:07:29', '2023-03-27 07:07:29'),
(67, 1, 1, 2, '3', '0.86000', '2.58', '2023-03-27 07:07:46', '2023-03-27 07:07:46'),
(68, 1, 1, 2, '3', '0.86000', '2.58', '2023-03-27 07:29:29', '2023-03-27 07:29:29'),
(69, 1, 1, 2, '3', '0.86000', '2.58', '2023-03-27 07:29:31', '2023-03-27 07:29:31'),
(70, 1, 1, 2, '3', '0.86000', '2.58', '2023-03-27 07:31:22', '2023-03-27 07:31:22'),
(71, 1, 1, 2, '3', '0.86000', '2.58', '2023-03-27 09:46:47', '2023-03-27 09:46:47'),
(72, 1, 1, 2, '20', '0.86000', '17.2', '2023-03-27 13:32:20', '2023-03-27 13:32:20'),
(73, 1, 2, 1, '20', '1.05000', '21', '2023-03-27 13:32:40', '2023-03-27 13:32:40'),
(74, 524, 1, 10, '0.5', '760.00000', '380', '2023-03-28 07:36:26', '2023-03-28 07:36:26'),
(75, 1, 1, 2, '5', '0.86000', '4.3', '2023-04-01 08:03:49', '2023-04-01 08:03:49'),
(76, 1, 1, 2, '40', '0.86000', '34.4', '2023-04-01 08:22:57', '2023-04-01 08:22:57'),
(77, 1, 1, 2, '22', '0.86000', '18.92', '2023-04-01 08:23:18', '2023-04-01 08:23:18'),
(78, 1, 4, 1, '100', '0.18000', '18', '2023-04-01 14:43:12', '2023-04-01 14:43:12'),
(79, 1, 10, 1, '800', '0.00131', '1.048', '2023-04-01 14:43:32', '2023-04-01 14:43:32'),
(80, 1, 1, 2, '100', '0.86000', '86', '2023-04-02 23:33:55', '2023-04-02 23:33:55'),
(81, 1, 4, 1, '117000', '0.18000', '21060', '2023-04-03 10:20:42', '2023-04-03 10:20:42'),
(82, 489, 10, 1, '1000', '0.00131', '1.31', '2023-04-04 11:03:38', '2023-04-04 11:03:38'),
(83, 1, 6, 1, '100', '10636.90000', '1063690', '2023-04-08 16:37:28', '2023-04-08 16:37:28'),
(84, 1, 1, 6, '6', '0.00000', '0', '2023-04-10 06:01:43', '2023-04-10 06:01:43'),
(85, 1, 1, 2, '500000', '0.86000', '430000', '2023-04-10 06:02:28', '2023-04-10 06:02:28'),
(86, 1, 2, 1, '200', '1.05000', '210', '2023-04-10 10:29:22', '2023-04-10 10:29:22'),
(87, 1, 1, 10, '50', '760.00000', '38000', '2023-04-11 17:16:40', '2023-04-11 17:16:40'),
(88, 1, 10, 1, '20000', '0.00131', '26.2', '2023-04-12 21:53:24', '2023-04-12 21:53:24'),
(89, 1, 1, 10, '100000', '760.00000', '76000000', '2023-04-16 01:12:52', '2023-04-16 01:12:52'),
(90, 1, 2, 1, '500', '1.05000', '525', '2023-04-19 21:24:11', '2023-04-19 21:24:11'),
(91, 1, 1, 2, '473', '0.86000', '406.78', '2023-04-19 21:25:10', '2023-04-19 21:25:10'),
(92, 1, 1, 2, '10', '0.86000', '8.6', '2023-04-19 23:29:04', '2023-04-19 23:29:04'),
(93, 1, 2, 1, '500', '1.05000', '525', '2023-04-23 12:35:18', '2023-04-23 12:35:18'),
(94, 1, 1, 2, '253153', '0.86000', '217711.58', '2023-04-25 07:26:13', '2023-04-25 07:26:13');

-- --------------------------------------------------------

--
-- Table structure for table `failed_jobs`
--

CREATE TABLE `failed_jobs` (
  `id` bigint(20) UNSIGNED NOT NULL,
  `uuid` varchar(255) COLLATE utf8mb4_unicode_ci NOT NULL,
  `connection` text COLLATE utf8mb4_unicode_ci NOT NULL,
  `queue` text COLLATE utf8mb4_unicode_ci NOT NULL,
  `payload` longtext COLLATE utf8mb4_unicode_ci NOT NULL,
  `exception` longtext COLLATE utf8mb4_unicode_ci NOT NULL,
  `failed_at` timestamp NOT NULL DEFAULT CURRENT_TIMESTAMP
) ENGINE=InnoDB DEFAULT CHARSET=utf8mb4 COLLATE=utf8mb4_unicode_ci;

-- --------------------------------------------------------

--
-- Table structure for table `general_settings`
--

CREATE TABLE `general_settings` (
  `id` int(11) NOT NULL,
  `gift_card_fee` decimal(18,2) NOT NULL DEFAULT '0.00',
  `support_email` varchar(255) DEFAULT NULL,
  `created_at` timestamp NOT NULL DEFAULT CURRENT_TIMESTAMP,
  `updated_at` timestamp NULL DEFAULT CURRENT_TIMESTAMP
) ENGINE=InnoDB DEFAULT CHARSET=latin1;

--
-- Dumping data for table `general_settings`
--

INSERT INTO `general_settings` (`id`, `gift_card_fee`, `support_email`, `created_at`, `updated_at`) VALUES
(1, '4.50', 'sell@email.com', '2022-03-18 11:59:53', '2022-07-24 16:29:08');

-- --------------------------------------------------------

--
-- Table structure for table `guarantors`
--

CREATE TABLE `guarantors` (
  `id` int(11) NOT NULL,
  `user_id` bigint(20) DEFAULT NULL,
  `c_bvn` text,
  `c_id_type_number` text,
  `c_full_name` text,
  `c_residential_address` text,
  `c_upload_passport` text,
  `c_contact` text,
  `c_business_address` text,
  `b_bvn` text,
  `b_id_type_number` text,
  `b_full_name` text,
  `b_residential_address` text,
  `b_upload_passport` text,
  `b_contact` text,
  `b_business_address` text,
  `created_at` timestamp NOT NULL DEFAULT CURRENT_TIMESTAMP,
  `updated_at` timestamp NOT NULL DEFAULT CURRENT_TIMESTAMP ON UPDATE CURRENT_TIMESTAMP
) ENGINE=InnoDB DEFAULT CHARSET=latin1;

--
-- Dumping data for table `guarantors`
--

INSERT INTO `guarantors` (`id`, `user_id`, `c_bvn`, `c_id_type_number`, `c_full_name`, `c_residential_address`, `c_upload_passport`, `c_contact`, `c_business_address`, `b_bvn`, `b_id_type_number`, `b_full_name`, `b_residential_address`, `b_upload_passport`, `b_contact`, `b_business_address`, `created_at`, `updated_at`) VALUES
(1, 352, '345354354359', '53543543543', 'Muhammad Abid Khan', 'House# 43 B Block Houseing2 Layyah Punjab Pakistan', '1670103013_c_passport.png', '546546', 'House# 43 B Block Houseing2 Layyah Punjab Pakistan', '556699887700', '44778811', 'Muhammad Abid Khan', 'House# 43 B Block Houseing2 Layyah Punjab Pakistan', '1670103013_b_passport.png', '55888', 'House# 43 B Block Houseing2 Layyah Punjab Pakistan', '2022-12-03 04:55:43', '2022-12-04 12:21:09');

-- --------------------------------------------------------

--
-- Table structure for table `identity_verifications`
--

CREATE TABLE `identity_verifications` (
  `id` bigint(20) UNSIGNED NOT NULL,
  `user_id` bigint(20) UNSIGNED NOT NULL,
  `front` text COLLATE utf8mb4_unicode_ci,
  `back` text COLLATE utf8mb4_unicode_ci,
  `message` text COLLATE utf8mb4_unicode_ci,
  `is_done` tinyint(1) NOT NULL DEFAULT '0',
  `is_aproved` tinyint(1) NOT NULL DEFAULT '0',
  `deleted_at` timestamp NULL DEFAULT NULL,
  `created_at` timestamp NULL DEFAULT NULL,
  `updated_at` timestamp NULL DEFAULT NULL
) ENGINE=MyISAM DEFAULT CHARSET=utf8mb4 COLLATE=utf8mb4_unicode_ci;

--
-- Dumping data for table `identity_verifications`
--

INSERT INTO `identity_verifications` (`id`, `user_id`, `front`, `back`, `message`, `is_done`, `is_aproved`, `deleted_at`, `created_at`, `updated_at`) VALUES
(1, 2, 'https://developer.bitmetical.com//storage/users/Celso/KYC/front/1E01.720p.WEBRip.Dual.WWW.ACERVOSUPREMO.COM.mkv_snapshot_04.45_[2020.06.22_13.12.14].jpg', 'https://developer.bitmetical.com//storage/users/Celso/KYC/back/116775643_2744341865844254_899367002112384797_n.jpg', NULL, 1, 0, NULL, '2021-02-19 14:38:44', '2021-02-19 14:41:35'),
(2, 1, 'https://developer.bitmetical.com//storage/users/demo/KYC/front/image_picker32424367890556470151614922079012_out.jpg', 'https://developer.bitmetical.com//storage/users/demo/KYC/back/image_picker54974912989688579601614922094656_out.jpg', NULL, 1, 0, NULL, '2021-02-19 17:04:45', '2021-03-05 10:28:18'),
(3, 79, 'https://developer.bitmetical.com//storage/users/pixelote/KYC/front/image_picker7009463471613740394916_out.jpg', 'https://developer.bitmetical.com//storage/users/pixelote/KYC/back/image_picker20979548731613740453790_out.jpg', NULL, 1, 0, NULL, '2021-02-19 17:47:12', '2021-02-19 18:11:57'),
(4, 98, NULL, NULL, NULL, 0, 0, NULL, '2021-02-24 08:12:58', '2021-02-24 08:12:58'),
(5, 97, NULL, NULL, NULL, 0, 0, NULL, '2021-02-27 23:53:15', '2021-02-27 23:53:15'),
(6, 102, NULL, NULL, NULL, 0, 0, NULL, '2021-03-01 00:03:09', '2021-03-01 00:03:09'),
(7, 114, NULL, NULL, NULL, 0, 0, NULL, '2021-03-04 18:31:52', '2021-03-04 18:31:52'),
(8, 117, NULL, NULL, NULL, 0, 0, NULL, '2021-03-07 12:10:00', '2021-03-07 12:10:00'),
(9, 120, NULL, NULL, NULL, 0, 0, NULL, '2021-03-07 19:46:08', '2021-03-07 19:46:08'),
(10, 121, NULL, NULL, NULL, 0, 0, NULL, '2021-03-09 14:31:53', '2021-03-09 14:31:53'),
(11, 128, NULL, NULL, NULL, 0, 0, NULL, '2021-03-16 08:01:03', '2021-03-16 08:01:03'),
(12, 132, NULL, NULL, NULL, 0, 0, NULL, '2021-03-18 12:53:35', '2021-03-18 12:53:35'),
(13, 140, NULL, NULL, NULL, 0, 0, NULL, '2021-03-19 13:11:34', '2021-03-19 13:11:34'),
(14, 141, NULL, NULL, NULL, 0, 0, NULL, '2021-03-19 15:54:29', '2021-03-19 15:54:29'),
(15, 142, NULL, NULL, NULL, 0, 0, NULL, '2021-03-19 16:39:10', '2021-03-19 16:39:10'),
(16, 144, NULL, NULL, NULL, 0, 0, NULL, '2021-03-20 10:11:07', '2021-03-20 10:11:07'),
(17, 153, NULL, NULL, NULL, 0, 0, NULL, '2021-03-21 04:10:50', '2021-03-21 04:10:50'),
(18, 159, NULL, NULL, NULL, 0, 0, NULL, '2021-03-24 18:17:49', '2021-03-24 18:17:49'),
(19, 164, NULL, NULL, NULL, 0, 0, NULL, '2021-03-26 16:40:13', '2021-03-26 16:40:13'),
(20, 165, NULL, NULL, NULL, 0, 0, NULL, '2021-03-28 00:50:26', '2021-03-28 00:50:26'),
(21, 170, NULL, NULL, NULL, 0, 0, NULL, '2021-03-30 10:11:50', '2021-03-30 10:11:50'),
(22, 177, NULL, NULL, NULL, 0, 0, NULL, '2021-04-02 20:06:53', '2021-04-02 20:06:53'),
(23, 82, NULL, NULL, NULL, 0, 0, NULL, '2021-04-04 07:13:52', '2021-04-04 07:13:52'),
(24, 181, NULL, NULL, NULL, 0, 0, NULL, '2021-04-04 18:05:37', '2021-04-04 18:05:37'),
(25, 183, NULL, NULL, NULL, 0, 0, NULL, '2021-04-06 16:22:46', '2021-04-06 16:22:46'),
(26, 185, NULL, NULL, NULL, 0, 0, NULL, '2021-04-09 23:13:36', '2021-04-09 23:13:36'),
(27, 190, NULL, NULL, NULL, 0, 0, NULL, '2021-04-12 15:58:51', '2021-04-12 15:58:51'),
(28, 189, 'https://developer.bitmetical.com//storage/users/aymanalhalali/KYC/front/image_picker28490484576957756001618316841768_out.jpg', NULL, NULL, 0, 0, NULL, '2021-04-13 12:17:17', '2021-04-13 16:27:26'),
(29, 194, NULL, NULL, NULL, 0, 0, NULL, '2021-04-14 22:00:25', '2021-04-14 22:00:25'),
(30, 195, NULL, NULL, NULL, 0, 0, NULL, '2021-04-16 06:45:02', '2021-04-16 06:45:02'),
(31, 197, NULL, NULL, NULL, 0, 0, NULL, '2021-04-17 07:06:29', '2021-04-17 07:06:29'),
(32, 198, NULL, NULL, NULL, 0, 0, NULL, '2021-04-18 18:49:20', '2021-04-18 18:49:20'),
(33, 203, NULL, NULL, NULL, 0, 0, NULL, '2021-04-21 07:26:32', '2021-04-21 07:26:32'),
(34, 206, NULL, NULL, NULL, 0, 0, NULL, '2021-04-25 01:19:51', '2021-04-25 01:19:51'),
(35, 216, NULL, NULL, NULL, 0, 0, NULL, '2021-05-04 14:31:55', '2021-05-04 14:31:55'),
(36, 221, 'https://developer.bitmetical.com//storage/users/Tiago07/KYC/front/image_picker67110662211364275201620395798059_out.jpg', 'https://developer.bitmetical.com//storage/users/Tiago07/KYC/back/image_picker58030984035777143701620395814707_out.jpg', NULL, 1, 0, NULL, '2021-05-07 17:55:33', '2021-05-07 17:57:01'),
(37, 223, NULL, NULL, NULL, 0, 0, NULL, '2021-05-08 14:56:39', '2021-05-08 14:56:39'),
(38, 213, NULL, NULL, NULL, 0, 0, NULL, '2021-05-11 18:39:33', '2021-05-11 18:39:33'),
(39, 227, NULL, NULL, NULL, 0, 0, NULL, '2021-05-15 06:25:23', '2021-05-15 06:25:23'),
(40, 234, NULL, NULL, NULL, 0, 0, NULL, '2021-05-16 15:43:01', '2021-05-16 15:43:01'),
(41, 280, 'https://developer.bitmetical.com//storage/users/calvin/KYC/front/image_picker33538463301599828921624750286396_out.jpg', 'https://developer.bitmetical.com//storage/users/calvin/KYC/back/image_picker17329444600459098041624750301263_out.jpg', NULL, 1, 0, NULL, '2021-06-27 03:30:50', '2021-06-27 03:31:45'),
(42, 270, NULL, NULL, NULL, 0, 0, NULL, '2021-07-11 03:11:34', '2021-07-11 03:11:34'),
(43, 299, NULL, NULL, NULL, 0, 0, NULL, '2021-07-11 21:44:36', '2021-07-11 21:44:36'),
(44, 301, NULL, NULL, NULL, 0, 0, NULL, '2021-07-12 11:23:34', '2021-07-12 11:23:34'),
(45, 322, 'https://rest.dxtrader.xyz/storage/users/Ronnie/KYC/front/image_picker89177159868217766671630160258357_out.jpg', 'https://rest.dxtrader.xyz/storage/users/Ronnie/KYC/back/image_picker73208441754291407901630160267617_out.jpg', NULL, 1, 0, NULL, '2021-08-27 13:21:23', '2021-08-28 18:22:25'),
(46, 207, NULL, NULL, NULL, 0, 0, NULL, '2021-09-06 23:27:37', '2021-09-06 23:27:37'),
(47, 582, NULL, NULL, NULL, 0, 0, NULL, '2023-03-16 08:13:47', '2023-03-16 08:13:47'),
(48, 489, NULL, NULL, NULL, 0, 0, NULL, '2023-03-16 08:27:41', '2023-03-16 08:27:41'),
(49, 604, 'https://phpwallet.codesviral.com/rest/storage/users/mzemprego/KYC/front/IMG-20230316-WA00051678957660176_out.jpg', NULL, NULL, 0, 0, NULL, '2023-03-16 08:58:50', '2023-03-16 09:07:45'),
(50, 650, NULL, NULL, NULL, 0, 0, NULL, '2023-04-04 08:15:14', '2023-04-04 08:15:14'),
(51, 656, NULL, NULL, NULL, 0, 0, NULL, '2023-04-06 20:11:58', '2023-04-06 20:11:58');

-- --------------------------------------------------------

--
-- Table structure for table `investmentplans`
--

CREATE TABLE `investmentplans` (
  `id` bigint(20) UNSIGNED NOT NULL,
  `transfer_method_id` bigint(20) UNSIGNED NOT NULL,
  `name` text COLLATE utf8mb4_unicode_ci,
  `min_profit_percentage` int(11) DEFAULT NULL,
  `max_profit_percentage` int(11) DEFAULT NULL,
  `min_investment` decimal(16,8) NOT NULL DEFAULT '0.00000000',
  `max_investment` decimal(16,8) NOT NULL DEFAULT '0.00000000',
  `withdraw_interval_days` text COLLATE utf8mb4_unicode_ci,
  `is_active` tinyint(1) NOT NULL DEFAULT '1',
  `deleted_at` timestamp NULL DEFAULT NULL,
  `created_at` timestamp NULL DEFAULT NULL,
  `updated_at` timestamp NULL DEFAULT NULL,
  `description` text COLLATE utf8mb4_unicode_ci
) ENGINE=MyISAM DEFAULT CHARSET=utf8mb4 COLLATE=utf8mb4_unicode_ci;

--
-- Dumping data for table `investmentplans`
--

INSERT INTO `investmentplans` (`id`, `transfer_method_id`, `name`, `min_profit_percentage`, `max_profit_percentage`, `min_investment`, `max_investment`, `withdraw_interval_days`, `is_active`, `deleted_at`, `created_at`, `updated_at`, `description`) VALUES
(4, 1, 'Platinum investment', 50, 60, '200.00000000', '10000.00000000', '90', 1, NULL, '2021-09-25 17:05:00', '2021-09-26 15:44:27', NULL),
(3, 3, 'Working Days Plan', 3, 5, '100.00000000', '200.00000000', '1', 1, NULL, '2021-09-25 16:49:00', '2022-12-04 19:45:02', '<p>demo</p>');

-- --------------------------------------------------------

--
-- Table structure for table `investments`
--

CREATE TABLE `investments` (
  `id` bigint(20) UNSIGNED NOT NULL,
  `user_id` bigint(20) UNSIGNED NOT NULL,
  `investmentplan_id` bigint(20) UNSIGNED NOT NULL,
  `capital` decimal(16,8) NOT NULL DEFAULT '0.00000000',
  `earnings` decimal(16,8) NOT NULL DEFAULT '0.00000000',
  `start` timestamp NULL DEFAULT NULL,
  `end` timestamp NULL DEFAULT NULL,
  `status` tinyint(1) NOT NULL DEFAULT '1',
  `deleted_at` timestamp NULL DEFAULT NULL,
  `created_at` timestamp NULL DEFAULT NULL,
  `updated_at` timestamp NULL DEFAULT NULL,
  `is_crypto` tinyint(1) NOT NULL DEFAULT '0'
) ENGINE=MyISAM DEFAULT CHARSET=utf8mb4 COLLATE=utf8mb4_unicode_ci;

--
-- Dumping data for table `investments`
--

INSERT INTO `investments` (`id`, `user_id`, `investmentplan_id`, `capital`, `earnings`, `start`, `end`, `status`, `deleted_at`, `created_at`, `updated_at`, `is_crypto`) VALUES
(4, 352, 3, '100.00000000', '0.00000000', '2022-12-04 19:44:07', '2022-12-14 19:44:07', 1, NULL, '2022-12-04 19:44:07', '2022-12-04 19:44:07', 0);

-- --------------------------------------------------------

--
-- Table structure for table `items`
--

CREATE TABLE `items` (
  `id` bigint(20) UNSIGNED NOT NULL,
  `user_id` bigint(20) UNSIGNED NOT NULL,
  `merchant_id` bigint(20) UNSIGNED DEFAULT NULL,
  `name` varchar(191) COLLATE utf8mb4_unicode_ci NOT NULL,
  `code` varchar(191) COLLATE utf8mb4_unicode_ci NOT NULL,
  `description` text COLLATE utf8mb4_unicode_ci NOT NULL,
  `thumbnail` text COLLATE utf8mb4_unicode_ci,
  `price` decimal(16,8) NOT NULL DEFAULT '0.00000000',
  `json_data` text COLLATE utf8mb4_unicode_ci,
  `currency_id` bigint(20) UNSIGNED DEFAULT NULL,
  `created_at` timestamp NULL DEFAULT NULL,
  `updated_at` timestamp NULL DEFAULT NULL,
  `deleted_at` timestamp NULL DEFAULT NULL,
  `link` longtext COLLATE utf8mb4_unicode_ci,
  `ipn_url` text COLLATE utf8mb4_unicode_ci
) ENGINE=MyISAM DEFAULT CHARSET=utf8mb4 COLLATE=utf8mb4_unicode_ci;

--
-- Dumping data for table `items`
--

INSERT INTO `items` (`id`, `user_id`, `merchant_id`, `name`, `code`, `description`, `thumbnail`, `price`, `json_data`, `currency_id`, `created_at`, `updated_at`, `deleted_at`, `link`, `ipn_url`) VALUES
(17, 2, NULL, 'trinks', '2-gruIovz6ak', 'ffhdf', 'https://developer.bitmetical.com//storage/users/Celso/items/image_picker7481854841612457791038_out.jpg', '60.00000000', NULL, 1, '2021-02-04 21:57:31', '2021-02-04 21:57:31', NULL, NULL, ''),
(16, 2, NULL, 'trinks', '2-IoRnOHMJl8', 'ffhdf', 'https://developer.bitmetical.com//storage/users/Celso/items/image_picker7481854841612457791038_out.jpg', '60.00000000', NULL, 1, '2021-02-04 21:56:50', '2021-02-04 21:56:50', NULL, NULL, ''),
(15, 2, NULL, 'swetter', '2-sQIJds7QNG', 'um swetter muito clean. para quem ebtende de moda', 'https://developer.bitmetical.com//storage/users/Celso/items/image_picker35810715489767924121612453515231_out.jpg', '500.00000000', NULL, 1, '2021-02-04 20:46:04', '2021-02-04 20:46:04', NULL, NULL, ''),
(14, 2, NULL, 'swetter', '2-F8tkb1XXYK', 'um swetter muito clean. para quem ebtende de moda', 'https://developer.bitmetical.com//storage/users/Celso/items/image_picker35810715489767924121612453515231_out.jpg', '500.00000000', NULL, 1, '2021-02-04 20:45:41', '2021-02-04 20:45:41', NULL, NULL, ''),
(13, 2, NULL, 'swetter', '2-h9jxPpM3UK', 'um swetter muito clean. para quem ebtende de moda', 'https://developer.bitmetical.com//storage/users/Celso/items/image_picker35810715489767924121612453515231_out.jpg', '500.00000000', NULL, 1, '2021-02-04 20:45:22', '2021-02-04 20:45:22', NULL, NULL, ''),
(12, 2, NULL, 'swetter', '2-plHl8UbQAL', 'um swetter muito clean. para quem ebtende de moda', 'https://developer.bitmetical.com//storage/users/Celso/items/image_picker29498784963492407981612453459499_out.jpg', '500.00000000', NULL, 1, '2021-02-04 20:45:12', '2021-02-04 20:45:12', NULL, NULL, ''),
(11, 2, NULL, 'swetter', '2-mrql0G20b3', 'um swetter muito clean. para quem ebtende de moda', 'https://developer.bitmetical.com//storage/users/Celso/items/image_picker29498784963492407981612453459499_out.jpg', '500.00000000', NULL, 1, '2021-02-04 20:45:04', '2021-02-04 20:45:04', NULL, NULL, ''),
(10, 2, NULL, 'swetter', '2-99gQLxrxPd', 'um swetter muito clean. para quem ebtende de moda', 'https://developer.bitmetical.com//storage/users/Celso/items/image_picker29498784963492407981612453459499_out.jpg', '500.00000000', NULL, 1, '2021-02-04 20:44:55', '2021-02-04 20:44:55', NULL, NULL, ''),
(18, 2, NULL, 'trinks', '2-lK8POBfdtr', 'ffhdf', 'https://developer.bitmetical.com//storage/users/Celso/items/image_picker7481854841612457791038_out.jpg', '60.00000000', NULL, 1, '2021-02-04 21:57:53', '2021-02-04 21:57:53', NULL, NULL, ''),
(19, 2, NULL, 'trinhonpfidzi', '2-UyDTRjwqte', '342342', 'https://developer.bitmetical.com//storage/users/Celso/items/image_picker12065476101612457910913_out.jpg', '24.00000000', NULL, 1, '2021-02-04 21:59:00', '2021-02-04 21:59:00', NULL, NULL, ''),
(20, 2, NULL, 'hacker', '2-7KyxVrJg5o', 'bum', 'https://developer.bitmetical.com//storage/users/Celso/items/image_picker6940790291612458413906_out.jpg', '300.00000000', NULL, 10, '2021-02-04 22:07:16', '2021-02-04 22:07:16', NULL, NULL, ''),
(21, 2, NULL, 'wires', '2-wixqXWpvGj', 'sdfsdffs', 'https://developer.bitmetical.com//storage/users/Celso/items/image_picker4496727241612458470240_out.jpg', '9023.03842000', NULL, 6, '2021-02-04 22:08:25', '2021-02-04 22:08:25', NULL, NULL, ''),
(22, 2, NULL, 'koker', '2-7SWt1GDet1', 'asasd', 'https://developer.bitmetical.com//storage/users/Celso/items/image_picker14310692051612459328453_out.jpg', '123.00000000', NULL, 6, '2021-02-04 22:22:25', '2021-02-04 22:22:25', NULL, NULL, ''),
(23, 2, NULL, 'internet', '2-CJwtyKNsU2', 'Vinte Megas', 'https://developer.bitmetical.com//storage/users/Celso/items/image_picker18970369451612523748594_out.jpg', '20.00000000', NULL, 1, '2021-02-05 16:16:00', '2021-02-05 16:16:01', NULL, NULL, ''),
(24, 2, NULL, 'mafura', '2-NRkjsmQjzk', '40', 'https://developer.bitmetical.com//storage/users/Celso/items/image_picker16653907971612524828830_out.jpg', '20.00000000', NULL, 10, '2021-02-05 16:33:57', '2021-02-05 16:33:57', NULL, NULL, ''),
(25, 2, NULL, 'laptop', '2-gIwBqkNHEB', 'gkhjk', 'https://developer.bitmetical.com//storage/users/Celso/items/image_picker19531416651612524941110_out.jpg', '20.00000000', NULL, 10, '2021-02-05 16:35:53', '2021-02-05 16:35:53', NULL, NULL, ''),
(26, 2, NULL, 'matapa', '2-3c8qQlH8NZ', 'hi Lorem Ipsum is simply dummy text of the printing and typesetting industry. Lorem Ipsum has been the industry\'s standard dummy text ever since the 1500s, when an unknown printer took a galley of type and scrambled it to make a type specimen book. It has survived not only five centuries, but also the leap into electronic typesetting, remaining essentially unchanged. It was popularised in the 1960s with the release of Letraset sheets containing Lorem Ipsum passages, and more recently with desktop publishing software like Aldus PageMaker including versions of Lorem Ipsum.', 'https://developer.bitmetical.com//storage/users/Celso/items/image_picker20333357301612526111439_out.jpg', '29.00000000', NULL, 1, '2021-02-05 16:55:56', '2021-02-05 16:55:56', NULL, NULL, ''),
(27, 2, NULL, 'Um titulo biiigueeeeeee dhloaihsd shdk dkasjbd kajbd akjbsd kasbdkasbdkasbd kadjbb kd ska d asdkjasdk as as dashjkd kasjd aksd', '2-KEqzX6DObD', 'It is a long established fact that a reader will be distracted by the readable content of a page when looking at its layout. The point of using Lorem Ipsum is that it has a more-or-less normal distribution of letters, as opposed to using \'Content here, content here\', making it look like readable English. Many desktop publishing packages and web page editors now use Lorem Ipsum as their default model text, and a search for \'lorem ipsum\' will uncover many web sites still in their infancy. Various versions have evolved over the years, sometimes by accident, sometimes on purpose (injected humour and the like).', 'https://developer.bitmetical.com//storage/users/Celso/items/image_picker15222774101612528008402_out.jpg', '1050023.00000000', NULL, 1, '2021-02-05 17:27:38', '2021-02-05 17:27:38', NULL, NULL, ''),
(28, 2, NULL, 'BItcoin', '2-Fu6SssoGoj', 'Just A Simple Bitcoin', 'https://developer.bitmetical.com//storage/users/Celso/items/image_picker759492211612596530653_out.jpg', '1.98503000', NULL, 6, '2021-02-06 12:29:00', '2021-02-06 12:29:00', NULL, NULL, ''),
(29, 86, NULL, 'decal', '86-TNmvdSU58x', 'decal', 'https://developer.bitmetical.com//storage/users/user1/items/image_picker12061248809537092741612672813828_out.jpg', '10.00000000', NULL, 1, '2021-02-07 09:41:00', '2021-02-07 09:41:00', NULL, NULL, ''),
(30, 88, NULL, 'name', '88-3051fG3uc0', 'test', 'https://developer.bitmetical.com//storage/users/nohaata/items/image_picker11168695131612832155062_out.jpg', '10.00000000', NULL, 1, '2021-02-09 05:56:00', '2021-02-09 05:56:00', NULL, NULL, ''),
(31, 2, NULL, 'slashis', '2-M6Q92atsZU', 'Slashes art', 'https://developer.bitmetical.com//storage/users/Celso/items/image_picker13509829611612892653814_out.jpg', '0.98340000', NULL, 6, '2021-02-09 22:44:42', '2021-02-09 22:44:42', NULL, NULL, ''),
(32, 2, NULL, 'item BTC precision', '2-JON5pC0uqJ', 'description', 'https://developer.bitmetical.com//storage/users/Celso/items/image_picker32464900273907958501612945955022_out.jpg', '0.87643165', NULL, 6, '2021-02-10 13:33:14', '2021-02-10 13:33:14', NULL, NULL, ''),
(33, 79, NULL, 'site subscription', '79-oV8qoAZebr', 'site subscription', 'https://developer.bitmetical.com//storage/users/pixelote/items/image_picker22509856490138198771612948423832_out.jpg', '30.00000000', NULL, 1, '2021-02-10 14:13:51', '2021-02-10 14:13:51', NULL, NULL, ''),
(34, 1, NULL, 'dffs', '1-xdpi6F0j9j', 'fghdfgdfg', 'https://developer.bitmetical.com//storage/users/demo/items/image_picker6851422711612991174956_out.jpg', '40.00000000', NULL, 1, '2021-02-11 02:06:26', '2021-02-11 02:06:26', NULL, NULL, NULL),
(35, 79, NULL, 'Tomatoes', '79-4FwQlwSYWL', 'fgfgdfgfdgfd', 'https://developer.bitmetical.com//storage/users/pixelote/items/image_picker16391549621612991280751_out.jpg', '10.00000000', NULL, 1, '2021-02-11 02:08:05', '2021-02-11 02:08:05', NULL, NULL, NULL),
(36, 2, NULL, 'Sabao', '2-tSW5NtNnxl', 'asdasda', 'https://developer.bitmetical.com//storage/users/Celso/items/image_picker20119587671612991848630_out.jpg', '12.00000000', NULL, 1, '2021-02-11 02:17:39', '2021-02-11 02:17:39', NULL, NULL, NULL),
(37, 2, NULL, 'Feijao', '2-Xtb6jEo7Mu', 'cxvxcvx', 'https://developer.bitmetical.com//storage/users/Celso/items/image_picker14251065011612991927733_out.jpg', '10.00000000', NULL, 1, '2021-02-11 02:19:09', '2021-02-11 02:19:09', NULL, NULL, NULL),
(38, 2, NULL, 'mafura', '2-b183oeWVZn', 'hthrthrt', 'https://developer.bitmetical.com//storage/users/Celso/items/image_picker13576666281612992073765_out.jpg', '48.00000000', NULL, 1, '2021-02-11 02:21:18', '2021-02-11 02:21:18', NULL, NULL, NULL),
(39, 2, NULL, 'pessego', '2-pyQBSI0UuG', 'xczxc', 'https://developer.bitmetical.com//storage/users/Celso/items/image_picker19252816081612992161568_out.jpg', '23.00000000', NULL, 1, '2021-02-11 02:22:45', '2021-02-11 02:22:45', NULL, NULL, NULL),
(40, 2, NULL, 'Abobora', '2-hQglz6Fqym', 'dfsfsdfdsf', 'https://developer.bitmetical.com//storage/users/Celso/items/image_picker6565794211612992220821_out.jpg', '25.00000000', NULL, 1, '2021-02-11 02:24:02', '2021-02-11 02:24:02', NULL, NULL, NULL),
(41, 2, NULL, 'bolo', '2-jCVsu7bXBB', 'sdafsf', 'https://developer.bitmetical.com//storage/users/Celso/items/image_picker3644509801613045310475_out.jpg', '23.00000000', NULL, 1, '2021-02-11 17:08:42', '2021-02-11 17:08:42', NULL, NULL, NULL),
(42, 2, NULL, 'Joker', '2-MOBv0U7mpT', 'Kes', 'https://developer.bitmetical.com//storage/users/Celso/items/image_picker21095617641613046071124_out.jpg', '234.00000000', NULL, 11, '2021-02-11 17:21:27', '2021-02-11 17:21:27', NULL, NULL, NULL),
(43, 2, NULL, 'skr', '2-ZWBDgxYbAd', 'hfhbhg', 'https://developer.bitmetical.com//storage/users/Celso/items/image_picker25914148469219820111613051681356_out.jpg', '50.00000000', NULL, 1, '2021-02-11 18:54:48', '2021-02-11 18:54:48', NULL, NULL, NULL),
(44, 2, NULL, 'Mac Book Pro', '2-FOxkgOPmvZ', 'dfsdfsdf', 'https://developer.bitmetical.com//storage/users/Celso/items/image_picker19564074361613225795006_out.jpg', '23.00000000', NULL, 1, '2021-02-13 19:16:58', '2021-02-13 19:16:58', NULL, NULL, NULL),
(45, 2, NULL, 'Ngn Joker', '2-f4lvqflVHi', 'ujyjtyj', 'https://developer.bitmetical.com//storage/users/Celso/items/image_picker11866032861613226030012_out.jpg', '40.00000000', NULL, 10, '2021-02-13 19:20:51', '2021-02-13 19:20:51', NULL, NULL, NULL),
(46, 2, NULL, 'number 1', '2-LwqhlV9moh', 'cruds', 'https://developer.bitmetical.com//storage/users/Celso/items/image_picker14323279321613226940029_out.jpg', '20.00000000', NULL, 1, '2021-02-13 19:35:53', '2021-02-13 19:35:53', NULL, NULL, NULL),
(47, 2, NULL, 'Number 2', '2-fDlnRHJcZd', 'Hope it doesnt Crash', 'https://developer.bitmetical.com//storage/users/Celso/items/image_picker2098509811613227238278_out.jpg', '40.00000000', NULL, 1, '2021-02-13 19:40:52', '2021-02-13 19:40:52', NULL, NULL, NULL),
(48, 2, NULL, 'number 3', '2-cZJKeEOESG', 'please do not crash', 'https://developer.bitmetical.com//storage/users/Celso/items/image_picker16290762521613227411289_out.jpg', '50.00000000', NULL, 1, '2021-02-13 19:43:45', '2021-02-13 19:43:45', NULL, NULL, NULL),
(49, 2, NULL, 'number 545', '2-aNvW6bpinH', 'ewrwer', 'https://developer.bitmetical.com//storage/users/Celso/items/image_picker14574073221613227450728_out.jpg', '34.00000000', NULL, 1, '2021-02-13 19:44:29', '2021-02-13 19:44:29', NULL, NULL, NULL),
(50, 2, NULL, 'bain', '2-zdKesjsc6g', 'gertert', 'https://developer.bitmetical.com//storage/users/Celso/items/image_picker10926730691613227653298_out.jpg', '34.00000000', NULL, 1, '2021-02-13 19:47:47', '2021-02-13 19:47:47', NULL, NULL, NULL),
(51, 2, NULL, 'mapira', '2-nEdPjBjG1B', 'dfsdfsdf', 'https://developer.bitmetical.com//storage/users/Celso/items/image_picker14069758781613227716959_out.jpg', '34.00000000', NULL, 1, '2021-02-13 19:48:55', '2021-02-13 19:48:55', NULL, NULL, NULL),
(52, 2, NULL, 'art', '2-dwmADjCGMu', 'sfsdfsd', 'https://developer.bitmetical.com//storage/users/Celso/items/image_picker12598937121613228313689_out.jpg', '24.00000000', NULL, 1, '2021-02-13 19:58:54', '2021-02-13 19:58:54', NULL, NULL, NULL),
(53, 1, NULL, 'qqq', '1-gxIlOebCbb', 'utfdfgh', 'https://developer.bitmetical.com//storage/users/demo/items/image_picker10422434097962982741613997136693_out.jpg', '555.00000000', NULL, 1, '2021-02-22 17:33:14', '2021-02-22 17:33:14', NULL, NULL, NULL),
(54, 97, NULL, 'test', '97-sslgkD8V5J', 'hi', 'https://developer.bitmetical.com//storage/users/mnbvcxz/items/image_picker79623410143105304271613998161554_out.jpg', '555.00000000', NULL, 1, '2021-02-22 17:50:17', '2021-02-22 17:50:17', NULL, NULL, NULL),
(55, 2, NULL, 'phpWallet mobile App', '2-iOXzXKjbdl', 'phpWallet Mobile App is a simple mobile application for sending money quickly between your friends and family. it is the ANDROID version of phpWallet - e-wallet and online payment gateway system.\n\nNote: you cannot run this as a stand alone application; you need to purchase phpWallet - e-wallet and online payment gateway systems. for this mobile application to work.', 'https://developer.bitmetical.com//storage/users/Celso/items/image_picker80807839075816739191614101601141_out.jpg', '59.00000000', NULL, 1, '2021-02-23 22:38:25', '2021-02-23 22:38:25', NULL, NULL, NULL),
(56, 98, NULL, 'lumo', '98-LcUoIvLl4W', 'Hhdhdhdh', 'https://developer.bitmetical.com//storage/users/masiliose/items/image_picker61341032603555976781614136263381_out.jpg', '5.00000000', NULL, 1, '2021-02-24 08:11:19', '2021-02-24 08:11:19', NULL, NULL, NULL),
(57, 98, NULL, 'another', '98-vXz9Db6lor', 'Cfff', 'https://developer.bitmetical.com//storage/users/masiliose/items/image_picker14560825457983257451614136299787_out.jpg', '7.00000000', NULL, 1, '2021-02-24 08:11:58', '2021-02-24 08:11:58', NULL, NULL, NULL),
(58, 1, NULL, 'Big shoe', '1-AZUIwY9X1g', 'Good big shoe', 'https://developer.bitmetical.com//storage/users/demo/items/image_picker763582162131895031614290385556_out.jpg', '400.00000000', NULL, 1, '2021-02-26 03:00:53', '2021-02-26 03:00:53', NULL, NULL, NULL),
(59, 102, NULL, 'Blusa', '102-gKZhBh1zbW', 'Blusa Azul', 'https://developer.bitmetical.com//storage/users/Adrian/items/image_picker70208971742951850731614403809723_out.jpg', '50.00000000', NULL, 1, '2021-02-27 10:30:13', '2021-02-27 10:30:13', NULL, NULL, NULL),
(60, 1, NULL, 'Demo', '1-PXk6glkbFj', 'testr', 'https://developer.bitmetical.com//storage/users/demo/items/image_picker34805262241765489421614416581431_out.jpg', '60.00000000', NULL, 7, '2021-02-27 14:03:23', '2021-02-27 14:03:23', NULL, NULL, NULL),
(61, 97, NULL, 'asdffff', '97-GLasNdstDn', 'jdhfvhg', 'https://developer.bitmetical.com//storage/users/mnbvcxz/items/image_picker18292988823527805551614453280727_out.jpg', '1.00000000', NULL, 6, '2021-02-28 00:14:53', '2021-02-28 00:14:53', NULL, NULL, NULL),
(62, 104, NULL, 'PhP Wallet', '104-62N0rhM4vs', 'only Buy Usd', 'https://developer.bitmetical.com//storage/users/Waqas313/items/image_picker15393588302243413161614453710796_out.jpg', '56.00000000', NULL, 1, '2021-02-28 00:22:07', '2021-02-28 00:22:07', NULL, NULL, NULL),
(63, 105, NULL, 'zahr', '105-rz4bOlL8uu', '50 use', 'https://developer.bitmetical.com//storage/users/zaher/items/image_picker35789989628544466361614453762175_out.jpg', '50.00000000', NULL, 1, '2021-02-28 00:23:26', '2021-02-28 00:23:26', NULL, NULL, NULL),
(64, 1, NULL, 'Ndole.', '1-TIgHuUT5jy', 'food', 'https://developer.bitmetical.com//storage/users/demo/items/image_picker16770340351614864890617_out.jpg', '100.00000000', NULL, 10, '2021-03-04 18:35:12', '2021-03-04 18:35:12', NULL, NULL, NULL),
(65, 1, NULL, 'test', '1-oe30XkqxMr', 'Only test', 'https://developer.bitmetical.com//storage/users/demo/items/image_picker14882478185181489001614936342703_out.jpg', '99.00000000', NULL, 2, '2021-03-05 14:25:49', '2021-03-05 14:25:49', NULL, NULL, NULL),
(66, 120, NULL, 'top up paypal', '120-eI4y5EovFw', 'isi saldo paypal', 'https://developer.bitmetical.com//storage/users/yama27/items/image_picker12327420079156630911615128282501_out.jpg', '15500.00000000', NULL, 1, '2021-03-07 19:45:18', '2021-03-07 19:45:18', NULL, NULL, NULL),
(67, 1, NULL, 'Ticket', '1-bWe9xj5pyi', 'ticket', 'https://developer.bitmetical.com//storage/users/demo/items/image_picker55233752174647567911615245460241_out.jpg', '12.00000000', NULL, 2, '2021-03-09 04:17:50', '2021-03-09 04:17:50', NULL, NULL, NULL),
(68, 125, NULL, 'test', '125-1kJH01cKcF', 'djdjdjdj djdjjjjjjjjjjj', 'https://developer.bitmetical.com//storage/users/demotest74/items/image_picker5548565721759996821615764575418_out.jpg', '10.00000000', NULL, 1, '2021-03-15 03:29:42', '2021-03-15 03:29:42', NULL, NULL, NULL),
(69, 127, NULL, 'bajigur', '127-zOpD4CVto3', 'bajigur krmbang', 'https://developer.bitmetical.com//storage/users/Casper/items/image_picker72984196336476719771615948928285_out.jpg', '50.00000000', NULL, 1, '2021-03-17 06:42:33', '2021-03-17 06:42:33', NULL, NULL, NULL),
(70, 137, NULL, 'soq', '137-kAWCHkgUQY', 'Soq', 'https://developer.bitmetical.com//storage/users/zakbouhali/items/image_picker83618144267697212931616110829338_out.jpg', '100.00000000', NULL, 1, '2021-03-19 03:40:51', '2021-03-19 03:40:51', NULL, NULL, NULL),
(71, 138, NULL, 'try', '138-Qf0cbgjwzI', 'try', 'https://developer.bitmetical.com//storage/users/kweku/items/image_picker47082945002329269321616116654174_out.jpg', '100.00000000', NULL, 1, '2021-03-19 05:17:40', '2021-03-19 05:17:40', NULL, NULL, NULL),
(72, 1, NULL, 'server', '1-vSQDXDNWm7', 'nothing to say', 'https://developer.bitmetical.com//storage/users/demo/items/image_picker30173747029974565621616151696500_out.jpg', '5000.00000000', NULL, 1, '2021-03-19 15:02:07', '2021-03-19 15:02:07', NULL, NULL, NULL),
(73, 1, NULL, 'sculpture', '1-UG94lYShv1', 'cheap sculpture', 'https://developer.bitmetical.com//storage/users/demo/items/image_picker41264657981072658411616154168078_out.jpg', '200.00000000', NULL, 1, '2021-03-19 15:43:09', '2021-03-19 15:43:09', NULL, NULL, NULL),
(74, 140, NULL, 'miel', '140-c4j4TQtPSQ', 'miel des hautes montagnes de l\'ouest', 'https://developer.bitmetical.com//storage/users/bricebindzi/items/image_picker-4294596551616165935158_out.jpg', '30.00000000', NULL, 1, '2021-03-19 18:59:05', '2021-03-19 18:59:05', NULL, NULL, NULL),
(75, 140, NULL, 'burger', '140-MJaRuykHJl', 'tasty', 'https://developer.bitmetical.com//storage/users/bricebindzi/items/image_picker8211792351616166493150_out.jpg', '15.00000000', NULL, 1, '2021-03-19 19:08:18', '2021-03-19 19:08:18', NULL, NULL, NULL),
(76, 1, NULL, 'chiroso', '1-3jDXiAO9K1', 'Chiroso bien cocinado', 'https://developer.bitmetical.com//storage/users/demo/items/image_picker34831194465600567361616266686912_out.jpg', '10.00000000', NULL, 1, '2021-03-20 22:58:28', '2021-03-20 22:58:28', NULL, NULL, NULL),
(77, 1, NULL, '1 hour consulting', '1-ql0TtreSzi', '1 hour consult', 'https://developer.bitmetical.com//storage/users/demo/items/image_picker33402629757448814871616357650784_out.jpg', '35.00000000', NULL, 1, '2021-03-22 00:14:48', '2021-03-22 00:14:48', NULL, NULL, NULL),
(78, 1, NULL, 'item1', '1-I7ZgpP9SUb', 'the best and cheap', 'https://developer.bitmetical.com//storage/users/demo/items/image_picker85280609395620629351616465569023_out.jpg', '5.00000000', NULL, 1, '2021-03-23 06:13:30', '2021-03-23 06:13:30', NULL, NULL, NULL),
(79, 1, NULL, 'test', '1-GZ8SKwmuqX', 'test', 'https://developer.bitmetical.com//storage/users/demo/items/image_picker76209655433153375341616700913184_out.jpg', '500.00000000', NULL, 11, '2021-03-25 23:35:17', '2021-03-25 23:35:17', NULL, NULL, NULL),
(80, 162, NULL, 'stock image', '162-LOaGdQo5l6', 'this is an image', 'https://developer.bitmetical.com//storage/users/qdevofficial/items/image_picker23825692491332939571616746618299_out.jpg', '12.00000000', NULL, 1, '2021-03-26 12:17:24', '2021-03-26 12:17:24', NULL, NULL, NULL),
(81, 166, NULL, 'something', '166-Bb00gHUeyU', 'something', 'https://developer.bitmetical.com//storage/users/tester/items/image_picker63058625261197414651616926376143_out.jpg', '100.00000000', NULL, 1, '2021-03-28 14:13:19', '2021-03-28 14:13:19', NULL, NULL, NULL),
(82, 1, NULL, 'test', '1-UYzf5e4UTw', 'great test', 'https://developer.bitmetical.com//storage/users/demo/items/image_picker7107847411441293831616976185369_out.jpg', '100.00000000', NULL, 6, '2021-03-29 04:03:29', '2021-03-29 04:03:29', NULL, NULL, NULL),
(83, 1, NULL, 'شحن ‏فوري', '1-djp2sgfuGe', 'اشحن رصيدك بسهوله', 'https://developer.bitmetical.com//storage/users/demo/items/image_picker19360789544235216291617031636021_out.jpg', '1000.00000000', NULL, 1, '2021-03-29 19:28:39', '2021-03-29 19:28:39', NULL, NULL, NULL),
(84, 170, NULL, 'pasta', '170-AqQdtujdqq', 'ketçaplı mayonezli patatesli pasta', 'https://developer.bitmetical.com//storage/users/afatozgan/items/image_picker79463467392320379781617084852804_out.jpg', '51.00000000', NULL, 1, '2021-03-30 10:14:26', '2021-03-30 10:14:26', NULL, NULL, NULL),
(85, 171, NULL, 'tedte', '171-JQV8gGkDjB', 'hhhh', 'https://developer.bitmetical.com//storage/users/xxxxx/items/image_picker22671482139767374171617105942297_out.jpg', '100.00000000', NULL, 1, '2021-03-30 16:05:32', '2021-03-30 16:05:32', NULL, NULL, NULL),
(86, 171, NULL, 'test2', '171-vtIjKVFArt', 'sjsjs', 'https://developer.bitmetical.com//storage/users/xxxxx/items/image_picker84211097850107723271617106871985_out.jpg', '5000.00000000', NULL, 6, '2021-03-30 16:20:47', '2021-03-30 16:20:47', NULL, NULL, NULL),
(87, 164, NULL, 'rak', '164-Gq3RRwYoWZ', 'offer', 'https://developer.bitmetical.com//storage/users/zbhpro2/items/image_picker21578684424386599411617201449716_out.jpg', '10.00000000', NULL, 1, '2021-03-31 18:38:00', '2021-03-31 18:38:00', NULL, NULL, NULL),
(88, 1, NULL, '2. El Çöp Konteyneri', '1-Wt1EzPG44o', 'Sahibinden az kullanılmış çöp konteynerleri', 'https://developer.bitmetical.com//storage/users/demo/items/image_picker45889255398398676951617358166804_out.jpg', '500.00000000', NULL, 1, '2021-04-02 14:09:55', '2021-04-02 14:09:55', NULL, NULL, NULL),
(89, 1, NULL, 'Tast pay please', '1-oaWybcQ7Eh', 'Pay online', 'https://developer.bitmetical.com//storage/users/demo/items/image_picker65621666439828751541617391126065_out.jpg', '100.00000000', NULL, 1, '2021-04-02 23:18:51', '2021-04-02 23:18:51', NULL, NULL, NULL),
(90, 178, NULL, 'hifjedhb', '178-sFvP7HxSG6', 'xhhdhx', 'https://developer.bitmetical.com//storage/users/Artq12345/items/image_picker28277653596920940461617458127449_out.jpg', '10.00000000', NULL, 1, '2021-04-03 17:55:41', '2021-04-03 17:55:41', NULL, NULL, NULL),
(91, 181, NULL, 'sportcar', '181-FeT8NJkUYn', 'black panthet sportcar', 'https://developer.bitmetical.com//storage/users/borneopages/items/image_picker55804215735521894791617545003010_out.jpg', '500.00000000', NULL, 1, '2021-04-04 18:04:01', '2021-04-04 18:04:01', NULL, NULL, NULL),
(92, 183, NULL, 'Deneme', '183-UBQYz1hkDS', 'Denemem descripon', 'https://developer.bitmetical.com//storage/users/Suleyman/items/image_picker19713535541761159191617711837919_out.jpg', '250.00000000', NULL, 1, '2021-04-06 16:31:16', '2021-04-06 16:31:16', NULL, NULL, NULL),
(93, 189, NULL, 'Bag Jansport', '189-fUTbTq1A7r', 'This is a bag', 'https://developer.bitmetical.com//storage/users/aymanalhalali/items/image_picker16836869855807210291618215220880_out.jpg', '100.00000000', NULL, 1, '2021-04-12 12:14:25', '2021-04-12 12:14:25', NULL, NULL, NULL),
(94, 194, NULL, 'salt', '194-2AkdmztcP8', 'salafagbwna', 'https://developer.bitmetical.com//storage/users/jassi/items/image_picker6920621023630462921618423358041_out.jpg', '2000.00000000', NULL, 1, '2021-04-14 22:02:55', '2021-04-14 22:02:55', NULL, NULL, NULL),
(95, 202, NULL, 'max', '202-BgHpdKGeHh', 'test', 'https://developer.bitmetical.com//storage/users/maximum/items/image_picker67124978251151100781618875107816_out.jpg', '12.00000000', NULL, 1, '2021-04-20 03:31:54', '2021-04-20 03:31:54', NULL, NULL, NULL),
(96, 203, NULL, 'Test', '203-QDCj7IuHuU', 'idk', 'https://developer.bitmetical.com//storage/users/mudslide89/items/image_picker59477613704620283241618975227128_out.jpg', '1.00000000', NULL, 1, '2021-04-21 07:20:40', '2021-04-21 07:20:40', NULL, NULL, NULL),
(97, 206, NULL, 'itwndnd', '206-UigMdXfmRs', 'hsbsksnfn', 'https://developer.bitmetical.com//storage/users/Richard/items/image_picker84494235025390837511619299703062_out.jpg', '348392.00000000', NULL, 1, '2021-04-25 01:28:44', '2021-04-25 01:28:44', NULL, NULL, NULL),
(98, 218, NULL, 'tv', '218-JfzI8nOXPL', 'one month sub', 'https://developer.bitmetical.com//storage/users/asi011978/items/image_picker70072658126543224811620224784756_out.jpg', '10.00000000', NULL, 1, '2021-05-05 18:24:46', '2021-05-05 18:24:46', NULL, NULL, NULL),
(99, 219, NULL, 'test', '219-yafgnTazWx', 'poster', 'https://developer.bitmetical.com//storage/users/frogman/items/image_picker51760016398022571801620275370217_out.jpg', '1.00000000', NULL, 1, '2021-05-06 08:30:09', '2021-05-06 08:30:09', NULL, NULL, NULL),
(100, 226, NULL, 'Ayam', '226-NCLCWHeExu', 'Ayam Kampung', 'https://developer.bitmetical.com//storage/users/syafiqaffandiy/items/image_picker8384207423903170051620488604779_out.jpg', '50.00000000', NULL, 1, '2021-05-08 19:43:53', '2021-05-08 19:43:53', NULL, NULL, NULL),
(101, 231, NULL, 'dddd', '231-sGLRdft63u', 'fggghhuvv', 'https://developer.bitmetical.com//storage/users/Dimitar/items/image_picker11717169114372372191620946451149_out.jpg', '455.00000000', NULL, 1, '2021-05-14 02:54:30', '2021-05-14 02:54:30', NULL, NULL, NULL),
(102, 233, NULL, 'USDT', '233-qCAewPMVhA', '1USDT =1700MMK', 'https://developer.bitmetical.com//storage/users/billiona/items/image_picker1473567561621077394150_out.jpg', '1700.00000000', NULL, 1, '2021-05-15 15:16:40', '2021-05-15 15:16:40', NULL, NULL, NULL),
(103, 236, NULL, 'fgh', '236-ha9prQC3r3', 'vhhj', 'https://developer.bitmetical.com//storage/users/sonari/items/image_picker79862986114753855871621293465805_out.jpg', '567.00000000', NULL, 1, '2021-05-18 03:18:01', '2021-05-18 03:18:01', NULL, NULL, NULL),
(104, 1, NULL, 'teste', '1-z4e3jCKu7y', 'testei', 'https://developer.bitmetical.com//storage/users/demo/items/image_picker15793636145712587481621731262080_out.jpg', '1234.00000000', NULL, 11, '2021-05-23 04:54:49', '2021-05-23 04:54:49', NULL, NULL, NULL),
(105, 1, NULL, 'tes1', '1-kpr0W370Gv', 'test api', 'https://developer.bitmetical.com//storage/users/demo/items/image_picker8728327778344495291621863410359_out.jpg', '1000.00000000', NULL, 11, '2021-05-24 17:36:56', '2021-05-24 17:36:56', NULL, NULL, NULL),
(106, 1, NULL, 'cloth', '1-hhv2jEOJvF', 'thanks', 'https://developer.bitmetical.com//storage/users/demo/items/image_picker55574837110164224501622059714855_out.jpg', '100.00000000', NULL, 11, '2021-05-27 00:08:52', '2021-05-27 00:08:52', NULL, NULL, NULL),
(107, 1, NULL, 'vvbb', '1-X3B7fcETom', 'bnn', 'https://developer.bitmetical.com//storage/users/demo/items/image_picker72707889873333339181622154269856_out.jpg', '199.00000000', NULL, 4, '2021-05-28 02:24:54', '2021-05-28 02:24:54', NULL, NULL, NULL),
(108, 1, NULL, 'fhfjfh', '1-fwE8sWR20d', 'hđhdhh', 'https://developer.bitmetical.com//storage/users/demo/items/image_picker81484198249619755951622708585234_out.jpg', '1000.00000000', NULL, 11, '2021-06-03 12:23:14', '2021-06-03 12:23:14', NULL, NULL, NULL),
(109, 1, NULL, 'kicks', '1-wfArs0QFYk', 'nice kicks', 'https://developer.bitmetical.com//storage/users/demo/items/image_picker47537617342962236591622957121075_out.jpg', '250000.00000000', NULL, 11, '2021-06-06 09:25:44', '2021-06-06 09:25:44', NULL, NULL, NULL),
(110, 2, NULL, 'kesh kesh', '2-Sj3n5ZzLB9', 'ljlkhlkh', 'https://developer.bitmetical.com//storage/users/Celso/items/image_picker20435145041623497860998_out.jpg', '20.00000000', NULL, 11, '2021-06-12 15:38:02', '2021-06-12 15:38:02', NULL, NULL, NULL),
(111, 2, NULL, 'arroz', '2-bCyZjVqMc2', 'feijao', 'https://developer.bitmetical.com//storage/users/Celso/items/cache1624217525055image_picker450367430.png.jpg', '20.00000000', NULL, 11, '2021-06-20 23:32:22', '2021-06-20 23:32:22', NULL, NULL, NULL),
(112, 1, NULL, 'vibrator', '1-06BY2lE51S', 'nauza vibrator', 'https://developer.bitmetical.com//storage/users/demo/items/image_picker86828420481291847621624644661005_out.jpg', '10000.00000000', NULL, 11, '2021-06-25 22:11:27', '2021-06-25 22:11:27', NULL, NULL, NULL),
(113, 1, NULL, 'demo', '1-Xrd6iZtuhP', 'demo', 'https://developer.bitmetical.com//storage/users/demo/items/image_picker67781648687584512481624880940694_out.jpg', '100.00000000', NULL, 11, '2021-06-28 15:49:18', '2021-06-28 15:49:18', NULL, NULL, NULL),
(114, 1, NULL, 'chlada', '1-NRbEbVGY8I', 'chlada Marocaine', 'https://developer.bitmetical.com//storage/users/demo/items/image_picker58678404293177788951625428978752_out.jpg', '20.00000000', NULL, 11, '2021-07-05 00:03:35', '2021-07-05 00:03:35', NULL, NULL, NULL);

-- --------------------------------------------------------

--
-- Table structure for table `loans`
--

CREATE TABLE `loans` (
  `id` int(11) NOT NULL,
  `user_id` bigint(20) DEFAULT NULL,
  `loan_amount` decimal(18,2) NOT NULL DEFAULT '0.00',
  `loan_tenure` varchar(255) DEFAULT NULL,
  `tenure_type` varchar(255) DEFAULT NULL,
  `payback` varchar(255) DEFAULT NULL,
  `repay_amount` decimal(18,2) NOT NULL DEFAULT '0.00',
  `return_amount` decimal(18,2) NOT NULL DEFAULT '0.00',
  `bvn` text,
  `id_type_number` text,
  `full_name` text,
  `residential_address` text,
  `account_number` text,
  `bank_name` text CHARACTER SET utf8,
  `selfie_passport` text,
  `contact` text,
  `home_address` text,
  `c_bvn` text,
  `c_id_type_number` text,
  `c_full_name` text,
  `c_residential_address` text,
  `c_upload_passport` text,
  `c_contact` text,
  `c_business_address` text,
  `b_bvn` text,
  `b_id_type_number` text,
  `b_full_name` text,
  `b_residential_address` text,
  `b_upload_passport` text,
  `b_contact` text,
  `b_business_address` text,
  `status` int(11) NOT NULL DEFAULT '100',
  `reason` text CHARACTER SET utf8,
  `created_at` timestamp NOT NULL DEFAULT CURRENT_TIMESTAMP,
  `updated_at` timestamp NOT NULL DEFAULT CURRENT_TIMESTAMP
) ENGINE=InnoDB DEFAULT CHARSET=latin1;

--
-- Dumping data for table `loans`
--

INSERT INTO `loans` (`id`, `user_id`, `loan_amount`, `loan_tenure`, `tenure_type`, `payback`, `repay_amount`, `return_amount`, `bvn`, `id_type_number`, `full_name`, `residential_address`, `account_number`, `bank_name`, `selfie_passport`, `contact`, `home_address`, `c_bvn`, `c_id_type_number`, `c_full_name`, `c_residential_address`, `c_upload_passport`, `c_contact`, `c_business_address`, `b_bvn`, `b_id_type_number`, `b_full_name`, `b_residential_address`, `b_upload_passport`, `b_contact`, `b_business_address`, `status`, `reason`, `created_at`, `updated_at`) VALUES
(6, 352, '2000.00', '1', 'Month', 'daily', '2200.00', '73.33', '22172896735', '34543543', 'Muhammad Abid Khan', 'House# 43 B Block Houseing2 Layyah Punjab Pakistan', '2084518965', 'fsafdsafsadf', '1670043422_selfie_passport.jpg', '03049556521', 'House# 43 B Block Houseing2 Layyah Punjab Pakistan', '34535435435', '53543543543', 'Muhammad Abid Khan', 'House# 43 B Block Houseing2 Layyah Punjab Pakistan', '1670043343_c_passport.jpg', '546546', 'House# 43 B Block Houseing2 Layyah Punjab Pakistan', '5566998877', '44778811', 'Muhammad Abid Khan', 'House# 43 B Block Houseing2 Layyah Punjab Pakistan', '1670043343_b_passport.jpg', '55888', 'House# 43 B Block Houseing2 Layyah Punjab Pakistan', 3, NULL, '2022-12-03 05:12:00', '2022-12-03 09:23:05'),
(7, 352, '3000.00', '1', 'Month', 'monthly', '3300.00', '3300.00', '221728967356', '34543543', 'Muhammad Abid Khan', 'House# 43 B Block Houseing2 Layyah Punjab Pakistan', '2084518965', 'fsafdsafsadf', NULL, '03049556521', 'House# 43 B Block Houseing2 Layyah Punjab Pakistan', '345354354359', '53543543543', 'Muhammad Abid Khan', 'House# 43 B Block Houseing2 Layyah Punjab Pakistan', NULL, '546546', 'House# 43 B Block Houseing2 Layyah Punjab Pakistan', '556699887700', '44778811', 'Muhammad Abid Khan', 'House# 43 B Block Houseing2 Layyah Punjab Pakistan', NULL, '55888', 'House# 43 B Block Houseing2 Layyah Punjab Pakistan', 2, 'this is resjected', '2022-12-03 06:11:17', '2022-12-03 08:50:02'),
(13, 352, '1000.00', '1', 'Month', 'daily', '1100.00', '36.67', '221728967356', '34543543', 'Muhammad Abid Khan', 'House# 43 B Block Houseing2 Layyah Punjab Pakistan', '2084518965', 'fsafdsafsadf', '1670103013_selfie_passport.jpeg', '03049556521', 'House# 43 B Block Houseing2 Layyah Punjab Pakistan', '345354354359', '53543543543', 'Muhammad Abid Khan', 'House# 43 B Block Houseing2 Layyah Punjab Pakistan', '1670103013_c_passport.png', '546546', 'House# 43 B Block Houseing2 Layyah Punjab Pakistan', '556699887700', '44778811', 'Muhammad Abid Khan', 'House# 43 B Block Houseing2 Layyah Punjab Pakistan', '1670103013_b_passport.png', '55888', 'House# 43 B Block Houseing2 Layyah Punjab Pakistan', 2, 'please verify', '2022-12-04 06:17:39', '2022-12-04 12:31:23'),
(14, 352, '1000.00', '1', 'Month', 'weekly', '1100.00', '275.00', '221728967356', '34543543', 'Muhammad Abid Khan', 'House# 43 B Block Houseing2 Layyah Punjab Pakistan', '2084518965', 'fsafdsafsadf', '1670103013_selfie_passport.jpeg', '03049556521', 'House# 43 B Block Houseing2 Layyah Punjab Pakistan', '345354354359', '53543543543', 'Muhammad Abid Khan', 'House# 43 B Block Houseing2 Layyah Punjab Pakistan', '1670103013_c_passport.png', '546546', 'House# 43 B Block Houseing2 Layyah Punjab Pakistan', '556699887700', '44778811', 'Muhammad Abid Khan', 'House# 43 B Block Houseing2 Layyah Punjab Pakistan', '1670103013_b_passport.png', '55888', 'House# 43 B Block Houseing2 Layyah Punjab Pakistan', 3, NULL, '2022-12-04 12:21:09', '2022-12-04 12:32:34');

-- --------------------------------------------------------

--
-- Table structure for table `maincurrency`
--

CREATE TABLE `maincurrency` (
  `id` int(10) UNSIGNED NOT NULL,
  `currency_id` bigint(20) UNSIGNED NOT NULL,
  `created_at` timestamp NULL DEFAULT NULL,
  `updated_at` timestamp NULL DEFAULT NULL
) ENGINE=MyISAM DEFAULT CHARSET=utf8mb4 COLLATE=utf8mb4_unicode_ci;

--
-- Dumping data for table `maincurrency`
--

INSERT INTO `maincurrency` (`id`, `currency_id`, `created_at`, `updated_at`) VALUES
(1, 1, NULL, NULL);

-- --------------------------------------------------------

--
-- Table structure for table `menus`
--

CREATE TABLE `menus` (
  `id` int(10) UNSIGNED NOT NULL,
  `name` varchar(255) COLLATE utf8mb4_unicode_ci NOT NULL,
  `created_at` timestamp NULL DEFAULT NULL,
  `updated_at` timestamp NULL DEFAULT NULL
) ENGINE=InnoDB DEFAULT CHARSET=utf8mb4 COLLATE=utf8mb4_unicode_ci;

--
-- Dumping data for table `menus`
--

INSERT INTO `menus` (`id`, `name`, `created_at`, `updated_at`) VALUES
(1, 'admin', '2020-10-12 06:28:00', '2020-10-12 06:28:00');

-- --------------------------------------------------------

--
-- Table structure for table `menu_items`
--

CREATE TABLE `menu_items` (
  `id` int(10) UNSIGNED NOT NULL,
  `menu_id` int(10) UNSIGNED DEFAULT NULL,
  `title` varchar(255) COLLATE utf8mb4_unicode_ci NOT NULL,
  `url` varchar(255) COLLATE utf8mb4_unicode_ci NOT NULL,
  `target` varchar(255) COLLATE utf8mb4_unicode_ci NOT NULL DEFAULT '_self',
  `icon_class` varchar(255) COLLATE utf8mb4_unicode_ci DEFAULT NULL,
  `color` varchar(255) COLLATE utf8mb4_unicode_ci DEFAULT NULL,
  `parent_id` int(11) DEFAULT NULL,
  `order` int(11) NOT NULL,
  `created_at` timestamp NULL DEFAULT NULL,
  `updated_at` timestamp NULL DEFAULT NULL,
  `route` varchar(255) COLLATE utf8mb4_unicode_ci DEFAULT NULL,
  `parameters` text COLLATE utf8mb4_unicode_ci
) ENGINE=InnoDB DEFAULT CHARSET=utf8mb4 COLLATE=utf8mb4_unicode_ci;

--
-- Dumping data for table `menu_items`
--

INSERT INTO `menu_items` (`id`, `menu_id`, `title`, `url`, `target`, `icon_class`, `color`, `parent_id`, `order`, `created_at`, `updated_at`, `route`, `parameters`) VALUES
(1, 1, 'Dashboard', '', '_self', 'voyager-boat', NULL, NULL, 2, '2020-10-12 06:28:00', '2020-10-22 11:23:41', 'voyager.dashboard', NULL),
(2, 1, 'Media', '', '_self', 'voyager-images', NULL, NULL, 6, '2020-10-12 06:28:01', '2022-12-03 09:05:31', 'voyager.media.index', NULL),
(3, 1, 'Users', '/admin/users/all', '_self', 'voyager-person', '#000000', NULL, 7, '2020-10-12 06:28:01', '2023-02-01 09:10:55', NULL, ''),
(4, 1, 'Roles', '', '_self', 'voyager-lock', NULL, NULL, 5, '2020-10-12 06:28:01', '2022-12-03 09:05:31', 'voyager.roles.index', NULL),
(5, 1, 'Tools', '', '_self', 'voyager-tools', NULL, NULL, 1, '2020-10-12 06:28:01', '2020-10-22 11:23:41', NULL, NULL),
(6, 1, 'Menu Builder', '', '_self', 'voyager-list', NULL, 5, 1, '2020-10-12 06:28:01', '2020-10-22 11:23:41', 'voyager.menus.index', NULL),
(7, 1, 'Database', '', '_self', 'voyager-data', NULL, 5, 2, '2020-10-12 06:28:01', '2020-10-22 11:23:41', 'voyager.database.index', NULL),
(8, 1, 'Compass', '', '_self', 'voyager-compass', NULL, 5, 3, '2020-10-12 06:28:01', '2020-10-22 11:23:41', 'voyager.compass.index', NULL),
(9, 1, 'BREAD', '', '_self', 'voyager-bread', NULL, 5, 4, '2020-10-12 06:28:01', '2020-10-22 11:23:41', 'voyager.bread.index', NULL),
(10, 1, 'Settings', '', '_self', 'voyager-settings', NULL, NULL, 4, '2020-10-12 06:28:01', '2022-12-03 09:05:31', 'voyager.settings.index', NULL),
(14, 1, 'Hooks', '', '_self', 'voyager-hook', NULL, 5, 5, '2020-10-12 06:28:10', '2020-10-22 11:23:41', 'voyager.hooks', NULL),
(15, 1, 'Escrows', '', '_self', 'voyager-lock', NULL, NULL, 8, '2020-10-22 11:27:00', '2022-12-03 09:05:31', 'voyager.escrows.index', NULL),
(16, 1, 'Vouchers', '', '_self', 'voyager-treasure', NULL, NULL, 9, '2020-10-22 11:29:10', '2022-12-03 09:05:31', 'voyager.vouchers.index', NULL),
(17, 1, 'Merchants', '', '_self', 'voyager-credit-card', NULL, NULL, 10, '2020-10-22 11:30:25', '2022-12-03 09:05:31', 'voyager.merchants.index', NULL),
(18, 1, 'Withdrawals', '', '_self', 'voyager-external', NULL, NULL, 11, '2020-10-22 11:34:47', '2022-12-03 09:05:31', 'voyager.withdrawals.index', NULL),
(19, 1, 'Deposits', '', '_self', 'voyager-book', NULL, NULL, 12, '2020-10-22 12:00:29', '2022-12-03 09:05:31', 'voyager.deposits.index', NULL),
(20, 1, 'Transactions', '', '_self', 'voyager-dollar', '#000000', NULL, 13, '2020-10-22 12:05:48', '2022-12-03 09:05:31', 'voyager.transactionable.index', 'null'),
(21, 1, 'Transaction States', '', '_self', 'voyager-check', NULL, NULL, 14, '2020-10-22 12:10:53', '2022-12-03 09:05:31', 'voyager.transaction-states.index', NULL),
(22, 1, 'Currencies', '', '_self', 'voyager-list-add', NULL, NULL, 15, '2020-10-22 12:12:26', '2022-12-03 09:05:31', 'voyager.currencies.index', NULL),
(23, 1, 'Currency Exchange Rates', '', '_self', 'voyager-lab', '#000000', NULL, 16, '2020-10-22 12:13:58', '2022-12-03 09:05:31', 'voyager.currency-exchange-rates.index', 'null'),
(25, 1, 'Countries', '', '_self', 'voyager-world', '#000000', NULL, 17, '2020-10-22 12:37:38', '2022-12-03 09:05:31', 'voyager.countries.index', 'null'),
(27, 1, 'Link Method to Currency', '', '_self', 'voyager-code', '#000000', 26, 2, '2020-10-22 12:54:33', '2020-10-22 13:30:49', 'voyager.currency-deposit-methods.index', 'null'),
(28, 1, 'Add Method', '', '_self', 'voyager-list-add', '#000000', 26, 1, '2020-10-22 12:59:38', '2020-10-22 12:59:48', 'voyager.deposit-methods.index', NULL),
(30, 1, 'Link Method to Currency', '', '_self', 'voyager-code', '#000000', 29, 2, '2020-10-22 13:24:41', '2020-10-22 13:31:03', 'voyager.currency-withdrawal-methods.index', 'null'),
(31, 1, 'Add Methods', '', '_self', 'voyager-list-add', '#000000', 29, 1, '2020-10-22 13:30:00', '2020-10-22 13:30:06', 'voyager.withdrawal-methods.index', NULL),
(32, 1, 'Transfer Methods', '', '_self', 'voyager-logbook', NULL, NULL, 18, '2021-03-24 14:38:24', '2022-12-03 09:05:31', 'voyager.transfer-methods.index', NULL),
(33, 1, 'Investmentplans', '', '_self', 'voyager-data', NULL, NULL, 19, '2021-09-25 16:33:43', '2022-12-03 09:05:31', 'voyager.investmentplans.index', NULL),
(34, 1, 'Ticketcategories', '/admin/dashboard/ticketcategories', '_self', NULL, '#000000', NULL, 20, '2022-12-30 22:27:40', '2022-12-30 22:27:40', NULL, ''),
(35, 1, 'Wallets', '', '_self', NULL, NULL, NULL, 21, '2023-02-05 15:51:13', '2023-02-05 15:51:13', 'voyager.wallets.index', NULL),
(36, 1, 'Ticketcomments', '', '_self', NULL, NULL, NULL, 22, '2023-02-05 16:05:44', '2023-02-05 16:05:44', 'voyager.ticketcomments.index', NULL),
(37, 1, 'Tickets', '', '_self', NULL, NULL, NULL, 23, '2023-02-05 16:06:20', '2023-02-05 16:06:20', 'voyager.tickets.index', NULL);

-- --------------------------------------------------------

--
-- Table structure for table `merchants`
--

CREATE TABLE `merchants` (
  `id` bigint(20) UNSIGNED NOT NULL,
  `user_id` bigint(20) UNSIGNED NOT NULL,
  `merchant_key` text COLLATE utf8mb4_unicode_ci NOT NULL,
  `site_url` varchar(191) COLLATE utf8mb4_unicode_ci NOT NULL,
  `success_link` varchar(191) COLLATE utf8mb4_unicode_ci NOT NULL,
  `fail_link` varchar(191) COLLATE utf8mb4_unicode_ci NOT NULL,
  `logo` varchar(191) COLLATE utf8mb4_unicode_ci DEFAULT NULL,
  `name` varchar(191) COLLATE utf8mb4_unicode_ci NOT NULL,
  `description` varchar(191) COLLATE utf8mb4_unicode_ci DEFAULT NULL,
  `json_data` text COLLATE utf8mb4_unicode_ci,
  `currency_id` bigint(20) UNSIGNED NOT NULL,
  `thumb` varchar(191) COLLATE utf8mb4_unicode_ci DEFAULT NULL,
  `created_at` timestamp NULL DEFAULT NULL,
  `updated_at` timestamp NULL DEFAULT NULL,
  `ipn_url` varchar(191) COLLATE utf8mb4_unicode_ci DEFAULT NULL
) ENGINE=InnoDB DEFAULT CHARSET=utf8mb4 COLLATE=utf8mb4_unicode_ci;

--
-- Dumping data for table `merchants`
--

INSERT INTO `merchants` (`id`, `user_id`, `merchant_key`, `site_url`, `success_link`, `fail_link`, `logo`, `name`, `description`, `json_data`, `currency_id`, `thumb`, `created_at`, `updated_at`, `ipn_url`) VALUES
(1, 1, '$2y$10$kXa9BlyB1zxh0caV5SHqhu3YasZ7sPRhkEs7xyl1n.w7oINu.J1mG', 'https://bitmetical.com/woo/', 'https://bitmetical.com/woo/sucess', 'https://bitmetical.com/woo/fail', 'https://devv2.bitmetical.com//storage/merchants/Admin/5727c296c29afcce2d1fdeaf3ad7e80e79671102.jpg', 'estrela-vermelha', 'werwerwe', NULL, 1, NULL, '2020-10-22 10:25:05', '2020-10-22 10:25:05', ''),
(2, 1, '$2y$10$Jtt2Dslk6ha38Z7X9A.hR.mPjSZKm5jlybCGA4h.XkAIQ7hwZkkZG', 'www.bitmetical.com/woocommerce/', 'www.bitmetical.com/woocommerce/sucess', 'www.bitmetical.com/woocommerce/fail', 'https://devv2.bitmetical.com//storage/merchants/Admin/a7229d41dc7fbfbfc2990d6f0c7e9823907e9dc5.jpg', 'CellShoppingCenter', 'ryuu', '', 1, '', '2020-10-22 10:25:51', '2023-02-15 15:18:40', ''),
(9, 1, '$2y$10$h5HSRmABwmxnFtRnHHuQFuC0sgvODCC538ebpjMMx/nCgkLJODcH.', 'https://shop.dxtrader.xyz/', 'https://shop.dxtrader.xyz/phpwalletstatus', 'https://shop.dxtrader.xyz/phpwalletstatus', 'https://demo.dxtrader.xyz/storage/merchants/demo/f86faced07aa41eef381fb3aeacbc4ce5e0f74eb.png', 'shop', 'Shop Demo Merchant Store', '', 1, '', '2021-07-26 13:03:44', '2023-02-15 14:54:28', 'https://shop.dxtrader.xyz/ipn'),
(10, 1, '$2y$10$TdOZWB1Ooh3JYWeS5.slYevebThDBCHJMzpZSOOuQP3VVydxN4aku', 'https://frf20.com', 'https://frf20.com', 'https://frf20.com', 'https://demo.dxtrader.xyz/storage/merchants/demo/93aada3fe19da0b46be49c977aa5d65860b9de43.png', 'FRf20', 'https://frf20.com', NULL, 1, NULL, '2021-08-09 17:39:01', '2021-08-09 17:39:01', 'https://frf20.com'),
(13, 1, '$2y$10$4CZ.PCSMrECD0/Gwre0uN.HTAeSYvmt0TLoI3sbGYTvUuWQCsqrLy', 'flycart.store', 'https://flycart.store/pay/pass', 'https://flycart.store/pay/fail', 'https://lokzopay.xyz/storage/merchants/demo/96791ddd79b5236a35b2a6d4852eeb300410b81c.jpg', 'Flycart', 'Payments', NULL, 1, NULL, '2022-10-24 12:36:07', '2022-10-24 12:36:07', 'https://flycart.store/pay'),
(14, 1, '$2y$10$GejyNqLoQAF7PnlTrr1mK.dhOZvLVAXPPOTzVdQm60tqhGeg5N9kq', 'https://adverteks.com', 'https://adverteks.com', 'https://adverteks.com', '/storage/merchants/demo/755af33dbc4839cdc23b9349f667eec7c12cb264.jpg', 'Adex', 'Thhtguirgvvty yyjgdfujji', NULL, 10, NULL, '2022-12-19 12:35:08', '2022-12-19 12:35:08', 'https://adverteks.com'),
(15, 1, '$2y$10$mg8YPjLkwtBACZm0IFXey.pGCFTMPLn5TM5zLK18t.7bXDfTib1Au', 'codesviral.com', 'codesviral.com', 'codesviral.com', '/storage/merchants/demo/d923fa0d577bb32917b5a25fa5ab9def4dad7e8f.png', 'codesviral.com', 'codesviral.com', NULL, 1, NULL, '2022-12-22 16:26:46', '2022-12-22 16:26:46', 'codesviral.com'),
(20, 489, '$2y$10$rMVnDbzK2d0frK6mNlE.bue0kbKC8g8xKJYp1/2JDmTdmPaA1Si.W', 'https://wordpress.codesviral.com', 'https://wordpress.codesviral.com', 'https://wordpress.codesviral.com/cart/', 'https://phpwallet.codesviral.com//storage/merchants/jamoxtsar/5b6aad06dc6897c0f8c7f563bedc6da35fb9ec1b.jpg', 'Codesviral Technology', 'cgggggggggggggggggggggggggggggg', NULL, 1, NULL, '2023-02-07 13:41:20', '2023-02-07 13:41:20', 'https://wordpress.codesviral.com/'),
(22, 524, '$2y$10$GaUHYXSQVHrOpHbhj3SmnOZ6SvO696.zYz8Q4TNcV6Ngr7ZEgiGTS', 'https://phpwallet.codesviral.com/en/', 'https://phpwallet.codesviral.com/en/merchant/', 'https://phpwallet.codesviral.com/en/merchant/', 'https://phpwallet.codesviral.com//storage/merchants/userdemo/f42df73adb9f6258ee4c868e5af0464173741e6a.png', 'Demo Merchant', 'ebfjbjdmzx kjb ucbjn uikzx', NULL, 1, NULL, '2023-02-21 20:02:18', '2023-02-21 20:02:18', 'https://phpwallet.codesviral.com/en/merchant/'),
(24, 1, '$2y$10$qEdQok8wHYT/144tIe9R/OIfbiEWmqBxBfMPu0I9xdsrIrRJKPfbC', 'https://phpwallet.codesviral.com/en/merchant/new', 'https://phpwallet.codesviral.com/en/merchant/new', 'https://phpwallet.codesviral.com/en/merchant/new', 'https://phpwallet.codesviral.com//storage/merchants/demo/0ca01f27bb39d3e294b7a51364087b9d8adc766e.PNG', 'Luna Gaming', 'Description', NULL, 1, NULL, '2023-03-05 22:53:32', '2023-03-05 22:53:32', 'https://phpwallet.codesviral.com/en/merchant/new');

-- --------------------------------------------------------

--
-- Table structure for table `migrations`
--

CREATE TABLE `migrations` (
  `id` int(10) UNSIGNED NOT NULL,
  `migration` varchar(255) COLLATE utf8mb4_unicode_ci NOT NULL,
  `batch` int(11) NOT NULL
) ENGINE=InnoDB DEFAULT CHARSET=utf8mb4 COLLATE=utf8mb4_unicode_ci;

--
-- Dumping data for table `migrations`
--

INSERT INTO `migrations` (`id`, `migration`, `batch`) VALUES
(1, '2014_10_12_000000_create_users_table', 1),
(2, '2014_10_12_100000_create_password_resets_table', 1),
(3, '2014_10_12_200000_add_two_factor_columns_to_users_table', 1),
(4, '2016_01_01_000000_add_voyager_user_fields', 1),
(5, '2016_01_01_000000_create_data_types_table', 1),
(6, '2016_01_01_000000_create_pages_table', 1),
(7, '2016_01_01_000000_create_posts_table', 1),
(8, '2016_02_15_204651_create_categories_table', 1),
(9, '2016_05_19_173453_create_menu_table', 1),
(10, '2016_10_21_190000_create_roles_table', 1),
(11, '2016_10_21_190000_create_settings_table', 1),
(12, '2016_11_30_135954_create_permission_table', 1),
(13, '2016_11_30_141208_create_permission_role_table', 1),
(14, '2016_12_26_201236_data_types__add__server_side', 1),
(15, '2017_01_13_000000_add_route_to_menu_items_table', 1),
(16, '2017_01_14_005015_create_translations_table', 1),
(17, '2017_01_15_000000_make_table_name_nullable_in_permissions_table', 1),
(18, '2017_03_06_000000_add_controller_to_data_types_table', 1),
(19, '2017_04_11_000000_alter_post_nullable_fields_table', 1),
(20, '2017_04_21_000000_add_order_to_data_rows_table', 1),
(21, '2017_07_05_210000_add_policyname_to_data_types_table', 1),
(22, '2017_08_05_000000_add_group_to_settings_table', 1),
(23, '2017_11_26_013050_add_user_role_relationship', 1),
(24, '2017_11_26_015000_create_user_roles_table', 1),
(25, '2018_03_11_000000_add_user_settings', 1),
(26, '2018_03_14_000000_add_details_to_data_types_table', 1),
(27, '2018_03_16_000000_make_settings_value_nullable', 1),
(28, '2019_08_19_000000_create_failed_jobs_table', 1),
(29, '2019_12_14_000001_create_personal_access_tokens_table', 1),
(30, '2020_09_12_1599920307_create_countries_table', 1),
(31, '2020_09_12_1599920406_create_currencies_table', 1),
(32, '2020_09_12_1599920407_create_wallets_table', 1),
(33, '2020_09_12_1599920418_create_withdrawal_methods_table', 1),
(34, '2020_09_12_1599920419_create_deposit_methods_table', 1),
(35, '2020_09_12_1599920431_create_currency_deposit_methods_table', 1),
(36, '2020_09_12_1599920452_create_currency_withdrawal_methods_table', 1),
(37, '2020_09_12_1599920519_create_deposits_table', 1),
(38, '2020_09_12_1599920520_create_withdrawals_table', 1),
(39, '2020_09_12_1599920544_create_escrows_table', 1),
(40, '2020_09_12_1599920558_create_exchanges_table', 1),
(41, '2020_09_12_1599920602_create_otps_table', 1),
(42, '2020_09_12_1599920642_create_merchants_table', 1),
(43, '2020_09_12_1599921044_create_profiles_table', 1),
(44, '2020_09_12_1599921059_create_purchases_table', 1),
(45, '2020_09_12_1599921076_create_receives_table', 1),
(46, '2020_09_12_1599921086_create_requests_table', 1),
(47, '2020_09_12_1599921104_create_sales_table', 1),
(48, '2020_09_12_1599921226_create_sends_table', 1),
(49, '2020_09_12_1599921244_create_ticketcategories_table', 1),
(50, '2020_09_12_1599921269_create_tickets_table', 1),
(51, '2020_09_12_1599921270_create_ticketcomments_table', 1),
(52, '2020_09_12_1599921414_create_transactionable_table', 1),
(53, '2020_09_12_1599921493_create_transaction_states_table', 1),
(54, '2020_09_12_1599921560_create_vouchers_table', 1),
(55, '2020_09_13_100814_add_sale_id_to_purchases_table', 1),
(56, '2020_09_13_100943_add_purchase_id_to_sales_table', 1),
(57, '2020_09_13_101259_add_send_id_to_receives_table', 1),
(58, '2020_09_13_101328_add_receive_id_to_sends_table', 1),
(59, '2020_09_13_112634_create_sessions_table', 1),
(60, '2020_09_17_1600363394_create_currency_exchange_rates_table', 1),
(61, '2020_10_22_115203_add_how_to_for_api_to_deposit_methods_table', 2),
(62, '2020_10_25_062956_add_how_to_for_api_to_withdrawal_methods_table', 3),
(63, '2020_11_29_084647_add_ipn_url_to_merchants_table', 4),
(64, '2021_01_25_163136_add_currency_id_to_withdrawal_methods_table', 5),
(65, '2021_01_25_163213_add_currency_id_to_deposit_methods_table', 5),
(66, '2021_01_28_093151_create_products_table', 6),
(67, '2021_01_28_094151_create_items_table', 7),
(68, '2021_02_01_111951_create_items_table', 8),
(69, '2021_02_01_113551_create_items_table', 9),
(70, '2021_02_01_114151_create_items_table', 10),
(71, '2021_02_06_063030_add_link_to_items_table', 11),
(72, '2021_02_10_061552_create_payments_table', 12),
(73, '2021_02_10_074726_add_ipn_to_items_table', 12),
(74, '2021_02_19_083507_create_identity_verifications_table', 13),
(75, '2021_02_19_083809_add_identity_verified_to_users_table', 13),
(76, '2021_02_21_113301_drop_categories_table', 14),
(77, '2021_03_18_095316_change_ipn_url_in_merchants_table', 15),
(78, '2021_03_24_093857_create_transfer_methods_table', 16),
(79, '2021_03_24_095436_add_transfer_method_fields_to_wallets_table', 16),
(80, '2021_03_24_104647_add_fees_to_transfer_methods_table', 17),
(81, '2021_04_08_095234_add_thumbnail_to_transfer_methods_table', 18),
(82, '2021_04_08_130923_add_transfer_method_id_to_deposits_table', 19),
(83, '2021_04_10_174953_add_transfer_method_id_to_withdrawals_table', 20),
(84, '2021_09_03_204101_add_merchant_fixed_fee_to_transfer_methods_table', 21),
(85, '2021_09_03_204134_add_merchant_percentage_fee_to_transfer_methods_table', 21),
(86, '2021_09_03_204310_add_mobile_thumbnail_to_transfer_methods_table', 21),
(87, '2021_09_10_150926_add_wallet_id_to_users_table', 22),
(88, '2021_09_17_000543_create_transfer_method_wallet_table', 23),
(89, '2021_09_17_014003_add_adress_to_transfer_method_wallet_table', 23),
(90, '2021_09_17_014638_add_user_id_to_transfer_method_wallet_table', 23),
(91, '2021_09_24_074144_create_investmentplans_table', 24),
(92, '2021_09_24_092103_create_investments_table', 25),
(93, '2021_09_25_075323_delete_currency_id_column_from_investment_plan', 26),
(94, '2021_09_26_004705_add_description_to_investmentplans_table', 27),
(96, '2021_09_26_005909_add_is_crypto_to_investments_table', 28),
(97, '2021_10_07_202212_create_trades_table', 29),
(98, '2021_10_22_214412_create_maincurrency_table', 30),
(100, '2021_10_26_170236_create_closed_trades_table', 31),
(101, '2021_10_29_190248_create_planos_table', 32),
(102, '2021_12_06_072837_add_csrf_token_in_users_table', 33),
(103, '2021_12_07_072837_create_voucher_orders_table', 33),
(104, '2021_12_15072837_add_vorderid_in_voucher_orders_table', 34),
(105, '2022_01_24_004705_add_is_hidden_to_transfer_methods_table', 35),
(106, '2022_01_27_004705_add_is_system_to_transfer_methods_table', 36),
(107, '2022_02_23_034122_create_virtualcards_table', 37),
(108, '2022_02_23_044122_create_virtualcarddetails_table', 37),
(109, '2022_02_26_924712_create_paymentlinks_table', 38),
(110, '2022_02_27_937412_add_ipn_url_to_paymentlinks_table', 39),
(111, '2022_02_27_94283745_add_link_to_paymentlinks_table', 39),
(112, '2022_02_27_943843_add_name_to_paymentlinks_table', 40),
(113, '2022_02_28_376276_create_paymentlinkorders_table', 41),
(114, '2022_03_18_034122_create_virtualcardrequests_table', 42),
(115, '2022_03_18_937412_add_status_to_virtualcards_table', 43),
(116, '2022_03_18_937413_add_status_string_to_virtualcards_table', 43),
(117, '2022_03_18_937414_add_message_to_virtualcards_table', 44),
(118, '2022_05_04_082238_create_admin_stats_table', 45),
(119, '2022_05_05_061312_create_admins_table', 45);

-- --------------------------------------------------------

--
-- Table structure for table `otps`
--

CREATE TABLE `otps` (
  `id` bigint(20) UNSIGNED NOT NULL,
  `user_id` bigint(20) UNSIGNED NOT NULL,
  `otp` varchar(191) COLLATE utf8mb4_unicode_ci DEFAULT NULL,
  `created_at` timestamp NULL DEFAULT NULL,
  `updated_at` timestamp NULL DEFAULT NULL,
  `deleted_at` timestamp NULL DEFAULT NULL
) ENGINE=InnoDB DEFAULT CHARSET=utf8mb4 COLLATE=utf8mb4_unicode_ci;

--
-- Dumping data for table `otps`
--

INSERT INTO `otps` (`id`, `user_id`, `otp`, `created_at`, `updated_at`, `deleted_at`) VALUES
(64, 80, '$2y$10$tCdrSe12BO2zkCpnk50q8.HLvIawOKHKUuyeDLGxcpuEPKgP5pp7W', '2021-01-29 03:02:40', '2021-01-29 03:02:40', NULL),
(65, 81, '$2y$10$imZmDmpVCF3deKdSqj5Lneka6ALqUo7qxbbkAXqEzX44CXIsXewm6', '2021-01-31 02:05:41', '2021-01-31 02:05:41', NULL),
(66, 82, '$2y$10$Mh9e9Mua6EW5ItTf8j9gU.7nmVU3tU5to/RvIU5j0IFUI75FvlSy6', '2021-02-02 08:14:42', '2021-02-02 08:14:42', NULL),
(67, 83, '$2y$10$zL/ETYgqFH2xkA3XH7haTORTUznSvjslFgrK.hvkRKM20mDFYjtDu', '2021-02-07 01:21:28', '2021-02-07 01:21:28', NULL),
(68, 84, '$2y$10$B0PwT9f2TiarYK0vQTzimusPMZAXGeL0O8aioHXokDO8ZMIuYnr6W', '2021-02-07 01:31:30', '2021-02-07 01:31:30', NULL),
(69, 85, '$2y$10$Uz4P6B7y9aommK7AJKWZ0OEfAMIfOmbjo1EcoHPAWCeqvuVsuerEm', '2021-02-07 07:16:57', '2021-02-07 07:16:57', NULL),
(70, 86, '$2y$10$96zNSyDZSJo9C7ao.0T1SO9S7zJDzJaNQHXdB2JBCoVKGBGpGO7Ai', '2021-02-07 08:11:48', '2021-02-07 08:11:48', NULL),
(71, 87, '$2y$10$DjO2/cgd6l1O2at.3bBqH.Rc3i2gR/5x8pkX4pqCxU9cmxhLAMaxW', '2021-02-08 21:23:07', '2021-02-08 21:23:07', NULL),
(72, 88, '$2y$10$bh73xHYJk1DcmbuRYGonSeR8tjlgasq5oecLd5XfVsqJOMRVFtY3y', '2021-02-09 05:52:37', '2021-02-09 05:52:37', NULL),
(73, 89, '$2y$10$YFRjm6621brmLcbwjVYpue3WftuG8Fskdzeka7oh5JNnxuH8jXmZm', '2021-02-15 21:30:27', '2021-02-15 21:30:27', NULL),
(74, 91, '$2y$10$EudxV2S8/j5n0VoPd3ljJuE7jH79TdKhe4VcD36IidEPHQXwRr0Kq', '2021-02-20 06:41:09', '2021-02-20 06:41:09', NULL),
(75, 92, '$2y$10$Ltw94oZQq9j/KkhOFWyVkuAOMbaK67APylMR5/9yuSiE2V50l7JVO', '2021-02-20 06:51:16', '2021-02-20 06:51:16', NULL),
(76, 93, '$2y$10$z2DjG2jGB3gpxgdj4tckqeIJHCyNJ8edWgN5QMlzoV7R0.x2uV5lu', '2021-02-20 07:01:22', '2021-02-20 07:01:22', NULL),
(77, 94, '$2y$10$HstwKbLwBgaT33omdkvw4e2gjqXAajoMOaC56WcA0vr8qkLmz0hF6', '2021-02-20 07:04:53', '2021-02-20 07:04:53', NULL),
(78, 95, '$2y$10$.sLH3Pxkn7chmiwg/g5sc.FVsSQLsQ/6VXKbI8o4q7YEvHVgwgBsi', '2021-02-20 07:06:13', '2021-02-20 07:06:13', NULL),
(79, 96, '$2y$10$tg.MODMs3GcKN1gOQ.kQNu6dOc/FeT1vy6PwbmkgOdBPVbTImCuty', '2021-02-20 11:02:45', '2021-02-20 11:02:45', NULL),
(80, 97, '$2y$10$sUaHySRN1I8BCZkldWgejeMu0Wzi5mTVVDuSd9nmO0KmCWSFnOszy', '2021-02-22 17:46:08', '2021-02-22 17:46:08', NULL),
(81, 98, '$2y$10$x0Z6.oZquvxs7WPAI.36fep7knVU8x0l/aZCEw3MooGZy6JNHaZnO', '2021-02-24 08:09:10', '2021-02-24 08:09:10', NULL),
(82, 99, '$2y$10$4BmAOMsNe1QkifCPvbseduLzS5eak.KH2HwBjATBKZuEKfHJqKxma', '2021-02-24 08:20:40', '2021-02-24 08:20:40', NULL),
(83, 100, '$2y$10$JKa.MK1o0wneQE8eQiEdFemmnQbtqE6ImWiG6dBLDR/BlY82HzQ3S', '2021-02-25 17:14:46', '2021-02-25 17:14:46', NULL),
(84, 101, '$2y$10$XCUsC1g3KLfI2/ohqIUE6.35lG7s4qlftXB9nHYu.366TRPhz67ai', '2021-02-26 03:06:26', '2021-02-26 03:06:26', NULL),
(85, 102, '$2y$10$6VujZpI29IC7824xjYW4YuYvahshYdAHemXreqKZHeKR0FOtQF086', '2021-02-26 18:30:54', '2021-02-26 18:30:54', NULL),
(86, 103, '$2y$10$26T7G.w/Eemn8AHqK5SsQ.hzoZiMe4hVLUFNGAtoYxNiJT1qL7QxS', '2021-02-27 23:41:27', '2021-02-27 23:41:27', NULL),
(87, 104, '$2y$10$AzqCN5cpnOuzGzW54A/sm.QI.TwWvl/6AhCkOO3lTL.Krv4b6mBam', '2021-02-28 00:20:32', '2021-02-28 00:20:32', NULL),
(88, 105, '$2y$10$.cCcvZfoUCM6ddK9UfwWVOPUNT9zuX/zvC921i8dEKlO85NnudDEK', '2021-02-28 00:21:24', '2021-02-28 00:21:24', NULL),
(89, 106, '$2y$10$c3WO1WxyhO..zjvkStSGX.D0efTEBQqG0UrdCelRx1dcQYgBTZvzq', '2021-02-28 11:50:41', '2021-02-28 11:50:41', NULL),
(90, 107, '$2y$10$7ryupTnLfRAnTnficNpkYu8L3mjy9ZYkf7/oCuBEaYOtK.1NtIoiS', '2021-03-01 03:38:23', '2021-03-01 03:38:23', NULL),
(91, 108, '$2y$10$OwVp8G5wYkGGv3rS5Q6Qr.7kzQReHhg.oiITOi9iF8UOzgNSmItQa', '2021-03-01 17:13:08', '2021-03-01 17:13:08', NULL),
(92, 109, '$2y$10$0jzXx9rzrdY.Srq4/Y2tYO4/PrXzFUPG/R1zB2DNOAYcbZ8Xh05n.', '2021-03-02 14:44:30', '2021-03-02 14:44:30', NULL),
(93, 110, '$2y$10$NIe6dJ3UrSdMTT0ULHnUQ.zDRziQ3ufs3WQkupkbxG6PGUV5/dUOq', '2021-03-02 18:06:02', '2021-03-02 18:06:02', NULL),
(94, 111, '$2y$10$LFlFMaH6V/CvFwEdTNHwQu7V6lURzOndCKzI1Mikiflw6H7gfWAaO', '2021-03-03 01:56:52', '2021-03-03 01:56:52', NULL),
(95, 112, '$2y$10$uNSXWB0d2PY5I1aSp888H..bXH.z4OtY85wbOpkc.qRu0jZSGbI4i', '2021-03-04 04:32:40', '2021-03-04 04:32:40', NULL),
(96, 113, '$2y$10$p3.S3kiBVfv//17UAj9jneBvHWxam80hKSzrdKlbSwtGlKXc2IJe2', '2021-03-04 15:44:53', '2021-03-04 15:44:53', NULL),
(97, 114, '$2y$10$GGHS4XHCSn5MJVyEDaM9beiBHRSBrT0shl1.b664jY5Ab3khVjSUK', '2021-03-04 18:31:02', '2021-03-04 18:31:02', NULL),
(98, 115, '$2y$10$zWkM0dMI4Ad7/l1SxCycpOTckkU7qf1yV2q3NXURO.VgzIbnNLjKC', '2021-03-05 14:33:27', '2021-03-05 14:33:27', NULL),
(99, 116, '$2y$10$93hfnv6ruUWxMgROClKdTO/F7dY948a75.5iucl6adsTad1Bf3Jf2', '2021-03-07 10:22:10', '2021-03-07 10:22:10', NULL),
(100, 117, '$2y$10$7WS7rtHKcxv12aaCF8eqt.6AdKDKynAX/RDc8ml6kCCyroJ1koX.a', '2021-03-07 12:05:59', '2021-03-07 12:05:59', NULL),
(101, 118, '$2y$10$feMj3FkQk7XtaPR2h5KtdeiqMg04Vt4fxZDYvWYHpsVriRrHgxsK6', '2021-03-07 14:43:50', '2021-03-07 14:43:50', NULL),
(102, 119, '$2y$10$ozxpXB3rt9CZR5czCJoLFuRNG6xXEfAXsZKg/ZFTdhJNBMJTc3p7S', '2021-03-07 16:22:06', '2021-03-07 16:22:06', NULL),
(103, 120, '$2y$10$rqcYANL6WnHKSFGFyuFKXORoivNplp1wCYOjIXnaCXfGASlxdSK2.', '2021-03-07 19:39:07', '2021-03-07 19:39:07', NULL),
(104, 121, '$2y$10$IO3t7HKCT0sktQR8k.JnnuviU34sOXSTsc2ZixpbMrC18noO1Supy', '2021-03-09 14:04:47', '2021-03-09 14:04:47', NULL),
(105, 122, '$2y$10$q8th3lPG/P6WIXXQ0P4NKuVQs5N5Z3dKA1jB5m.rIAb4N6g5a3Evi', '2021-03-09 19:24:02', '2021-03-09 19:24:02', NULL),
(106, 123, '$2y$10$APFs65kF9XatwlvmnqtF9eatyZavvqu9mGHMUWL1YVL8aO/.ViKUy', '2021-03-11 10:37:36', '2021-03-11 10:37:36', NULL),
(107, 124, '$2y$10$Nn8JraAHSwMNxV.qWnGmI.od/NRkX04.D0D3sXcwlVAC/pb9Ah7/q', '2021-03-13 12:40:49', '2021-03-13 12:40:49', NULL),
(108, 125, '$2y$10$tM3fGYDd0sdPdbaR5hn0IuSDvgt./1xsa2Em5MCSTauf4pDPJRBMm', '2021-03-15 03:25:10', '2021-03-15 03:25:10', NULL),
(109, 126, '$2y$10$/cSerahVfxQmjRe4TpjwX.NFMcgKCrrre1WKK1es84GdKR5W8nd86', '2021-03-15 04:15:38', '2021-03-15 04:15:38', NULL),
(110, 127, '$2y$10$yk2syjqG8tULVe6Sbxk59.3EPqT1GZLs7UJD3B0qgF46gIQHTl9b.', '2021-03-16 07:55:29', '2021-03-16 07:55:29', NULL),
(111, 128, '$2y$10$ePNUqXwVO1jgovP253oCxucqfJF5gmfyX43o2gGBHt1Nnplg2mdCu', '2021-03-16 07:57:56', '2021-03-16 07:57:56', NULL),
(112, 129, '$2y$10$WI1ydCik34ZyPlrGlOD2s.wIlH3RtlCb9I44zqU8HyROXAP7jpW9m', '2021-03-16 22:39:29', '2021-03-16 22:39:29', NULL),
(113, 130, '$2y$10$dlmoTQDSSxxKEnW7mKXT/OtfahtxGtqVIPMCh9FBsU7Dw1RJyZbSm', '2021-03-17 00:17:17', '2021-03-17 00:17:17', NULL),
(114, 131, '$2y$10$fQZW0UWeZk93N0bkpzklTOe6fReJmBwFe4Ynn5ha5C/YQEVrJLDvy', '2021-03-18 11:18:48', '2021-03-18 11:18:48', NULL),
(115, 132, '$2y$10$SlaYWuFkEcNy5MkSG/JgnuPVDKXMd7yW24GEwFAzUr1PAReufF.02', '2021-03-18 12:50:27', '2021-03-18 12:50:27', NULL),
(116, 133, '$2y$10$MakE2mvgePyZMnoGmJJ6kuYIuCYHjaZA8Kg3G8VIxX5pGfuVmcLxm', '2021-03-18 18:01:00', '2021-03-18 18:01:00', NULL),
(117, 134, '$2y$10$CQ1BjEGfHLHzVxfIJGo2W.VkOsdlNxFt5XhDjDZWFiNnmhQfyBxuu', '2021-03-18 18:01:08', '2021-03-18 18:01:08', NULL),
(118, 135, '$2y$10$vLyzixk5fCH7KTw07wYGAOiHYsTaHs3ZR7UCm4Ekt7cH6sD2Ci4C6', '2021-03-18 18:05:54', '2021-03-18 18:05:54', NULL),
(119, 136, '$2y$10$3V8tUvujonJC2L7TQdxSEeAVBrtmdGbR6bX5pIhXoLrBwzTh12PWe', '2021-03-19 00:31:04', '2021-03-19 00:31:04', NULL),
(120, 137, '$2y$10$wJahp.RWdENooDx34/JGt.xI8DxjaCeqvYxDiArNnrwl.mLgU7/JS', '2021-03-19 03:39:15', '2021-03-19 03:39:15', NULL),
(121, 138, '$2y$10$tRApgbBJOrlbzcYZNLMj8uZfDaxMFQBZ4Z5YWZNCw3B1kHRf0zMjy', '2021-03-19 05:03:44', '2021-03-19 05:03:44', NULL),
(122, 139, '$2y$10$dndSp8VTwRct.KbYuQYJe.ObpR8MOQprN.8697pUx6IKrEYqbB/va', '2021-03-19 10:16:34', '2021-03-19 10:16:34', NULL),
(123, 140, '$2y$10$3BvVKT1zwxAyfuP3Cduyoe/thB720nUnEViDTGh9syru.T.nC8CLm', '2021-03-19 13:10:03', '2021-03-19 13:10:03', NULL),
(124, 141, '$2y$10$BtfgDnxbMe.PZ1nKMU8Y9e7za1PUVH.v/L36BChO3ThomeTfFFF8S', '2021-03-19 15:50:46', '2021-03-19 15:50:46', NULL),
(125, 142, '$2y$10$1yWFbvaqIbk5ytN5rMQj.O.gjMRVtT15jjRu8N8eh15wRv1SIK/zq', '2021-03-19 16:38:20', '2021-03-19 16:38:20', NULL),
(126, 143, '$2y$10$zNL/Gjnpqwc0PyJZvkJuhe//wgC2V8uGj6PwI8GuXUaDB.Mvp.5sy', '2021-03-19 19:00:03', '2021-03-19 19:00:03', NULL),
(127, 144, '$2y$10$11sre5vQdhdGxWGqzMM7X.jNG42NJOLBluO4q1ACZ1e4VH9MlmXAy', '2021-03-20 09:34:10', '2021-03-20 09:34:10', NULL),
(128, 145, '$2y$10$OCUewEvI.TftSgQgnfRZyu85ySBiBfsrqYBCu3DJCBy17DBHmg/HW', '2021-03-20 12:48:39', '2021-03-20 12:48:39', NULL),
(129, 146, '$2y$10$QOldGz7v4BJ2CSI825Uy8uJemdEkR0cz..MigO6nHkw4eOYYmzvB6', '2021-03-20 17:19:26', '2021-03-20 17:19:26', NULL),
(130, 147, '$2y$10$UyN1hYoiHhucNBDSVe..p.XodoIZ0Tn8Y2GkqTKX83bH61YxbdjXi', '2021-03-20 17:20:58', '2021-03-20 17:20:58', NULL),
(131, 148, '$2y$10$OAwro6q2UXw6BYA5o9VlQu8el0Z.kkl6AbFRvwZv5fvSxW53ClGx6', '2021-03-20 22:45:30', '2021-03-20 22:45:30', NULL),
(132, 149, '$2y$10$I/Fv8jXKXiX69QrUPzcpoua5aTabqJYccXcXCjgxIolRgFSyvcbIe', '2021-03-21 02:59:10', '2021-03-21 02:59:10', NULL),
(133, 150, '$2y$10$Kd7TqVQUGaD/4K2eOumFdOCy5F.TJ5d6QL2gIOLoTNzPeYDwfwGlG', '2021-03-21 03:05:45', '2021-03-21 03:05:45', NULL),
(134, 151, '$2y$10$xTr4a3TLmy/oZY7EGNZ/deRCjWwutICMImRul4xU4Jf3G/IOOlug2', '2021-03-21 03:12:22', '2021-03-21 03:12:22', NULL),
(135, 152, '$2y$10$PDTuJ4DFW5ISnWRpLgs1LuHFdtjaBBSvyi2wEt0aGuOUn3/9FLxTK', '2021-03-21 03:51:51', '2021-03-21 03:51:51', NULL),
(136, 153, '$2y$10$Ul4Pbh68uS0hTniU3uU/Cuwv8TMQCAalZKhqZepK2sQekU3HoERKq', '2021-03-21 04:04:22', '2021-03-21 04:04:22', NULL),
(137, 154, '$2y$10$wh3SxVkGdDqk4/Hkj0pgKuc0W.EbGVpLTU0wocP0F.zsfnDynvuOu', '2021-03-21 09:53:41', '2021-03-21 09:53:41', NULL),
(138, 155, '$2y$10$9AqBIRvTib8Nqz0RPp7Wc.PSLxC0s9GcDdsAdmE54hIMMFSsLUnBm', '2021-03-22 01:44:52', '2021-03-22 01:44:52', NULL),
(139, 156, '$2y$10$JHXr37JsLOu.sMMU7W6vR.1cnMOhYntuFoqVVd0bcDMqyFkCPVS4a', '2021-03-22 17:05:13', '2021-03-22 17:05:13', NULL),
(140, 157, '$2y$10$m.I4cYKBtm6pbrmchtX3nu.LA5xxM6b63OjuTtQXt2LXLDizx5uqS', '2021-03-23 00:16:05', '2021-03-23 00:16:05', NULL),
(141, 158, '$2y$10$m.CXYLZ/HfgzQZWS7Yb/4OsHWTVtBNkfQ6j.BZPeMUD6v30yHKQqK', '2021-03-24 04:09:36', '2021-03-24 04:09:36', NULL),
(142, 159, '$2y$10$dWkRAz5i5sP/K6OJxdn9N.QHAYfoDdk/UzC0NEHA8yw8N9O6WRPkG', '2021-03-24 18:06:20', '2021-03-24 18:06:20', NULL),
(143, 160, '$2y$10$Sbg0WdAtgFWXuiMJUG39weTOg5JTl0iDbzK280hMtIEUwNbyKlu2e', '2021-03-25 17:16:35', '2021-03-25 17:16:35', NULL),
(144, 161, '$2y$10$qFC90.jdHxOilwubl8WgqOc0ODTSj4hHy1Bis8GwuHf2ngY1wA/bq', '2021-03-26 08:24:54', '2021-03-26 08:24:54', NULL),
(145, 162, '$2y$10$04lXEH2EQaYLfgATdaA9lOV9C844H3POuYwZ0e1CTSGTGgR91UcpW', '2021-03-26 12:15:03', '2021-03-26 12:15:03', NULL),
(146, 163, '$2y$10$5X/P3/w2zAd.BR1u7r6z1uEFVsPtkB3R1PFITHdccvh8aLNpQ8GTG', '2021-03-26 14:16:27', '2021-03-26 14:16:27', NULL),
(147, 164, '$2y$10$SljPlGZv.Y2TvGpUPZRoYO7B7D20ovfYOlv9zATpW09wHzaqzk3Ci', '2021-03-26 16:37:15', '2021-03-26 16:37:15', NULL),
(148, 165, '$2y$10$Bc/6MAFhSabqY0arP.v7hOi85EWdRmz2/6lBK5bM.k8HRqOoXGTwa', '2021-03-28 00:49:31', '2021-03-28 00:49:31', NULL),
(149, 166, '$2y$10$M3AV6IYGxthAVTVknOFiM.tK/Ku1X/Z9oE99DP.52YVIjnzJHWfN.', '2021-03-28 14:08:44', '2021-03-28 14:08:44', NULL),
(150, 167, '$2y$10$K89SZDUUuKPZaH5.9.086.CCQq.cMR1itSwwaTe/GDuIwgPLbP4e.', '2021-03-28 21:02:30', '2021-03-28 21:02:30', NULL),
(151, 168, '$2y$10$B6IxDiMTLJmials9SQCAtOURv5pGIHBNra8rWUNJAZtdX/9lr1opi', '2021-03-29 03:37:45', '2021-03-29 03:37:45', NULL),
(152, 169, '$2y$10$v1MGDs6rzoVXsUqKE/a4.egdmAC7U6QX4fnvHYCKVvH9ttUSzI9n.', '2021-03-29 10:29:22', '2021-03-29 10:29:22', NULL),
(153, 170, '$2y$10$z5gOwum6r6OLOv6rags2AOZG6zaMPX1jtfUIOiV6VGTT3dPs1QDaa', '2021-03-30 10:08:05', '2021-03-30 10:08:05', NULL),
(154, 171, '$2y$10$5BEcO2bXYC1GBpCWcFljq..Ap8So9hh1s4m/3n9SoHaGS1GwPqVLm', '2021-03-30 16:02:43', '2021-03-30 16:02:43', NULL),
(155, 172, '$2y$10$NySPHfJmbDCBLDX1EQ3KzOIN6jvXnk73lrFtgtYOcnmWC2NHW2ngy', '2021-03-31 16:55:39', '2021-03-31 16:55:39', NULL),
(156, 173, '$2y$10$MUPTZxTLsXxKbmETopZL8u/ThDhW7/LsJ5L7Ii8s92znta45Eo0fC', '2021-04-01 12:42:27', '2021-04-01 12:42:27', NULL),
(157, 174, '$2y$10$jJzeeRTG56G9nwZS2KiNgeGY4AUl0V3.1vzT0/LUyt/LT6QtRonPe', '2021-04-01 15:29:40', '2021-04-01 15:29:40', NULL),
(158, 175, '$2y$10$OIKjqHIsTKkCif0JvPSsTexbDOQuXJ0gzUOnjnYjovW9MnO3N1vbq', '2021-04-01 21:53:49', '2021-04-01 21:53:49', NULL),
(159, 176, '$2y$10$fAmgg0oBQTbPf6m9Rcz5AOKZDFWzRQgV4CfQ3hJxomwJVkmblwto2', '2021-04-02 16:18:07', '2021-04-02 16:18:07', NULL),
(160, 177, '$2y$10$H2wxq0p8W9xy8tVUj.5pseOsh1lRTa0aZdyVzXg8EuYB3mcvrlJAS', '2021-04-02 20:05:34', '2021-04-02 20:05:34', NULL),
(161, 178, '$2y$10$L2/ZfXSA9R3jiUjJzR.E6eYgknH4xSxaGzOdRYCuSqHqPYWfkpExa', '2021-04-03 17:53:25', '2021-04-03 17:53:25', NULL),
(162, 179, '$2y$10$6nZudAMI94n3B92q5tRD8u6jtBU0xs34DMmvZnchDENGsDHyBY1qC', '2021-04-04 15:30:02', '2021-04-04 15:30:02', NULL),
(163, 180, '$2y$10$7qP2RX64AcIE4PjBM.2SZeKajWia.LO0025K4J.Oqth80aydykGOm', '2021-04-04 17:23:28', '2021-04-04 17:23:28', NULL),
(164, 181, '$2y$10$Q08nliBEEgi.OY4yTMBP5uVgbhczKtSIv49D6SSbNwTtjbmQNEZuW', '2021-04-04 18:01:05', '2021-04-04 18:01:05', NULL),
(165, 182, '$2y$10$bKd02g4SrPij2Pxo8KOZuujJvbNzmXlzj46ztrmR72.btESI.23jO', '2021-04-06 15:31:43', '2021-04-06 15:31:43', NULL),
(166, 182, '$2y$10$8wcFFJITC1R4tRZbgStP4.3A1AnMGKjFyNTqQlLUmWIpR152DDBNi', '2021-04-06 15:34:09', '2021-04-06 15:34:09', NULL),
(167, 182, '$2y$10$flyv725aMLBenyLj28Wh6el3LGVn3jl3XwlDggX7Oy58VarR6IpCO', '2021-04-06 15:36:06', '2021-04-06 15:36:06', NULL),
(168, 183, '$2y$10$M7MyVFjFc66/hiijoUra7uRPhelsj0VVS4H2Dkpk0.y0aON4mNsWq', '2021-04-06 16:21:09', '2021-04-06 16:21:09', NULL),
(169, 184, '$2y$10$VquJ4NK4qdHth1OUL./8YeImjp5lZE7dhSM3LLT5xBwwLczx8QqMy', '2021-04-07 17:22:06', '2021-04-07 17:22:06', NULL),
(170, 185, '$2y$10$C7OO7WYAaCwRpoikg7pg9uNXLIxsIkEKMzZOrggFbfabpPNnv61p6', '2021-04-09 23:09:47', '2021-04-09 23:09:47', NULL),
(171, 186, '$2y$10$pqkR2gRAnZZDIan5NLIrDu14cVWBxeJCqcPPja4W53IPfMSJAGnKC', '2021-04-10 02:47:50', '2021-04-10 02:47:50', NULL),
(172, 187, '$2y$10$jYvSUWTAB8olgz4DsWjvPeNkqYrMIiTI13hDUz8nrWorESK1r5LgO', '2021-04-10 19:27:23', '2021-04-10 19:27:23', NULL),
(173, 188, '$2y$10$XJayvrjcsS7Zlis3NMc5qOXERkllLcGtQFTyVsYQ2MbqTXQKgiBA.', '2021-04-11 07:31:06', '2021-04-11 07:31:06', NULL),
(174, 189, '$2y$10$Qv5d89tBl9LLHF30KORiL.cnYFZulICS.9O8kXdmrHwgbx91Vc7oC', '2021-04-12 12:01:23', '2021-04-12 12:01:23', NULL),
(175, 190, '$2y$10$zIA0PUFogjaKK1it38XvS.pzIcYO443fvCaBD6b.WYp0xCzJXASFO', '2021-04-12 15:57:34', '2021-04-12 15:57:34', NULL),
(176, 191, '$2y$10$L2njxAo6g/adPE5OQCiREODkWvXBfZCjb8z642SDIgfp6moSsFxv6', '2021-04-12 16:54:20', '2021-04-12 16:54:20', NULL),
(177, 192, '$2y$10$vQknG6ZhbKBKWlx6V8D/tOWaOK6ulf3fOW52KzKbNw2nbP43Kp.Iq', '2021-04-13 23:21:41', '2021-04-13 23:21:41', NULL),
(178, 193, '$2y$10$SSRO/7VV5nHH1P8qmnQC9OaB4VtqtGJIJGqq6Yl7hd3nNxuckZAWO', '2021-04-13 23:24:14', '2021-04-13 23:24:14', NULL),
(179, 194, '$2y$10$FgTqLdM.0gSErH7giJAl9uzsqbI1DP7XEu3JKGUEtlPI2TnOd2hte', '2021-04-14 21:58:11', '2021-04-14 21:58:11', NULL),
(180, 195, '$2y$10$zn2yMrheXb3R5Gv8N.qSyOMzYLAeWbdxPLJQynMMkMcVWxomcV2Um', '2021-04-16 06:43:23', '2021-04-16 06:43:23', NULL),
(181, 196, '$2y$10$y2iH.ozOyXChcgHhJCOCT.jEGjEC7EL23yeku0KDdMmYUCaUiVOvW', '2021-04-17 01:58:13', '2021-04-17 01:58:13', NULL),
(182, 197, '$2y$10$KjRJZJYtffcDHsXcxApf4uKt0FopWiwfmthf4eApHM2vRzWjjgkOC', '2021-04-17 07:05:44', '2021-04-17 07:05:44', NULL),
(183, 198, '$2y$10$Fzkd/IldUpkKyLOH/P.01umoSnUiCBAUbrHBt85G504vUMY1I6CY.', '2021-04-18 18:47:17', '2021-04-18 18:47:17', NULL),
(184, 199, '$2y$10$lvrZADTCSk61.2sfnJ8n8uDwduGCkKtkvKgEC1n4mrBNa897gXRWC', '2021-04-19 01:34:06', '2021-04-19 01:34:06', NULL),
(185, 200, '$2y$10$hudj58U3sLRHJ4V9B.Vo1eIu5Exi5PbAfnSWugqyvYUEeYQ0bY6Vq', '2021-04-19 08:14:28', '2021-04-19 08:14:28', NULL),
(186, 201, '$2y$10$MNiRXJ05RCt4XtqaTvVCJuhsbt/at9ZZTSJQH3fa/kjDbauEQVamm', '2021-04-19 13:26:35', '2021-04-19 13:26:35', NULL),
(187, 202, '$2y$10$KpqQRTZ5f64gI6kguZK3R.lSYEKASbUyoURnV38aSUeN6TFqhOhoe', '2021-04-20 03:25:32', '2021-04-20 03:25:32', NULL),
(188, 203, '$2y$10$.fJzdjsrTdPivXKoSDduIOOj/q7BTJbp3sRFuynLDbSWOv1g7HCgK', '2021-04-21 07:17:09', '2021-04-21 07:17:09', NULL),
(189, 204, '$2y$10$/t1qE4NxzGVTJmLy2hG3MeKvioU92o/JzLUMljTIax9oNf4EKX6Sy', '2021-04-21 08:28:28', '2021-04-21 08:28:28', NULL),
(190, 205, '$2y$10$7HNKCpCwsPX3Em3DMtGzxeASKOOpjK5cDsXveTkVSLB7/F4BhC4rG', '2021-04-22 16:32:04', '2021-04-22 16:32:04', NULL),
(191, 206, '$2y$10$54IHj4lT.ryJ/BXrHPxUQeFS8659JwfmEGToIoYSYsCqybzB8irr.', '2021-04-25 01:18:04', '2021-04-25 01:18:04', NULL),
(192, 207, '$2y$10$IBK/ve.ZnuN7O5J5.jF31e/X/rekKF8AeqiE/lfe/EN.F2Mbe4t42', '2021-04-26 12:48:18', '2021-04-26 12:48:18', NULL),
(193, 208, '$2y$10$peQWGptysZ4mysYGK5GPVObWkU0fp7o4ZKymTrT96eWPNuwI3Cuq.', '2021-04-28 05:23:18', '2021-04-28 05:23:18', NULL),
(194, 209, '$2y$10$gWvZnbPnyvSB6g8cvrmxAeeOUk3D15t5SrOKVU46c7/e3EaPd8vGm', '2021-04-30 13:47:57', '2021-04-30 13:47:57', NULL),
(195, 210, '$2y$10$71ei/Q9QM2Ex4XwJeL7v8.Lr6OaEYZ67M9xGEr/aqdXrz72XFKgu.', '2021-05-02 06:46:16', '2021-05-02 06:46:16', NULL),
(196, 211, '$2y$10$CP.sT1Ym3AiSeSG8Sx/oH..JyZer7s05jXKgaXqjqPyvHUFLtx/nC', '2021-05-02 22:11:02', '2021-05-02 22:11:02', NULL),
(197, 212, '$2y$10$91dmoD/y6Xoka3hL4ma77uomhtCdPvVK9apprjvpL7EKIhHRfSfUC', '2021-05-04 03:18:15', '2021-05-04 03:18:15', NULL),
(198, 213, '$2y$10$rmGC4WpTO0mKkROVc5aEWec0QA9wZMqLdotxb8qqWqlYpb9oS1.Me', '2021-05-04 10:32:06', '2021-05-04 10:32:06', NULL),
(199, 214, '$2y$10$5mBqZNuGsus1BYyiG4ciIuT8IAyvYk4qFIWl.JK.34lgO0m5l.FAi', '2021-05-04 11:03:11', '2021-05-04 11:03:11', NULL),
(201, 216, '$2y$10$zIWy3Vi05t54U6tOw.jR9O4j737f742rr8zPaWKrA9LRvwYXcn.py', '2021-05-04 14:25:40', '2021-05-04 14:25:40', NULL),
(202, 217, '$2y$10$GKO/vlwbAtzBIkG0Oduzl..QNrgG.g9ZcuB.HjKT4fm5DUCaoc6dq', '2021-05-04 14:59:59', '2021-05-04 14:59:59', NULL),
(203, 218, '$2y$10$daUo09Cc/ArQqjmYdNnK4ufXXp0clphf7ZFITS0f0X5a/kXInKtAS', '2021-05-05 18:20:15', '2021-05-05 18:20:15', NULL),
(204, 219, '$2y$10$ZEdseEkHMLwKoL4fNFYb4eHPstr4/5mHLpU78pO0tpxAZ1pCFLg8K', '2021-05-06 08:27:41', '2021-05-06 08:27:41', NULL),
(205, 220, '$2y$10$ITWbB9ZAuCe6BKzL.xUIxOMUW.Hl4UOUFiskjIq11Wsiwqq9BqBTy', '2021-05-06 12:55:59', '2021-05-06 12:55:59', NULL),
(206, 221, '$2y$10$qAna/l9u71W8dzb8OIXKXOiIN8VVdZVxUjfZ0cEeKC4.4bXcsv/ne', '2021-05-07 17:20:32', '2021-05-07 17:20:32', NULL),
(207, 222, '$2y$10$6E1sJD856ie.Zdymr/etIOkGSP2RzwFULoZEDOWiiOpJOl0Uxoaqm', '2021-05-08 09:49:31', '2021-05-08 09:49:31', NULL),
(208, 223, '$2y$10$Xo/MPP8ZVx.PVcCxX36iTu2zu8IeSFGdlvyfN3n77tHjFROs28xDe', '2021-05-08 14:54:22', '2021-05-08 14:54:22', NULL),
(209, 224, '$2y$10$oxZ1HtsHHDNRsU7SFjL08.pkglmQ4qxTL2Ij2lKult4zCRzN8sX/O', '2021-05-08 17:42:20', '2021-05-08 17:42:20', NULL),
(210, 225, '$2y$10$cwb4xmnbpAj/G6XBxBzivebNLJ7gmT3YAmme1jrWQTMUNGzmdSfYK', '2021-05-08 18:15:01', '2021-05-08 18:15:01', NULL),
(211, 226, '$2y$10$IKfIyWahA0mFzInU908IJu15ixlIAxahOJAGVI4/zvkFEDEn.HlU6', '2021-05-08 19:40:42', '2021-05-08 19:40:42', NULL),
(212, 227, '$2y$10$CT5a2oVn7QR0slADwBeGh.blHpQMRk7MtuCWWxGmQ/s/m1IHSMYLm', '2021-05-09 02:11:40', '2021-05-09 02:11:40', NULL),
(213, 228, '$2y$10$W7kzFvgodQpgQW3mASHwpe99rqWljF2Y.p2J3O.pFlsF9ynxb6oda', '2021-05-11 02:25:40', '2021-05-11 02:25:40', NULL),
(214, 229, '$2y$10$giaJy63bdTYkwYbzWGiExuwwktiktxrqbsVWesDdpJtUqGYBDEMRq', '2021-05-12 02:26:39', '2021-05-12 02:26:39', NULL),
(215, 230, '$2y$10$28JwG3x6E5ScjLC5nfUG3ujgPaZfJmP.w9FLO/9MmOK9DMgqCskVu', '2021-05-14 00:00:43', '2021-05-14 00:00:43', NULL),
(216, 231, '$2y$10$Y1RH9vqsCwFeul6hysdfUePonCzi3QPW74j4pYK6vAT8aj8RDdJhO', '2021-05-14 02:51:41', '2021-05-14 02:51:41', NULL),
(217, 232, '$2y$10$A.9d0LU.egwR3HJpEsC6OuLTe.yInLtiqK7KbTKQv5.MxFWJlVETu', '2021-05-14 23:00:34', '2021-05-14 23:00:34', NULL),
(218, 233, '$2y$10$ugPbSEA0ZdpEde7qmN7Nde3aSpTTyrYUQnVV9nXqedgvga81hC6Wi', '2021-05-15 15:13:46', '2021-05-15 15:13:46', NULL),
(219, 234, '$2y$10$OKnZTCrzK1vDu4vZBPqNTeYvKnApHRnJ1cneDKCXoQmxrj5xKNoZ2', '2021-05-16 15:41:03', '2021-05-16 15:41:03', NULL),
(220, 235, '$2y$10$ykUz.LOhUJtgZwg8dE8bpODDmcBhBRBkBTzh7Q/IssI8E3NgV9kra', '2021-05-17 02:52:39', '2021-05-17 02:52:39', NULL),
(221, 236, '$2y$10$5.f9MEY9klQG8Mh.AVMdj.9MZdW/fErs6ME..b8CB7CfR09HzOPwu', '2021-05-18 03:14:46', '2021-05-18 03:14:46', NULL),
(222, 237, '$2y$10$Ago4nL7UXwaYv/MMXu03Se8b4LnxP043jo8UDCNh96shDOq0FU15i', '2021-05-19 12:14:09', '2021-05-19 12:14:09', NULL),
(223, 238, '$2y$10$jbr43FArphkT9zMdsbK2POHGmISMqY7m/uAjQv9.qUT009ptJ3roW', '2021-05-19 13:35:42', '2021-05-19 13:35:42', NULL),
(224, 239, '$2y$10$ySFYHlIL6qDu8R4f/MZxAerV/xB/hQr8LTTO4HnEGEcPGadtSHa6G', '2021-05-25 05:19:54', '2021-05-25 05:19:54', NULL),
(225, 240, '$2y$10$7o6Sv2YVWzkz7V3GcV4z6e8CwXQQKw0TTzkDEwxURB.2vAH6gsQky', '2021-05-26 01:46:23', '2021-05-26 01:46:23', NULL),
(226, 241, '$2y$10$fCXlMUyKGuu.Ug0OXt0ZWeigf3HyRgora35OynB85M1In76H1XFHq', '2021-05-28 04:12:12', '2021-05-28 04:12:12', NULL),
(227, 242, '$2y$10$xnjG5.hFUnUa7i9jXhDJcOYJwyedTfSRR4c6tqCePO8lE0DR49FAW', '2021-05-28 07:06:01', '2021-05-28 07:06:01', NULL),
(228, 243, '$2y$10$7WF4bPPqEEX2rFSwJePr7e9JGAL5NdSTmHmmKB3C.ucR6LcaALPui', '2021-05-31 06:09:49', '2021-05-31 06:09:49', NULL),
(229, 244, '$2y$10$GF5rjVZ2REk5PHyL27vhS.rcVfx7XGDN6ClhtH8/ZwTA5mOSpCJ4G', '2021-06-01 11:12:41', '2021-06-01 11:12:41', NULL),
(230, 245, '$2y$10$TCCRN7LAJpoxOcUt38OzqOlqr8Ipnu0tdRNXByRcJUS.yH6XQaxu.', '2021-06-01 12:56:07', '2021-06-01 12:56:07', NULL),
(231, 246, '$2y$10$cOKKTLVkBCUQIjN/lSRfwehQv4nh/fXVnyEc8IYi81VETjuxK568y', '2021-06-03 15:37:04', '2021-06-03 15:37:04', NULL),
(232, 247, '$2y$10$bAONssey8PyEaJ.i4JeCmuDFJpNb4RFZoqSyueBj7VQXybFVMED2u', '2021-06-04 13:08:09', '2021-06-04 13:08:09', NULL),
(233, 248, '$2y$10$28Gu04rQ5PGelPd9ZGfuyeQLfsOIVb8.x2B8KWeHXGLRi2XzSbnZa', '2021-06-04 20:32:35', '2021-06-04 20:32:35', NULL),
(234, 249, '$2y$10$quWbhh6BDUEcbVGyp7gLXuabpFjL3i6kEj5Sl.feVyDYzI0mT.0BK', '2021-06-07 15:04:02', '2021-06-07 15:04:02', NULL),
(235, 250, '$2y$10$/h53sZ.R94KQ4.MKs86MXebsbYVIvh6N7vznAZUwhXou3Z278H8rq', '2021-06-08 13:03:54', '2021-06-08 13:03:54', NULL),
(236, 251, '$2y$10$e0TmR8lnjKnVDYh6BL7aAOZbzwPNodZifijnYs.wDGiVYbDw2iQJK', '2021-06-08 13:04:32', '2021-06-08 13:04:32', NULL),
(237, 252, '$2y$10$8e8aR/imLIzhY/Uk1BM6tudrZ8/pFHTc1SYuLfdy1D4CwV9KNR6XG', '2021-06-08 13:05:00', '2021-06-08 13:05:00', NULL),
(238, 253, '$2y$10$mTb2UycXVWCpEOLxL5ESN.eYkDByVW5XPutFCXG2/E.qgduWIQn9a', '2021-06-09 18:37:14', '2021-06-09 18:37:14', NULL),
(239, 254, '$2y$10$Ff9/IaKa5LF5hPU7cYK5auGEp0qlxxFoFYb936alPhE8GwkB5d5H.', '2021-06-09 22:13:55', '2021-06-09 22:13:55', NULL),
(240, 255, '$2y$10$sgmd3iQGsAZ6iO421z9j.OCETEpeaxQ.U8hY8Ft9AaS7oXpspjW/G', '2021-06-09 22:38:47', '2021-06-09 22:38:47', NULL),
(241, 256, '$2y$10$0ZcmYJTaTtcgWMUwSt8XfuS/9Ozh7bB1txojENk9R.pmNvEmqFQB6', '2021-06-11 23:45:37', '2021-06-11 23:45:37', NULL),
(242, 257, '$2y$10$TzHcz8g8/BOIhYR.I8H9cORv1VqMfHf.bBMNCt4pFcSH9UJM7pVya', '2021-06-12 19:51:33', '2021-06-12 19:51:33', NULL),
(243, 258, '$2y$10$TwUvJHw1VQ8QyLXskEW53.CYAwQj5ShQfQn2d8H3I.V04PFBT6/1W', '2021-06-13 17:47:31', '2021-06-13 17:47:31', NULL),
(244, 259, '$2y$10$15d0J00IGbaz1PRZZFPNMucmv/XXa3UFiXjD0cOzERVttjYCUQ0.W', '2021-06-13 20:49:20', '2021-06-13 20:49:20', NULL),
(245, 259, '$2y$10$Fch91E0cfaqQS/tRPBvaK.RetU8zmF.soqhwIcBJMteZqT8x0BvnG', '2021-06-13 20:51:04', '2021-06-13 20:51:04', NULL),
(246, 259, '$2y$10$XdtAEhpnYLZz8hf4ULaJO.vknQkoVZ2m1.HmFyv7Rl5/NLUMNu/h2', '2021-06-13 20:52:30', '2021-06-13 20:52:30', NULL),
(247, 259, '$2y$10$g8VJosgR6EtlvGfdA26dleVwHZWUFdWt7FSbyJ/7z6vWCFH/9e5W.', '2021-06-13 20:52:50', '2021-06-13 20:52:50', NULL),
(248, 259, '$2y$10$AbshUF1Jbqqiwhrs7Q5zNO58nFjRzBSOop1emxgtN.vI0AlmnWJim', '2021-06-13 20:53:31', '2021-06-13 20:53:31', NULL),
(249, 259, '$2y$10$pUjolaXKajt383P8s7SQfO4wGlQk6KY6oA1/hGjTccHAoFpZrUjNW', '2021-06-13 20:54:10', '2021-06-13 20:54:10', NULL),
(250, 259, '$2y$10$CLUAaQJU7k4fZmo0sVl6.Osi3xXX7v4Uv.SSzW549yoZwN86UA0zW', '2021-06-13 20:55:52', '2021-06-13 20:55:52', NULL),
(251, 260, '$2y$10$4XK1An680jltIhf6ruYXqO2MxRbs8oSIQtmMYym/k9FqnkqlX/HK2', '2021-06-15 00:43:27', '2021-06-15 00:43:27', NULL),
(252, 261, '$2y$10$Cd2xQyUFc33mU5ghDvdGQOdEN9TGusI2deDGovWN0mwaHdXNg5yOu', '2021-06-15 00:44:50', '2021-06-15 00:44:50', NULL),
(253, 262, '$2y$10$5GU5U.XxMwvRDZ.J6SSiAOdGBkBwayniEYf7Y2Gh6ZFitIvE8YZji', '2021-06-15 20:21:37', '2021-06-15 20:21:37', NULL),
(254, 263, '$2y$10$YJPMVJQlDORm/6wubPZSRekU1cg2zfQivs0FESsddyUH3XU1myoD.', '2021-06-19 13:18:35', '2021-06-19 13:18:35', NULL),
(255, 264, '$2y$10$NyaMpXHt7wxkm4CFHupScOpX1IZezHpqiT/aSXQrM66aUYrZ7yvse', '2021-06-20 12:56:30', '2021-06-20 12:56:30', NULL),
(256, 265, '$2y$10$e3POvZfSQYl1I95KT.wRI.CFTRqssj5qAbelX0uECJU.yxRg/zzSS', '2021-06-21 05:57:38', '2021-06-21 05:57:38', NULL),
(257, 266, '$2y$10$xh9e4SGzUtH3YGu4uMPDLuAlemtSHjtJwoxzHXYUIWlusMnXrAcSi', '2021-06-21 18:37:42', '2021-06-21 18:37:42', NULL),
(258, 267, '$2y$10$UfcBcu/5gUmrOy4B/mq0w.Bv3cmSZzy7wplWEU530D/GhuqZtWxi6', '2021-06-23 05:26:53', '2021-06-23 05:26:53', NULL),
(259, 268, '$2y$10$brCvIYof9KmfoGwbXufvxe3yy9pOrOiLlJfxu.KDJWvMVV1/u1OR6', '2021-06-23 17:52:23', '2021-06-23 17:52:23', NULL),
(260, 269, '$2y$10$esWQXNLQ7MexmDkba7VfNO/A1T/GnesAc.Iev.VFhxHCqV1LtR3C6', '2021-06-24 18:06:54', '2021-06-24 18:06:54', NULL),
(261, 270, '$2y$10$rS6HkPVexF9tz.fGgl7PxuZCddXVvAqoJ0LrUkeRrvDW0Stf4EhSu', '2021-06-24 20:35:14', '2021-06-24 20:35:14', NULL),
(270, 279, '$2y$10$.rN9/HfKwP9szdMrRshRvu/eAGZySDBKAuyGohP.LBF17SUqgnfN.', '2021-06-25 17:45:05', '2021-06-25 17:45:05', NULL),
(271, 280, '$2y$10$xtCzOFF2ClY2kKn3TqZX8OmFmNicgTH8ECHF6112WN31SADAXuMUa', '2021-06-25 17:59:42', '2021-06-25 17:59:42', NULL),
(272, 281, '$2y$10$7MoW/QvdaupbXJFm2Cyho.uOFvZdKilOBEQMhNO.mfBVyH7OWHeEC', '2021-06-25 22:07:37', '2021-06-25 22:07:37', NULL),
(273, 282, '$2y$10$WvJZ4VpVolYovMP1qZveN.zKecDp21g3TG3oFbVEZj1VmHSdH4X/S', '2021-06-28 07:31:15', '2021-06-28 07:31:15', NULL),
(274, 283, '$2y$10$K4g.ZpJlLuA952/.pe0Qru.PziD0fXsz2THj1NceU2CrpOlXlJgCO', '2021-06-28 21:01:54', '2021-06-28 21:01:54', NULL),
(275, 284, '$2y$10$75KMnHD9/k5oFYINHFD6AukrtvUcK4j4Wo2Bfj0IMRCerga.seFNa', '2021-06-29 12:23:58', '2021-06-29 12:23:58', NULL),
(276, 285, '$2y$10$UHcDtY8yCw8c0F3h8TgFyezwIe8WUoChp7OE9axQp67St145Wk.TS', '2021-06-30 17:24:34', '2021-06-30 17:24:34', NULL),
(277, 286, '$2y$10$EXn9i5VcRT0m7mnM74ycl.6Ner3lDHXp.Bk51wetdEtZNLbfWSsNy', '2021-06-30 18:18:01', '2021-06-30 18:18:01', NULL),
(278, 287, '$2y$10$23AEIHRIH3SEIr2T0u.qaO/0P65IP3pyje/5XnbgKkstuK.uRtWH.', '2021-07-01 16:10:35', '2021-07-01 16:10:35', NULL),
(279, 288, '$2y$10$aaHzZduoPOZBKTiXhwL6DenJuKc.liUcbsiGjgUiY.DNBwgnkbVIy', '2021-07-01 17:35:24', '2021-07-01 17:35:24', NULL),
(280, 289, '$2y$10$EjEz2F/ATj3kEouoyZfjj.dXux86NgX0YvSew4AFVsxzdt.yJy4eK', '2021-07-01 19:57:31', '2021-07-01 19:57:31', NULL),
(281, 290, '$2y$10$TaiU3r8FJfZKMUdP1vv9n.Dfx/dCCSudaEGX5Q5NleKPMXle3UwtO', '2021-07-02 08:03:25', '2021-07-02 08:03:25', NULL),
(282, 291, '$2y$10$E6Ke0RFuAVoupXmI1xJGXeWv8Q6hNj/m1TFmseHphTts0lDTldpSK', '2021-07-04 00:35:38', '2021-07-04 00:35:38', NULL),
(283, 292, '$2y$10$xjU6YQkuzIVJh1iH1wFY4e4hzHdEoY5LNU8VOcsfUdgDZlx5zf2PO', '2021-07-04 20:56:27', '2021-07-04 20:56:27', NULL),
(284, 293, '$2y$10$3g4NZSM9lW5EjJstkjmJL.57Lf5rk6TVWdrCw4BLtEE9Nr9N07gJa', '2021-07-05 05:13:41', '2021-07-05 05:13:41', NULL),
(285, 294, '$2y$10$Z6II8/5PrioaH.XWBoX4deQ6ACEpZvbwk1XdkcBAqBQWRNSrClS7e', '2021-07-05 12:27:50', '2021-07-05 12:27:50', NULL),
(286, 295, '$2y$10$3SDXjvMEAMM3g.yjJCT2ve.g8tAZWyRVJQJyJRmFlUXRUrf6TSOgO', '2021-07-06 14:19:05', '2021-07-06 14:19:05', NULL),
(287, 296, '$2y$10$Tk79X7uC/5NNCiwTdO.R2uVngL2mewnfrOA/mnTbH8E8giQaBReOC', '2021-07-09 08:59:55', '2021-07-09 08:59:55', NULL),
(288, 297, '$2y$10$8rZMt0SVxUz0ujAxlwVwXOz1jNYRUshQCpwAGoRms3LEhl4uV2RFW', '2021-07-10 09:34:02', '2021-07-10 09:34:02', NULL),
(289, 298, '$2y$10$GFQvy77K1OHlKaozN4Wyc.xVdbJeamgIJdTIz6iuNUIDaU859O1s6', '2021-07-10 18:40:34', '2021-07-10 18:40:34', NULL),
(290, 299, '$2y$10$cKGFLCTUbDdve30Mwksms.oZPcdpFkd0pvSYeVAz5aiB04FcgUJES', '2021-07-11 21:42:14', '2021-07-11 21:42:14', NULL),
(291, 300, '$2y$10$wwOcKVHQ/j2qXVgSRYry0Owyu6qB0XEzsQEUjGIeLwIjwgm3J2wVa', '2021-07-11 22:19:27', '2021-07-11 22:19:27', NULL),
(292, 301, '$2y$10$rm8b5hS5LOqOtbrxC/NyquejpNor69FH0ZU3bDSByes7dcJJ6pzVW', '2021-07-12 11:20:36', '2021-07-12 11:20:36', NULL),
(293, 302, '$2y$10$b30Aw3yb7LxaNJW7CZEp/.FWiDwv7Da0p4KyvTduua3af3//kuC9y', '2021-07-14 03:35:27', '2021-07-14 03:35:27', NULL),
(294, 303, '$2y$10$9nrYiDqBFxl7AHJXVbcl1.BllSe2AlWeyMLyhJ5za0j4S4jcTVs6G', '2021-07-16 13:54:52', '2021-07-16 13:54:52', NULL),
(295, 304, '$2y$10$WLSAw.fI4QivRMOYB9cD7.5nJfBbFBbHEH/xO5o/7dEav0ilfucTq', '2021-07-17 05:40:45', '2021-07-17 05:40:45', NULL),
(296, 305, '$2y$10$lCt91roDGuWyW5UIps.fzOuQ.IwVXFWjzVQAh7nIbJi6kexSvF.0.', '2021-07-17 19:43:58', '2021-07-17 19:43:58', NULL),
(297, 306, '$2y$10$uY041vn6obwb1hd4IzByzOpdYx3zXHPI0Um4U3P3r9gto1b6641La', '2021-07-19 01:01:51', '2021-07-19 01:01:51', NULL),
(298, 307, '$2y$10$HUJhR6DkeWpkg.Bz5jT3Gur.UkVg9Oj5GzQE/n42jdr1P9bhUpfTi', '2021-07-19 18:46:25', '2021-07-19 18:46:25', NULL),
(299, 308, '$2y$10$/pn3QAcurRXDVZjZZxGT7OCHq7VXVvv6iUejyDtUobgZ.HrI90ITy', '2021-07-21 16:40:35', '2021-07-21 16:40:35', NULL),
(300, 309, '$2y$10$/681dg7.xIKfFnYJc3N1vuc5KiHCeSU13IYW6ecpFw2N3DHDhI6qy', '2021-07-30 21:19:37', '2021-07-30 21:19:37', NULL),
(301, 310, '$2y$10$LlF/qkz6jEVOrD82RUvax.HgEHSvR.oRNmFRzgkDsLTX7oINmsp3.', '2021-08-05 11:24:24', '2021-08-05 11:24:24', NULL),
(302, 311, '$2y$10$l/h3VgAGZ4nWcF2Mk1oACOH/SCCPbE8sMKOnYe/sCcxO2PE4XH7LW', '2021-08-05 14:00:57', '2021-08-05 14:00:57', NULL),
(303, 312, '$2y$10$fpX9lu.RBPYxlalabS6WR.s2yhPtdyQRCoYKt3k4BRz4I.agtzQbe', '2021-08-10 03:54:18', '2021-08-10 03:54:18', NULL),
(304, 313, '$2y$10$TxZlDL6BgNuzdnDC/gcfce7/.dGUzzJOHiKT3fmp5Z7/pd2F6Wv7.', '2021-08-10 21:15:30', '2021-08-10 21:15:30', NULL),
(305, 314, '$2y$10$zLJe0WGByOPYlYaq9tZyVuF/HYC9XItwNAJ2spZdIvpTSJQCY8T42', '2021-08-11 02:07:41', '2021-08-11 02:07:41', NULL),
(306, 315, '$2y$10$hxmuv8RV1VKD6cULRZfQNOltXb73S8wvCKLSYA1Cv9N2ptYvpRdHu', '2021-08-11 21:24:54', '2021-08-11 21:24:54', NULL),
(307, 316, '$2y$10$ArW3NNmL08ERWEOuRu/Di.jmIDTVDns/l2S2gY2xaqzsT8AVikkja', '2021-08-13 14:43:17', '2021-08-13 14:43:17', NULL),
(308, 317, '$2y$10$W1ODqYB6K8QOyQ33GWeKvuPq1hpVlZyTxPTXwDWyjKMvabYyI98C.', '2021-08-14 09:12:33', '2021-08-14 09:12:33', NULL),
(309, 318, '$2y$10$OVBGqkWSmdDm5iUGy1.ZYeRzKSg9ZBai6ue1/qmZv1VQsCBENbhnG', '2021-08-17 06:25:34', '2021-08-17 06:25:34', NULL),
(310, 319, '$2y$10$vtpk2vwplE71O2yBOzNd..ITkSwuD.7e2hq3yg3dm8zHCCxUdG5ly', '2021-08-18 20:36:20', '2021-08-18 20:36:20', NULL),
(311, 320, '$2y$10$mSC7a2f0ZQLJTycHBkWLk.tKH2/m4UydAepu7wlyMmqryWzJ64mh6', '2021-08-21 16:33:11', '2021-08-21 16:33:11', NULL),
(312, 124, '$2y$10$7HXw73YdISa396thsyTjvOVsXiYFqhvK4VPG1.TxPbZG3wdB2d/tK', '2021-08-21 16:35:59', '2021-08-21 16:35:59', NULL),
(313, 321, '$2y$10$wH.3Sz/kCY3Mea3sVi8BwOcO/1rMWgttlIuyBPj2GxIwCnLqFNeLi', '2021-08-26 11:57:12', '2021-08-26 11:57:12', NULL),
(314, 322, '$2y$10$7ubQubMd/Vd4UAMp7TNz0enCBFJ8pzrSll8YhA3kuO0M8xcqMTxMG', '2021-08-27 13:15:28', '2021-08-27 13:15:28', NULL),
(315, 323, '$2y$10$zfKW2eWpElaLM0Mcc38CGu4pliueW7PDrFXORLBPBHsDl51r9AQce', '2021-08-28 10:07:38', '2021-08-28 10:07:38', NULL),
(316, 324, '$2y$10$CYjkkHK0UQY6zUSIKsI3Feu67LK/xSVqlfO9GCgeiUZ4NH8DnorYW', '2021-08-28 18:26:50', '2021-08-28 18:26:50', NULL),
(317, 325, '$2y$10$Qhhkh4Zm2Jv6DfCoCW35KeU2rlr1R3e8PAFZ2TlXa1KNrBV7jIRCS', '2021-08-28 18:32:57', '2021-08-28 18:32:57', NULL),
(318, 326, '$2y$10$VyVkxa6aAkwDlYGE7SrCHOysMZ/cZedCNkmbPhMzzAQFYl6lN0zB2', '2021-09-01 22:56:48', '2021-09-01 22:56:48', NULL),
(319, 327, '$2y$10$H8O575u9BfofuLglGUpB4u2zWoKN4n/GG79rQ40kn/ZUuZhMyrN.u', '2021-09-05 07:43:50', '2021-09-05 07:43:50', NULL),
(320, 328, '$2y$10$04Ig3O0a.hhOHnLRsg2ctOI71giIevxXTPCIk.f6PJQMgu5Bqsk.S', '2021-09-05 13:40:22', '2021-09-05 13:40:22', NULL),
(321, 329, '$2y$10$ajHzrdIoLqS.EJqC3AIq6OMSZI6074.kVvesQDDqj1cbR.xQrEdHy', '2021-09-05 13:42:07', '2021-09-05 13:42:07', NULL),
(322, 330, '$2y$10$upOa/lXl.E4MNhW8pcOj9.EHTKJc57bR54qXAVPcf4LRpRu.zbbni', '2021-09-07 02:59:16', '2021-09-07 02:59:16', NULL),
(325, 333, '$2y$10$mNprlQxD7z0Sn4PfKYrRtuWvKTya6rDj4HMOkCTlxYNHTjOFXU0NS', '2021-09-09 18:03:02', '2021-09-09 18:03:02', NULL),
(326, 334, '$2y$10$q0FOPF6VF/rcR2SmFWDE6OUvo5JDpWCMS.Y62FYxmGcU1pHPXPaYu', '2021-09-10 02:35:19', '2021-09-10 02:35:19', NULL),
(327, 335, '$2y$10$faPW8knn5VYQPNxue5OoU.6v7eXO.G.lvV1MY5gNgOqs3lo7A/wA2', '2021-09-14 11:52:00', '2021-09-14 11:52:00', NULL),
(328, 336, '$2y$10$Z5MJ7fDOjgUGyg2.quu9uecgDsMFGhhIVthmHze/nw0U0UqXxf40a', '2021-09-21 16:25:14', '2021-09-21 16:25:14', NULL),
(329, 337, '$2y$10$XJ6QmczItbKSM.db1X2o4eok8QGym/ROPvyi0opmBf5OLoB/gojPa', '2021-09-21 20:13:54', '2021-09-21 20:13:54', NULL),
(330, 338, '$2y$10$6AYKYZ5blTJ8FwQgoxM11eCCUpHeko6laZa4Ng6tEhcOxKGu4ne4m', '2021-09-21 21:52:12', '2021-09-21 21:52:12', NULL),
(331, 339, '$2y$10$hz26y1UNfjT/c1NPQqWMy.iPFKfHICN8yhBINjJ0kSQAwUQTDSgIm', '2021-09-22 19:39:34', '2021-09-22 19:39:34', NULL),
(332, 340, '$2y$10$2mBmxesgwsTYb9w3lP/5hOra2KMHngaNnabHwwZR0zhybU4p9bTeu', '2021-09-23 12:47:30', '2021-09-23 12:47:30', NULL),
(333, 341, '$2y$10$Q8TCwouJF5DMdqkvrfc00OsfulzIGxIUJq4GOljy1MCcb.PgCylIa', '2021-09-23 19:08:40', '2021-09-23 19:08:40', NULL),
(336, 346, '$2y$10$.xRrryDnkcI/Z.Uz/fII4.bOYdYEwXo4vgvWcqGf20BabYnUzGEy.', '2022-01-27 14:27:44', '2022-01-27 14:27:44', NULL),
(337, 347, '$2y$10$CELLDlyFEjPI5nsRyCi4j.sSIgTJH7dtP.UjQ7TtJPrxc.q.F9uPC', '2022-01-31 15:04:59', '2022-01-31 15:04:59', NULL),
(338, 348, '$2y$10$1vJztOk3ysAZQYWIOO24bOLv6bQ3beKaVTsNHNawOo5TsFrNis/gW', '2022-10-23 10:59:02', '2022-10-23 10:59:02', NULL),
(339, 349, '$2y$10$OhDSAIKveRVuO.lQDg5lZOjNbXaINJ2wM/lzc1n1wLoEU0ANqHqIW', '2022-10-23 15:02:30', '2022-10-23 15:02:30', NULL),
(340, 350, '$2y$10$TqzSfa27zPsHyzMvjOlfRuUs4Udah0FzOQmSG.eDEoUU3eh1OXLj6', '2022-10-23 23:49:49', '2022-10-23 23:49:49', NULL),
(341, 350, '$2y$10$Je5cvYQ7jnMXcnnNQ9AGJuC0xI0kswXzCmNsGdsdob08OEE3CRylC', '2022-10-23 23:50:57', '2022-10-23 23:50:57', NULL),
(342, 350, '$2y$10$Jyd668EriOeDSTNDR5g5G.yMoxlH0kE1l0H8UxmrbcvKTJvP.xpT.', '2022-10-23 23:51:48', '2022-10-23 23:51:48', NULL),
(343, 350, '$2y$10$bwAMEwqQGwyYUUfN9rLvMuGjhSoFpF7MyxtfY32Fb3ExXuNbmuDDe', '2022-10-23 23:52:19', '2022-10-23 23:52:19', NULL),
(344, 350, '$2y$10$G2T9B5SzBjgUf6akZmsngO/dkKRmgysP5dloSIPk29aozg.eMv3du', '2022-10-23 23:52:26', '2022-10-23 23:52:26', NULL),
(345, 350, '$2y$10$haMachDnfjKk4KEWwbSKbOtXH1Jkp1D1X1fw9vsXByanumHscBJUG', '2022-10-23 23:52:59', '2022-10-23 23:52:59', NULL),
(346, 350, '$2y$10$mCbGvC8vy1jdkFXpmA0QH.Dg9EpLBSIfpWjNdZuPjpBQDWi8XEE3e', '2022-10-23 23:53:21', '2022-10-23 23:53:21', NULL),
(347, 350, '$2y$10$l76pRj0iiYt7ZN4hxUzwX.ESZ1MClNIrRnu0LvRlL39lN84j2gfJm', '2022-10-23 23:53:25', '2022-10-23 23:53:25', NULL),
(348, 351, '$2y$10$Nn.wgAqssETCBDfkuq6Vqecqe3l.Vt533ICEAgaG9v6vXJ96OcVsK', '2022-10-24 01:48:53', '2022-10-24 01:48:53', NULL),
(349, 351, '$2y$10$hdyXKWIx2n1nCIbouW5LBuSnJRwgMMrxVjCE6MjE2ntM8AGs/cqKe', '2022-10-24 01:50:38', '2022-10-24 01:50:38', NULL),
(350, 351, '$2y$10$3COmotMooq.a/x57YVElJez/WsHP74uDGtmP8KQsNBZRsS7iXmj/S', '2022-10-24 01:50:39', '2022-10-24 01:50:39', NULL),
(351, 352, '$2y$10$FUyujysv7bVHOK4zul.B0ubu.MReDiFIH4Bm9NJXmUl2I/MLe1usS', '2022-11-28 18:02:12', '2022-11-28 18:02:12', NULL),
(352, 353, '$2y$10$dDIi3hAQbhAsWD5Vb17pouBQLtTa1gfzqLPxhwmeuLlF.IW6eKP1y', '2022-12-05 19:43:17', '2022-12-05 19:43:17', NULL),
(353, 354, '$2y$10$cfyUR0AMx6JdUQR1gNxjTOjBsTtdAn.fDAgP1.RcWU0EZ/XH7amBq', '2022-12-06 01:18:05', '2022-12-06 01:18:05', NULL),
(354, 354, '$2y$10$YOH0uJoxi6vqBEcPGRDCJuZsqj.62yRX0tTepDIMIvplCx7f0xDMK', '2022-12-06 01:19:08', '2022-12-06 01:19:08', NULL),
(355, 355, '$2y$10$pWPoCw.xRuKw7kH45zLUiuCWMD2Hij9sHjvDX322sp7yG8D249B7K', '2022-12-06 01:22:28', '2022-12-06 01:22:28', NULL),
(356, 356, '$2y$10$rcL4jOF6nJfJd3XUFcJcyeQbUdadAaFSmExRXx9cxH.lQlpMPOlQu', '2022-12-08 05:20:00', '2022-12-08 05:20:00', NULL),
(357, 356, '$2y$10$04hkVeA/Ov4FuCvPos4DBeUu.ve/vIWIlhIs41GrW0PHNJ6N6qhva', '2022-12-08 05:20:12', '2022-12-08 05:20:12', NULL),
(358, 356, '$2y$10$x483eixvTrIGTZnT9Tzi2OaQF33QAuCUJMYWjgMlb2qkgU/hg4ZYa', '2022-12-08 05:20:22', '2022-12-08 05:20:22', NULL),
(359, 357, '$2y$10$..uhqXhn/De7ZGIppd9XK.SwttVgTEJf9ueTs2n.xhLzWvl9kJFdW', '2022-12-09 05:29:23', '2022-12-09 05:29:23', NULL),
(360, 358, '$2y$10$SB2ExpRqKOnX2X3t7.yVIuTe4mErVMAdAF3NdrS4NfXXtIpNm6o26', '2022-12-10 13:27:54', '2022-12-10 13:27:54', NULL),
(361, 359, '$2y$10$Owee01PkSYKq9I.8rIoghOKNwzoom/I5dutvYJDRe4vJv.d/JrQCi', '2022-12-10 13:29:41', '2022-12-10 13:29:41', NULL),
(362, 360, '$2y$10$k.E/D00Q.V/HcRu91dRcaONI/49T3oxQ5rE5yb3evNHaoUFjEufLO', '2022-12-10 16:40:02', '2022-12-10 16:40:02', NULL),
(363, 360, '$2y$10$GJM1pexdboodtZViUSHBsOK7IFXJpfpqwdVihLX.AEJnEtBJ70wTC', '2022-12-10 16:42:26', '2022-12-10 16:42:26', NULL),
(364, 360, '$2y$10$fKAbhV0F5FMc.XWaQOLwg./flnuVNWf6.jVIcLcySGqMpYdKWezCW', '2022-12-10 16:45:04', '2022-12-10 16:45:04', NULL),
(365, 361, '$2y$10$Ee2clGAhnDL.huDwa7AaQeP9IExmjKDKGDyr/bGr3oyqf2qed9e2y', '2022-12-11 07:24:39', '2022-12-11 07:24:39', NULL),
(366, 362, '$2y$10$OuMfFPk5k6yj0OaGLW8cAuQgOIzxFPwZKf7/6j.VmVfbC9kV27DL.', '2022-12-13 12:33:32', '2022-12-13 12:33:32', NULL),
(367, 363, '$2y$10$azHKgOOBUFldhsxQZqFoa.ZwZDt8P0FPOsJzMxj3T86JrzCQXMGC.', '2022-12-13 23:19:40', '2022-12-13 23:19:40', NULL),
(368, 364, '$2y$10$OSzFWlc.4UNRS7wU4lg.uuLgpR7EjD8jRqP9CZ1UPfuKvmO5gfVeW', '2022-12-14 14:48:42', '2022-12-14 14:48:42', NULL),
(369, 365, '$2y$10$UZv10U/tlpK1HmnZtIVAh.s/ix4WBz0FZqcpkKFNL8K2mVdTwOahG', '2022-12-14 16:33:13', '2022-12-14 16:33:13', NULL),
(370, 366, '$2y$10$F3D4W5YoaNTa3TwULyhe2usmdhONMhr.Rw9W7UufBVn0ZtfQXD2J.', '2022-12-15 02:09:15', '2022-12-15 02:09:15', NULL),
(371, 367, '$2y$10$YMdSxn0mX4hfzn5ldJpk5OptDEaExMPew8kV2km7J3WAADIZ6Zdjq', '2022-12-15 20:44:20', '2022-12-15 20:44:20', NULL),
(372, 367, '$2y$10$wHKnb.RMvmBjqG0lW9ggsuIA9kZQlcsyd13R3Lzt3i7ukO2d8eJzC', '2022-12-15 20:45:01', '2022-12-15 20:45:01', NULL),
(373, 367, '$2y$10$IlrvlT7lldLiCUYYF5RrEuUpum.7xCG8nDSTJIKnnL3blGcPuBxVC', '2022-12-15 20:50:53', '2022-12-15 20:50:53', NULL),
(374, 367, '$2y$10$Ic6H/o/nqK7PMdFqq6L6AurvwZJm8TOgHgeTnNVJ2mx7HoShlV2km', '2022-12-15 20:51:15', '2022-12-15 20:51:15', NULL),
(375, 368, '$2y$10$BoWDSw.1MYNgkKZuas0UwuG6Ir52rHMT9FRBqWza3w/ggPOHJHRMy', '2022-12-16 06:44:10', '2022-12-16 06:44:10', NULL),
(376, 368, '$2y$10$b5jGmuFzgW.eEhWZBttGne7oapblU2.1vwZQ5RBXHO6jLEa72QXXy', '2022-12-16 06:46:32', '2022-12-16 06:46:32', NULL),
(377, 369, '$2y$10$TtIPlTa7rHLWIRIwY1yMueB7w/OJQcs8WvRlcqGgHpwm8vTucUGza', '2022-12-16 15:59:54', '2022-12-16 15:59:54', NULL),
(378, 370, '$2y$10$NT.Lp2jZCWALqKJrD83AcukfIrpLmiq3Pnk6EXM0TaPdG7kjKEr/G', '2022-12-19 12:59:01', '2022-12-19 12:59:01', NULL),
(379, 371, '$2y$10$ORh3zFGxMTKy2Wso173bNuJq.TArpWFi472BzwTa1AC3iOHE7Arpq', '2022-12-20 14:30:54', '2022-12-20 14:30:54', NULL),
(380, 372, '$2y$10$.dIT7Z3ivmCDS0X1BuB.tOHW/WmEt4qJNiUNnic1i0Hj9ylJGVa.e', '2022-12-20 16:37:58', '2022-12-20 16:37:58', NULL),
(381, 373, '$2y$10$qSXVc.Wag6IP.Bwdh3.U7OCQ28.zuhjrtcE0brXlhutIkDCwZH26m', '2022-12-22 11:11:55', '2022-12-22 11:11:55', NULL),
(382, 374, '$2y$10$GYzfWdSUac3eQ6VE/BRVUupzb5odZFwNCC0RpPLY/sWTEz8.lkCh.', '2022-12-23 01:55:46', '2022-12-23 01:55:46', NULL),
(383, 375, '$2y$10$4ReaJ8oBA4EXMV33uQa5k.dlVgwhyGuTmFuWlmZlRNnuV1X7D1frC', '2022-12-23 05:36:01', '2022-12-23 05:36:01', NULL),
(384, 376, '$2y$10$QIm01mC2dzgI6LxiHudV5ugSfvtUtZNwNqoqkbd/sepwobHf9K4uS', '2022-12-23 09:01:15', '2022-12-23 09:01:15', NULL),
(385, 376, '$2y$10$mlxwQ6.yWneB9q1cD5FCu.letCgRFNPtUMbT6KP1gdLmuXJ0YrNyC', '2022-12-23 09:02:46', '2022-12-23 09:02:46', NULL),
(386, 376, '$2y$10$3fWqm6oYGd65RVVjyrR37eFQASqvLeG8FUa2dSe2l1DYV04eQ19vS', '2022-12-23 09:03:07', '2022-12-23 09:03:07', NULL),
(387, 377, '$2y$10$mFVg3W3Hb5Jp2pwxPiBjnO4rRg0d4D3gv000irYDCBNr9Yj/Tz1p6', '2022-12-23 09:11:54', '2022-12-23 09:11:54', NULL),
(388, 378, '$2y$10$1d3BOCzkwkF0h7y78rUwfuf1VP/9MzEk/OZ/mMStFhSv0ij7A8Nb6', '2022-12-23 09:13:53', '2022-12-23 09:13:53', NULL),
(389, 379, '$2y$10$4VWm9WBuV8.jmkLmC9gQ0exeU5FKt.f8DG8UjxTSPyHnuW7.Pg0Lm', '2022-12-23 14:05:14', '2022-12-23 14:05:14', NULL),
(390, 380, '$2y$10$9RASHZDervqRjtRvKJoxGubmyuuxEISIJBNq3JrwcK4d3yXnmY.CK', '2022-12-23 15:49:02', '2022-12-23 15:49:02', NULL),
(391, 381, '$2y$10$3NhVy8aRROrYNXdGFJiyLu0mT/QjCepyqHP4IGrPaXoYPVWfAxH.G', '2022-12-23 18:49:27', '2022-12-23 18:49:27', NULL),
(392, 382, '$2y$10$eFsR7IVHdxnImkiQ90pSYuO36PuBRDd7B0KNGZpTNRTD1QgTySNxC', '2022-12-23 18:50:38', '2022-12-23 18:50:38', NULL),
(393, 383, '$2y$10$6NrcoLRkygoeJ7QSplRcheOgUPmRondiqnNw7iVdwMXWfNjtUloa6', '2022-12-23 19:19:30', '2022-12-23 19:19:30', NULL),
(394, 384, '$2y$10$S19eQ7ujYu5ie5zJr3Y2pOkuWAK90NznrAo48WZZP4T8gB.w6yzZG', '2022-12-23 22:52:52', '2022-12-23 22:52:52', NULL),
(395, 385, '$2y$10$/zSJhYmntt2tQUdHsyBsderMpLAc.dVVa10qp49zJACV1UPMFv9Pm', '2022-12-24 08:41:30', '2022-12-24 08:41:30', NULL),
(396, 385, '$2y$10$GtX7SA8FODaCJRd0FBzADOVfMg2Yio8uAVvS1fVYIi/EaqKxyWI6O', '2022-12-24 08:42:16', '2022-12-24 08:42:16', NULL),
(397, 385, '$2y$10$t1RDTY0vymvZb9varcXI8uzSmOS85mUumC1m610X2aUtCcdYpIXcO', '2022-12-24 08:43:40', '2022-12-24 08:43:40', NULL),
(398, 385, '$2y$10$BUz6gYk/D23lKUP.pFhPue9/2IzaZHwsX9mbuASd9vrKA4EqozSZS', '2022-12-24 08:44:41', '2022-12-24 08:44:41', NULL),
(399, 386, '$2y$10$ZrsDwiZhXFoxvKfgah2XruALYe2QkovNs0XQyaXMWuIdz1FeyWSlC', '2022-12-24 13:02:04', '2022-12-24 13:02:04', NULL),
(400, 387, '$2y$10$PmAVfpUyUSpXg2DzlAnqV.ORI5o/ma2pxNBAvMYixuWPchr/2pCP.', '2022-12-24 17:48:58', '2022-12-24 17:48:58', NULL),
(401, 388, '$2y$10$ohWKPAZ8C1kuj3hefHggAOR.U5m69QjpgFSGeKTolsG77CxluNXWm', '2022-12-24 17:50:46', '2022-12-24 17:50:46', NULL),
(402, 389, '$2y$10$aWW1rH4vkC.xrGM6BPYJteLoacbk6ratKijSwdGvNPRFhRrh7jTV2', '2022-12-24 19:38:42', '2022-12-24 19:38:42', NULL),
(403, 390, '$2y$10$JFntRU8HzSDk.DA3JpRVxuP7fhMIFeoV7epwVjEOpSfOHwdEvW8lC', '2022-12-24 19:39:46', '2022-12-24 19:39:46', NULL),
(404, 391, '$2y$10$LK1DVThrXgYSEh/rzzl08O2jq9UHt.9C3Qn8GnzMoaYPJyeJMR8/q', '2022-12-24 19:43:06', '2022-12-24 19:43:06', NULL),
(405, 392, '$2y$10$.jYk/yWiWErFSyx0.SI52OwxXljg6ehn7m82yYMcbNSPuq1wXUgNO', '2022-12-24 19:53:31', '2022-12-24 19:53:31', NULL),
(406, 392, '$2y$10$nAxUtIk7YWMmJgkabawUWOiljyslBZAeNcFIBD0rnTqM4ZdR7cTIC', '2022-12-24 19:58:12', '2022-12-24 19:58:12', NULL),
(407, 392, '$2y$10$l97O/ObhGdic/Bf3EkXTvesfaGGKph2pMN7QF9cdgTmd4BnhnKfOy', '2022-12-24 20:01:27', '2022-12-24 20:01:27', NULL),
(408, 392, '$2y$10$c.T9R2h05C3P3SvCga.V.uojZNEMww6BsUe8Ft2tma0tbUSFbbkZS', '2022-12-24 20:02:11', '2022-12-24 20:02:11', NULL),
(409, 393, '$2y$10$k2xEsqwTqxUIUuC/GWjmI.NzOpWVQ4eqoixyXzUGsNotLzHreJVt2', '2022-12-24 22:28:29', '2022-12-24 22:28:29', NULL),
(410, 394, '$2y$10$0ubPAiX10ryWuffuyCzLh.8ZC9PdOLg4yOraZLyZDbwGUE7mmIghy', '2022-12-25 00:49:49', '2022-12-25 00:49:49', NULL),
(411, 395, '$2y$10$JuUK9rbHMDkkeLFZ3bfWjuNSBfQquz19JmaANz5PvLd5jWUViCVhe', '2022-12-25 04:52:34', '2022-12-25 04:52:34', NULL),
(412, 396, '$2y$10$3WE7VSK22T3dgy.JEf2NU.j4Kp425FVYro1F3OpEX5/e5A0/9HnKy', '2022-12-25 07:22:26', '2022-12-25 07:22:26', NULL),
(413, 397, '$2y$10$V3AJKzbn/sEk1FCTN7MMhuX1b9DeWXHSuPmyzrdb/2jPTB1UY4wGG', '2022-12-25 08:18:40', '2022-12-25 08:18:40', NULL),
(414, 398, '$2y$10$Q190rKiywz3UUkgzCr0WkOI6fOkjk6nV0A1J7goCXCSMD5aB8ESIi', '2022-12-25 13:29:08', '2022-12-25 13:29:08', NULL),
(415, 399, '$2y$10$ZzFkRdb/7wAHrDinuv757OZ76bykrTlso7ur9k8sgkHjwLBvYwed2', '2022-12-25 19:20:10', '2022-12-25 19:20:10', NULL),
(416, 400, '$2y$10$RZYuazJp.bqyvfOTL2WQA.CbMOq0qVtix2pUHdRePNuPVKJvUeL.C', '2022-12-25 19:21:57', '2022-12-25 19:21:57', NULL),
(417, 401, '$2y$10$BPQOKDVgVsjCYJzJkXzEjOGdoJwZJCGvVXqLuEVzmPvmG6M9Bg5/.', '2022-12-26 05:50:52', '2022-12-26 05:50:52', NULL),
(418, 402, '$2y$10$bX3Kd8CT7yJZk4MOn507/O4W9PW6HbnYJRaU2dFm4Kj1bIvjbCqAy', '2022-12-26 14:49:37', '2022-12-26 14:49:37', NULL),
(419, 403, '$2y$10$bGBI.32Ca0ZLrzfxfLCQjOcDg/lhSCRShifZM7Fkv50Mqi0TpZohi', '2022-12-27 12:11:49', '2022-12-27 12:11:49', NULL),
(420, 404, '$2y$10$CUtMeIAH/pg8I78orDqZHueJtbc0WYyoTsL36vp/CHq0YsC05TcFi', '2022-12-27 12:48:59', '2022-12-27 12:48:59', NULL),
(421, 405, '$2y$10$U4mvTlyPvK3nXzsPjvQGE.zOHjJSMTpS3kc5JSry5nHqsN8fL.MqO', '2022-12-27 13:47:17', '2022-12-27 13:47:17', NULL),
(422, 406, '$2y$10$.wuDhqg3gmtCsUs9LW/ISuSSIoUF4ZFyFfhYbVs2NxcqMfW/.X0vS', '2022-12-27 18:38:57', '2022-12-27 18:38:57', NULL),
(423, 407, '$2y$10$nev37YE0jj7nRHBNiOqZTOH.Ae5d9kBHA9xEkJPI7YOqTueklipEu', '2022-12-28 12:29:56', '2022-12-28 12:29:56', NULL),
(424, 408, '$2y$10$sM1Z9gCHXMF.JcdDy5PQ1uKtyN6Veiy3jstKlIn8qk02mZ3EvqaA2', '2022-12-29 02:37:24', '2022-12-29 02:37:24', NULL),
(425, 409, '$2y$10$B18pQDIQdEN4arAMes1wlOpknL/jqRGid8ZkH/MssEXBcGbnu5DdO', '2022-12-29 02:49:15', '2022-12-29 02:49:15', NULL),
(426, 410, '$2y$10$ZmFiy0zNWbHHzIg/WAvdEOXE5IqXS6DELjVMK/ZwUGdRq/d3bmMp6', '2022-12-29 13:08:41', '2022-12-29 13:08:41', NULL),
(427, 411, '$2y$10$1Pgv4t.tmVQxNHQAqebhUecRxfrLCeaafHHMm/TyjfxaNNPlK/ZBy', '2022-12-29 13:22:48', '2022-12-29 13:22:48', NULL),
(428, 412, '$2y$10$sc3PycXh4cH7lC/bxtq.3.q8HP3ZJPyrGquqgKKtyll9yP.sd7qFC', '2022-12-29 16:26:32', '2022-12-29 16:26:32', NULL),
(429, 413, '$2y$10$Hrv7Zruxwbf1B6LAIzR3duY11gJKMD.q3wVnsDIG7cXE8QQXO8GS.', '2022-12-29 18:55:30', '2022-12-29 18:55:30', NULL),
(430, 414, '$2y$10$OjF1UgTi9szZ0DxrXR1naep.qzy3OxG4wcAgGu8wRGNAtT/6BXHnq', '2022-12-30 20:21:50', '2022-12-30 20:21:50', NULL),
(431, 415, '$2y$10$CS09eG0ByxbMCQaZoQQrcubWkjZntFEisPCi0PXLvXhsCjGsqC91m', '2023-01-01 12:52:32', '2023-01-01 12:52:32', NULL),
(432, 416, '$2y$10$VrdMnvrr373QDLR5DDTObOOvnjKngI0sEiv1T8XzklyDp3EkK0OnC', '2023-01-01 18:51:30', '2023-01-01 18:51:30', NULL),
(433, 417, '$2y$10$pynwrIiDcS62Mp8o2edY5e1GOGjAC5FAJIhIbFn82XGOqdeGd1Zk.', '2023-01-03 09:59:15', '2023-01-03 09:59:15', NULL),
(434, 418, '$2y$10$yeH42ZaZYKKXdyAiqPwa.OXBRjz08oX1g8d70pMM2oM4Sk0P57ULa', '2023-01-04 03:02:46', '2023-01-04 03:02:46', NULL),
(435, 418, '$2y$10$mXzIBWA2F1lohaUeKTL.meQRdBV.Efp7kz5A7xTHiTFhN2xxtaOtu', '2023-01-04 03:05:42', '2023-01-04 03:05:42', NULL),
(436, 419, '$2y$10$Bq9vMF4Zl1mXW0t./kWmg..A.xEIGS3Gn5yuFhWSm4AN9JmTq38pW', '2023-01-05 18:35:23', '2023-01-05 18:35:23', NULL),
(437, 420, '$2y$10$goTMIBDSw0iIFICVjRiHc.uEIpJLc23U9IBT/Gn8vIIZD2jicSnvu', '2023-01-05 20:53:21', '2023-01-05 20:53:21', NULL),
(438, 421, '$2y$10$IwiR0TT56zLxAIPuTsQ3OO13JAZyUITkBZ9/ZRPlL7E25CBA5egSe', '2023-01-06 00:17:33', '2023-01-06 00:17:33', NULL),
(439, 421, '$2y$10$LSrqhiylckXS8tiFxStcE.qHa0.iOAWOzD1DwxMaAcHjMjZrj6O/e', '2023-01-06 00:18:41', '2023-01-06 00:18:41', NULL),
(440, 421, '$2y$10$oh.gtu72IjbwwHuoEOlSVe//vYYPmxZfZ/DkIv2tHUovCmUxkNnvG', '2023-01-06 00:18:49', '2023-01-06 00:18:49', NULL),
(441, 422, '$2y$10$h3BebAP58lumxjdaoZ6kneQ8P25D3OjKd7b0gBtjLruK78CX/dsiy', '2023-01-06 07:41:02', '2023-01-06 07:41:02', NULL),
(442, 423, '$2y$10$fY8TRMYnP/YBn8qjG9/LQeJ1gNikxtrrUGTEbwL4yrUK0Xv/yeQ3O', '2023-01-06 09:15:25', '2023-01-06 09:15:25', NULL),
(443, 424, '$2y$10$5QGy5.MWyGXhpXkcUoUkxOeD89zMUuUo3IAmNIMu9uHwdrGVCG5ly', '2023-01-06 18:47:50', '2023-01-06 18:47:50', NULL),
(444, 425, '$2y$10$/ViC77nUe0YrNLCWRi.NjuBAaGg/6mpqEWpCnm9R32gdRySYgOAEW', '2023-01-07 00:31:10', '2023-01-07 00:31:10', NULL),
(445, 426, '$2y$10$WJRV/GGMVZQu/GEZUiEEkuzyUwXI4d0HBad6gqS5v78DF47OhmQ32', '2023-01-08 23:57:52', '2023-01-08 23:57:52', NULL),
(446, 427, '$2y$10$fII8.Iq2fqOG2ENX8xUEtuOYpzzj6oJ1FEi88f5l2cPlwTTRvhyYC', '2023-01-10 16:30:23', '2023-01-10 16:30:23', NULL),
(447, 428, '$2y$10$xt9TzSXBB.u8WkRnSZC8neBYk7llneLu9rksy4Ti7CQciwvdONw6C', '2023-01-10 16:31:38', '2023-01-10 16:31:38', NULL),
(448, 428, '$2y$10$vJaMpmjuMaNStQrE2mUj5uCLbDxDXOCeuy7.aAdEekYrmOOzK4rEy', '2023-01-10 16:32:31', '2023-01-10 16:32:31', NULL),
(449, 429, '$2y$10$93FIBrboNErjgQIpNLIOyeSGZlZwhNwTvQvvGa3irKCplZtB8PIUW', '2023-01-10 16:33:55', '2023-01-10 16:33:55', NULL),
(450, 429, '$2y$10$ZQJin9pQqYJtSUENJ.zu4.KMcuSvM0bh7xbjVhiyWNzuWk/3Fz7lu', '2023-01-10 16:34:19', '2023-01-10 16:34:19', NULL),
(451, 430, '$2y$10$pINxSXqsiHM9gyoz/eeh.uuaHVlw6tr.4v7vSc/cfvCWt6fPJHc1W', '2023-01-11 15:13:36', '2023-01-11 15:13:36', NULL),
(452, 431, '$2y$10$5e7HINYwxy0tbb/xgBBcQufjGINnKBgO5WIuLG.pkFmpHYXeYb5Bq', '2023-01-11 23:29:39', '2023-01-11 23:29:39', NULL),
(453, 431, '$2y$10$EtTdvPUhy2Jb56q0fSjq.ewIcwdCFhccU/oZRMo.0VJMJymsEwWQK', '2023-01-11 23:30:47', '2023-01-11 23:30:47', NULL),
(454, 431, '$2y$10$ksvgHx4MDu2Q8Dgsqy2.XuaKuCAbtcmSYpL7vJvXNUO8QheOFrdQ.', '2023-01-11 23:31:32', '2023-01-11 23:31:32', NULL),
(455, 432, '$2y$10$difhJpiJOixeGQFDmJ1li.aIit4JtZetFYKcAalivWHOCabbsI3gC', '2023-01-12 00:12:50', '2023-01-12 00:12:50', NULL),
(456, 433, '$2y$10$VhnFlECVdfNFeQ6lcD.Ro.DCOTAkw3FsMahEJjbTkPCkiD0Gd.x3K', '2023-01-12 12:18:38', '2023-01-12 12:18:38', NULL),
(457, 434, '$2y$10$kaVFJisn4e/RrUsUz8WireMQz2kq9Qrd/wmUPUM.NVcQ0.YADwUbS', '2023-01-12 13:39:53', '2023-01-12 13:39:53', NULL),
(458, 434, '$2y$10$x.ConcgQQEPYsu098tSEA.007AGaskiS2L2g/2PE1T1EC20kjp1D6', '2023-01-12 13:41:21', '2023-01-12 13:41:21', NULL),
(459, 434, '$2y$10$HPjVptvsqjdIOOJlrbJEueN6cNlx8mRDpItT5Ey7vI0mYmRTe/Gdi', '2023-01-12 13:41:23', '2023-01-12 13:41:23', NULL),
(460, 434, '$2y$10$UASgkIzHRLd1duar4fZT/erkoef8w9DC6pH7kHnxsOjPDiERq.eF2', '2023-01-12 13:42:57', '2023-01-12 13:42:57', NULL),
(461, 434, '$2y$10$ET5Wg9NMo8MplPwjfo4C7.zqQVYfqZFOHUxe9oCT75eyTY7a0tbri', '2023-01-12 13:43:47', '2023-01-12 13:43:47', NULL),
(462, 434, '$2y$10$xpK7RaL3XbhhRiBeJAAO..o5OU96LrofYzaFkfdQeWK7HrRGOYMlG', '2023-01-12 13:44:08', '2023-01-12 13:44:08', NULL),
(463, 435, '$2y$10$cFAhpSermRjUlD1FUesjRuJb6wFXEQwmKCKro.oloSy9ao2v2IQLi', '2023-01-13 05:25:00', '2023-01-13 05:25:00', NULL),
(464, 436, '$2y$10$teAc38NZsxwBS2O0ES9vQON95b68R8By1ULclq0bZk94QFoDrmW4K', '2023-01-13 09:02:04', '2023-01-13 09:02:04', NULL),
(465, 437, '$2y$10$alBGl5DqBM7pBBtUkDbRXO9bIe81IY1s5.9L6yY64Uu8g5cRMisJq', '2023-01-13 09:23:17', '2023-01-13 09:23:17', NULL),
(466, 438, '$2y$10$qjxevZo413TODABPcc.zreIVJV0fANWYU7DipNSVPXL1Brz7fvhmC', '2023-01-14 03:12:43', '2023-01-14 03:12:43', NULL),
(467, 439, '$2y$10$ywoawtHuLBjvINd..poImO4kVFKmeXJ6nnsBmNJpwLEIjSGfM04QG', '2023-01-15 18:15:29', '2023-01-15 18:15:29', NULL),
(468, 440, '$2y$10$h62iuQ4FJaxYwyhE4t4upugLmnYOZEHEc1nKtoXOKbdVbJZnpHSry', '2023-01-16 16:31:46', '2023-01-16 16:31:46', NULL),
(469, 440, '$2y$10$GGQN/09pMiM/bEWi1M1dm.QIQUvreJNGyWJRPfRzj7FlVVGGGEqkq', '2023-01-16 16:32:29', '2023-01-16 16:32:29', NULL),
(470, 440, '$2y$10$i1JHXuOMctzVAQNTRQ/HXuxgO5j7bsGDYrsni9YBFtQt72efCLWzq', '2023-01-16 16:34:16', '2023-01-16 16:34:16', NULL),
(471, 440, '$2y$10$lr5jEX8QPJFb3MjbJRGOgucjUu3gefmqCczyoQ0KjdFD6szoib3qS', '2023-01-16 16:35:06', '2023-01-16 16:35:06', NULL),
(472, 440, '$2y$10$E5SesKJ.36VI7u7PLMKjq.1G1VO8qB.BLE0mVlHX4vLpOUgeZJYaq', '2023-01-16 16:35:29', '2023-01-16 16:35:29', NULL);
INSERT INTO `otps` (`id`, `user_id`, `otp`, `created_at`, `updated_at`, `deleted_at`) VALUES
(473, 440, '$2y$10$4LPLNYl3GxIwwa6LCh/f5.9axBRI8mq8R0pn71hTI2vaOPpfMwfga', '2023-01-16 16:35:32', '2023-01-16 16:35:32', NULL),
(474, 440, '$2y$10$/tMWOj7//DLmkrx6zn2vPeZImiNFFon3cIFxDxMjMVHyekdFHgIN2', '2023-01-16 16:36:24', '2023-01-16 16:36:24', NULL),
(475, 440, '$2y$10$zz7v9dmkHR5fWYQjQDLF5uuww7O379vyKnABvRYakWS.5L6vYNkHS', '2023-01-16 16:41:35', '2023-01-16 16:41:35', NULL),
(476, 441, '$2y$10$ShvDPfrbJrIZNxIJaEbk1OdklvQbGy16L0QYlQAgRlC.B1OIonJpW', '2023-01-16 17:19:06', '2023-01-16 17:19:06', NULL),
(477, 442, '$2y$10$OfIk7pX18kKM2NUo4X2SM.u8qZkfnKSscDkzI5oaAgITWgkqPu1wG', '2023-01-17 13:36:16', '2023-01-17 13:36:16', NULL),
(478, 442, '$2y$10$xKnFGgoBzkGtsew6U31x9uGjf0.Bbx0UTjID2EZK5RndUfWy50KZC', '2023-01-17 13:36:26', '2023-01-17 13:36:26', NULL),
(479, 443, '$2y$10$Im/UgiZl7x3pXFTpE2XZJ.9nHNqeyMM6ui8KsWfSqKO7XaO24o0f6', '2023-01-17 18:11:51', '2023-01-17 18:11:51', NULL),
(480, 444, '$2y$10$5AERQI.fIc8EnevxIQEZY.87wKiPr0qlDAKF7nfzLUjBpfClujejm', '2023-01-18 20:55:07', '2023-01-18 20:55:07', NULL),
(481, 445, '$2y$10$eJIhJcTMg2HlQWTsIBAZXeG09DMZW5EWIUu2HeYCJZ1vwghsrensO', '2023-01-19 01:30:57', '2023-01-19 01:30:57', NULL),
(482, 445, '$2y$10$qr1KWyjHG/QrFYQB71nJYe1FlRX9QAbSbXNm2fGnYm3UZu68bY0Ty', '2023-01-19 01:32:44', '2023-01-19 01:32:44', NULL),
(483, 446, '$2y$10$Vjdu2hrWpNBlAZdEpJAwh.VjloHpAwXfypjtsgzo0ELK8Rgg.OG7u', '2023-01-19 01:36:50', '2023-01-19 01:36:50', NULL),
(484, 446, '$2y$10$Y2V7jVa0RO7tATKGs.ZlfOQHIn13G.rDxLxXuckX6GFRHHbWNUEVi', '2023-01-19 01:39:01', '2023-01-19 01:39:01', NULL),
(485, 446, '$2y$10$y7E.Hr8zYDZtIXWlqUBpHO9BACb5APkzE7H1fiPInI0EUrgQqcYjO', '2023-01-19 01:40:11', '2023-01-19 01:40:11', NULL),
(486, 447, '$2y$10$2z3IardfcNH.q9zCWbVz7udeITqku3RdqSDm2QJf3PqsZ4TKJRtj.', '2023-01-19 04:02:59', '2023-01-19 04:02:59', NULL),
(487, 448, '$2y$10$w4MpaukD2AQWNOCpYyijKe7ff/5tnYzpZH0C7YfQgirIXSUQRd.1.', '2023-01-20 23:28:50', '2023-01-20 23:28:50', NULL),
(488, 448, '$2y$10$.gl6Hv8XQjw4qAeN993wnOIKrIl9p56i66mhcklQqB1JZ1c3CQD0q', '2023-01-20 23:29:19', '2023-01-20 23:29:19', NULL),
(489, 448, '$2y$10$JySV9HGKMZ5NE5bjOf9Zu.5sUYkvgTN.PcXnt/dAimXhXBAIJGTgG', '2023-01-20 23:30:24', '2023-01-20 23:30:24', NULL),
(490, 449, '$2y$10$9E93a6Nkt6nk2lDQD0Cp1On/cdlULLuuHFPjIvOnGZa.fHxo7YqAu', '2023-01-22 20:14:40', '2023-01-22 20:14:40', NULL),
(491, 449, '$2y$10$ZOhcyggXY.gcjzoujkRGIekEWQgbKW3XwhoOyrREos4R0PnRMeHT.', '2023-01-22 20:15:29', '2023-01-22 20:15:29', NULL),
(492, 449, '$2y$10$zTdIrTINmqPNVGy8wY6dNeBhSdIMMVoSPgVK5IrmUTz.ol7Fi49jy', '2023-01-22 20:18:10', '2023-01-22 20:18:10', NULL),
(493, 449, '$2y$10$Pcqcx76mGLrme9LMUE3tGuxyT7jsNxDlY5rFmgi6afOxk5xbohom2', '2023-01-22 20:18:16', '2023-01-22 20:18:16', NULL),
(494, 450, '$2y$10$gMdirMjiEKNQZqCYRFj4jeuBU0iT0xVDUINFklWp1zXhJ7aBm8BtG', '2023-01-22 21:12:36', '2023-01-22 21:12:36', NULL),
(495, 451, '$2y$10$3OLiwzNwC8HoaFOo6NIkp.6uryAXu6.28vhpKSvkLx1bw7P1GEwVi', '2023-01-23 01:20:23', '2023-01-23 01:20:23', NULL),
(496, 451, '$2y$10$EcQn/U4xGqxwfOF5rF88QuIveeVy4y1jR70sP9OhPykn.M4Sp.jSW', '2023-01-23 01:21:29', '2023-01-23 01:21:29', NULL),
(497, 452, '$2y$10$I/zaC2NGvSRsQ5BvvKkyauP9uqBULDzHq57xuADDnrMHWTIZbmKZa', '2023-01-23 01:33:14', '2023-01-23 01:33:14', NULL),
(498, 453, '$2y$10$mbTAE2vAjzSmQsnHv6Z5VekXq592KlxTCESHEaLXz0c3T/VveM4T.', '2023-01-23 05:41:19', '2023-01-23 05:41:19', NULL),
(499, 454, '$2y$10$IbzU2tVmqWK0bNUBEprZvetae1AzNz7uUAU30./.K4EA6w1oiqy2m', '2023-01-23 11:00:48', '2023-01-23 11:00:48', NULL),
(500, 454, '$2y$10$owrzD1Y7qtSMC/XqVq2hDuWqVRq3K9AuzsyTo6Wc62hr5EB2MrRyi', '2023-01-23 11:02:38', '2023-01-23 11:02:38', NULL),
(501, 455, '$2y$10$7oDWlcHQ7PZavQPbjXQD3uk8psWYhDlCBzkO.zZYSu/lYlkgFuCrO', '2023-01-23 12:13:40', '2023-01-23 12:13:40', NULL),
(502, 456, '$2y$10$i3R1Wxya.fYCanV6qV073O.2EyBSrgModFvNFMpE7caHLdoaBfCYK', '2023-01-23 12:26:44', '2023-01-23 12:26:44', NULL),
(503, 457, '$2y$10$/4w4S9e1UGjVq2TmGi9joentoeUqqba.D0JnC6BY5lMutPQQkvVa6', '2023-01-23 13:33:41', '2023-01-23 13:33:41', NULL),
(504, 457, '$2y$10$clGXPCF09Nz2k.JyihwEMu90lRFVPRyEWw3mQVklI5M2PVBYrghl2', '2023-01-23 13:35:30', '2023-01-23 13:35:30', NULL),
(505, 458, '$2y$10$PXolp2jBUf9mnnnniu3qgO2IYthRh/r6/9KcmxbOErm.xj80q5yki', '2023-01-23 15:23:28', '2023-01-23 15:23:28', NULL),
(506, 459, '$2y$10$HXqrqaPzh3A.lv1hHuZj8.DHuRdQTZHzQ2qEqXewPJxaJhi1eZTtC', '2023-01-23 15:24:41', '2023-01-23 15:24:41', NULL),
(507, 459, '$2y$10$g9GlAD4LiNLKifJJfH/asuyVa1E4kl2fYNRI2dXAQsvCs7GhTcq2K', '2023-01-23 15:25:06', '2023-01-23 15:25:06', NULL),
(508, 459, '$2y$10$n7SrNadcul/MhN0x7ND4autcHT8o6ZXx0SgkbEvV.IuEZxYyYctPW', '2023-01-23 15:25:30', '2023-01-23 15:25:30', NULL),
(509, 460, '$2y$10$J5C66gD7Re2jeXWSGdVXVemYr2JN5evww94tCJCae2uUZ8oK37etu', '2023-01-23 16:08:46', '2023-01-23 16:08:46', NULL),
(510, 460, '$2y$10$JxWCUOnFm.1jabyAZf397.7OVfpxIFQdV.XPjfZ.KGhykP65QcquK', '2023-01-23 16:09:45', '2023-01-23 16:09:45', NULL),
(511, 461, '$2y$10$44jdWR82ySBSOsKskeBsPeUmYbD5xY.E9VqAypXlVQx7ZtzHTwa.G', '2023-01-23 18:40:56', '2023-01-23 18:40:56', NULL),
(512, 462, '$2y$10$XSe.GjLOXPkqkR2xBBe2weVrMIOj9Bi676BaVq2RtIZPpl.GIeKnu', '2023-01-24 18:01:03', '2023-01-24 18:01:03', NULL),
(513, 462, '$2y$10$a7SGDed3.CSnaRIV4js4heaNX9EvcTi00uP1m.6OUCnuYsIt4E29C', '2023-01-24 18:01:39', '2023-01-24 18:01:39', NULL),
(514, 463, '$2y$10$Zco4mYj1M3g53/LeeOuYz.R/bOkVFnnoA1VtsSE9K1xqK8EfIsxQW', '2023-01-24 22:32:20', '2023-01-24 22:32:20', NULL),
(515, 464, '$2y$10$EzvX0Fo1lcYlCSGR6jcOSuitBunjqViX9.objAcNxxnruYdms1v4W', '2023-01-25 01:36:38', '2023-01-25 01:36:38', NULL),
(516, 464, '$2y$10$GgFC5etTD11kbidgck9OTeQLXoj4w4SY0iljZoogDcB6zGSudLKT.', '2023-01-25 01:37:21', '2023-01-25 01:37:21', NULL),
(517, 464, '$2y$10$h5gJozGTrJabkEN0XGO7yu1d4VC8ft5Gv4X5B0pj5rIkZc3hWlfFq', '2023-01-25 01:39:29', '2023-01-25 01:39:29', NULL),
(518, 464, '$2y$10$7W0opzx432sXBL7gQxa89.oTIfek4LWqmyLrCFnlfhR91xc8dOGC6', '2023-01-25 01:41:53', '2023-01-25 01:41:53', NULL),
(519, 465, '$2y$10$/dXkP7Ul8K107p6yo32V3es8Bs1MuRUZVn3fGuy49oDlo1/XlRNgW', '2023-01-25 07:06:29', '2023-01-25 07:06:29', NULL),
(520, 466, '$2y$10$Cd61J.KEAQvNoD8.oJUkTuSHuPYk9UB0QOmw2MGuMKTnff6aaceIO', '2023-01-25 10:38:56', '2023-01-25 10:38:56', NULL),
(521, 467, '$2y$10$wISwxYMnq3d.DT6oHMYNFO.A863PpR5SVSiLH/7.1KeYz4nvyhMx.', '2023-01-25 10:49:32', '2023-01-25 10:49:32', NULL),
(522, 467, '$2y$10$ciBvVAxQoaqtvheshjZP3uMA8agBtzKIB6HmYs0IBDHcdR0bjqrGK', '2023-01-25 10:49:42', '2023-01-25 10:49:42', NULL),
(523, 468, '$2y$10$HPXh8WCMM44SoT60SZDMxerdVmslE8D7xW9bH0ULf9tmLWXFxi1Ju', '2023-01-25 13:43:11', '2023-01-25 13:43:11', NULL),
(524, 469, '$2y$10$Rcw.OrGYdU4iN7KUyaw6c.cVH6CA/He9mFIYdl544N8yghBRj4PVW', '2023-01-25 13:44:57', '2023-01-25 13:44:57', NULL),
(525, 468, '$2y$10$epL9N.wMby6XRhZxVjKXSerL8oDwNirr0Bm03gRMuHWQTNdElVz2i', '2023-01-25 13:45:50', '2023-01-25 13:45:50', NULL),
(526, 468, '$2y$10$rAFueqmebkolcuo4RR/jc.f8rtGqVBSoGUs7mllhyizYtWk1SquoK', '2023-01-25 13:46:10', '2023-01-25 13:46:10', NULL),
(527, 470, '$2y$10$O3pOOhxRURZRGDP7TrZXMOmm4v0JwGnGXnR74GxNgpViDP5doDLMm', '2023-01-25 17:07:08', '2023-01-25 17:07:08', NULL),
(528, 470, '$2y$10$v.UJMxgYkbXNoAfccfQuP.r5vZ5XTNogozwUh5tKs2Bxv1wF7zSj6', '2023-01-25 17:07:42', '2023-01-25 17:07:42', NULL),
(529, 471, '$2y$10$vkbjXOWzDHCbk5cSnleiaOCXeqa.6yfMWKrxzhRF8zfx0KpW8evzm', '2023-01-25 17:08:39', '2023-01-25 17:08:39', NULL),
(530, 472, '$2y$10$Je4ILKTp.VK480N017lrGOUjUF1JTau4w2vf89l1lYOPtRu9eFpy.', '2023-01-26 14:43:10', '2023-01-26 14:43:10', NULL),
(531, 473, '$2y$10$tz0p/H5lXOh9jbXY2fvwHeFP7ufg3J3agahHJTi1f7KQtdIrknqru', '2023-01-26 16:54:42', '2023-01-26 16:54:42', NULL),
(532, 473, '$2y$10$TEpeYRh2fLWs0q7R0f5RXe/SfglVocAlGBk1dUIzNCIGJFeBOfL4.', '2023-01-26 16:55:41', '2023-01-26 16:55:41', NULL),
(533, 474, '$2y$10$Dp20daXg7aA/nAiNX0z0re1Psq5fbBZzWa5HfpsDh1fi3KuNL7fFy', '2023-01-26 22:06:49', '2023-01-26 22:06:49', NULL),
(534, 474, '$2y$10$F.V29lHGIXfM6OKNZr807.//kgpQmtCE75SFdcupH6vkTzTR1mqNy', '2023-01-26 22:09:08', '2023-01-26 22:09:08', NULL),
(535, 474, '$2y$10$se.y6kAQyCkBbtrMWkEqYeOKkDIU7FtbHObut5FDXvPp524qFmpJi', '2023-01-26 22:09:36', '2023-01-26 22:09:36', NULL),
(536, 475, '$2y$10$JVa.Jh3j515Hs.DIwaTOueMfq64FHIZi33m9LmBLYrw9HbWCy3nQu', '2023-01-28 04:05:40', '2023-01-28 04:05:40', NULL),
(537, 476, '$2y$10$XD4sLZc6bHpmzaWk.UOwyeZ0lSuxF.ntiBdeR6IpKR..PyLTRJrre', '2023-01-29 06:34:58', '2023-01-29 06:34:58', NULL),
(538, 477, '$2y$10$0k8nE4e5AZd9kxd61Tl9EupaXAc4JY6kjlTSr3dFKEsSuTUKfu0vW', '2023-01-29 06:36:23', '2023-01-29 06:36:23', NULL),
(539, 477, '$2y$10$tZsa9hCm85ptRd4spFQEPupUruJwjL.HqYxbIwjpBg.2uHAuhuuGe', '2023-01-29 06:37:18', '2023-01-29 06:37:18', NULL),
(540, 478, '$2y$10$jwD54nNWJoJbi/SpnOEdl.Pn78myKONOhOunkjcVYP7.70NqsGnuW', '2023-01-29 13:04:26', '2023-01-29 13:04:26', NULL),
(541, 479, '$2y$10$0a9bdA0iCXAp4cxc15hQHOX4Z/eZWFzElZR6jowI7aQzVZP.zq.i2', '2023-01-31 17:08:56', '2023-01-31 17:08:56', NULL),
(542, 479, '$2y$10$Axfx8je4fymJB846/fEPIO3BD81I.sxBv6g02DrQp6/OD1FnYa5tC', '2023-01-31 17:10:59', '2023-01-31 17:10:59', NULL),
(543, 480, '$2y$10$B25Z.bdWZmbAybuJvvmHO.p/Lx8YNvuF76krJBr/judNo/Y5KHlRW', '2023-02-02 05:08:04', '2023-02-02 05:08:04', NULL),
(544, 481, '$2y$10$gpq8idu2fg7rUrQoZFL7qe8bUXC9GPPDV7uClVDM5zkwmv.G6sNzW', '2023-02-02 07:53:58', '2023-02-02 07:53:58', NULL),
(545, 487, '$2y$10$Ia1zRzIlX4iUfm0.e3iTLeeVoqmm7Kz8dBfIDFsgY1b3/h69HE0WK', '2023-02-03 07:43:47', '2023-02-03 07:43:47', NULL),
(546, 487, '$2y$10$YQ7rFLXROSUDi43IvneS0e5IvuARUyNljYbL9NkGFfLTwHOivhsge', '2023-02-03 07:44:47', '2023-02-03 07:44:47', NULL),
(547, 487, '$2y$10$PkjGdhlVrP3ROQ3IjdKyPO8G0i5V3LkKK1PZJPutW3WVXisHkpfDC', '2023-02-03 07:45:49', '2023-02-03 07:45:49', NULL),
(548, 487, '$2y$10$KZSiQAIly3p8EWH/lKR34e3EW1dNDhNPzvA7s2fyr89BZRQRU5qom', '2023-02-03 07:45:50', '2023-02-03 07:45:50', NULL),
(549, 487, '$2y$10$3psGG8U2VRonSTtIH6Y/Y.b67iJs88T82iONhZH4.HtDLb3AiuXey', '2023-02-03 07:46:42', '2023-02-03 07:46:42', NULL),
(550, 487, '$2y$10$.ssOYUNzj43ol0ftQhSV/.VrQP8mmhrVAi4iC3T.Hl8MuwbppOj4q', '2023-02-03 07:47:00', '2023-02-03 07:47:00', NULL),
(551, 487, '$2y$10$KGsVlq3jEnEo1zBOmInymOt2x5JzFyv2jJH0IxvOIg/7CH.kdWaf.', '2023-02-03 07:47:02', '2023-02-03 07:47:02', NULL),
(552, 488, '$2y$10$68NnlsSAlVea/QlkKd4LbOs6QAEwmKNX3wCtUev7FSn4eY.mY2ZmG', '2023-02-04 15:43:17', '2023-02-04 15:43:17', NULL),
(553, 489, '$2y$10$HEfsRH91KavtOsESMJsDLOH/hvWviK5Sb/FfZWHOb4/pVQ6F.mLnS', '2023-02-05 19:18:24', '2023-02-05 19:18:24', NULL),
(554, 489, '$2y$10$UOmz5C7QA7wLoZxfp4sy0.DnT8VgSrLg.VjerZEIBYcLgOElvgSey', '2023-02-05 20:00:09', '2023-02-05 20:00:09', NULL),
(555, 490, '$2y$10$b/IpiMZy/NVfGdUKbEKwSemQW1PMvlZoPgzT9tDEOPJDNKAN9qFtK', '2023-02-06 15:43:42', '2023-02-06 15:43:42', NULL),
(556, 491, '$2y$10$ROPoQB9veX/opf4gOF3Fu.0j2ajO3o5RVurqsKrE1Ez4k5hGXtaQW', '2023-02-06 15:53:48', '2023-02-06 15:53:48', NULL),
(557, 492, '$2y$10$aTycbm46dvBxQuuKbaD6e.KD6G8dRaDM2teKkL8.Eh3IrpePdJem6', '2023-02-06 15:54:02', '2023-02-06 15:54:02', NULL),
(558, 492, '$2y$10$esoHFtHlKRhuTSehzg1QiuN5H.JALvKo05Qc9HFQH8.RnirPAe7Ey', '2023-02-06 15:55:41', '2023-02-06 15:55:41', NULL),
(559, 493, '$2y$10$fivydspqxbx52g74s0YQ6.YXlKEI8M7wuNAbg4il6sazLpT5bRPfO', '2023-02-07 07:27:21', '2023-02-07 07:27:21', NULL),
(560, 494, '$2y$10$DCoHonLIXxHzJYeCEZMxl.ShhS6bJHdpDftuRSEQ3b6lImsOa.OJ.', '2023-02-07 17:07:23', '2023-02-07 17:07:23', NULL),
(561, 495, '$2y$10$EEH7wX48XLyQHMt/liwXkOlMooHQXCRDYL1K6HR2TtWhKMq52lMty', '2023-02-09 00:10:20', '2023-02-09 00:10:20', NULL),
(562, 495, '$2y$10$c.rNFTlEI7rBl89Tc9QCN.euAogE1yiFwRoEiUmygv70Xy1jlw0.6', '2023-02-09 00:13:28', '2023-02-09 00:13:28', NULL),
(563, 495, '$2y$10$R6lfS8/rmyNE0ubk07TWWumQ4Smwyf1UMItz8R4K5763WrW6hjqJC', '2023-02-09 00:14:11', '2023-02-09 00:14:11', NULL),
(564, 495, '$2y$10$dHI9CpVE61SnGGXigwnPAeVxs2.8dGrtKWGWgj15tKsGWnkslaz9q', '2023-02-09 00:15:10', '2023-02-09 00:15:10', NULL),
(565, 495, '$2y$10$FVF4x/iG/oldgVqKszWyremM6Q8l5pU.HnYpnFb26J1eCNYoLrTBW', '2023-02-09 00:16:20', '2023-02-09 00:16:20', NULL),
(566, 496, '$2y$10$K3evwC5Vn9wryqOhJvAx0ePW5opR2s9CFhkyQ3mUWXZQSJJv3Rscq', '2023-02-09 06:40:36', '2023-02-09 06:40:36', NULL),
(567, 497, '$2y$10$CSGtKFgwmVUTnTUE2XmMVu9M4dKAQj/i/lPYpwN4LrTLBzUkUE6iG', '2023-02-09 10:21:44', '2023-02-09 10:21:44', NULL),
(568, 497, '$2y$10$jTVAaJyfWkX6FIYi82ecJ.m2dZ70lwtLCo31UXPb/4KYygFRIAqN6', '2023-02-09 10:24:39', '2023-02-09 10:24:39', NULL),
(569, 498, '$2y$10$V0f3K6r8PPmmk6TAJUVwl.JhjD7Wcm7Ay0yoJZmBl2eTO/uLPTtaq', '2023-02-09 11:28:13', '2023-02-09 11:28:13', NULL),
(570, 498, '$2y$10$L3xmyM/PrKvtRFyjqEWXKummjQpZ/FT5/EIIEHbEeDtdQSr8.f7tG', '2023-02-09 11:29:14', '2023-02-09 11:29:14', NULL),
(571, 499, '$2y$10$hPcnSqxqdh14oMOi6uAzCuAqs97annhx0EOWsF/epg/la6NqC9wWO', '2023-02-09 16:27:54', '2023-02-09 16:27:54', NULL),
(572, 499, '$2y$10$1yd61qowhykBFlcPDS1mRe7Bi4/HKeP5viDnhhGceuT2TpR.AyLQW', '2023-02-09 16:30:31', '2023-02-09 16:30:31', NULL),
(573, 500, '$2y$10$9ZZssqnfAzR9kjAs6TtVi.pw7TbjovMN4PL39FKGW0hGawF5cZ4Pe', '2023-02-10 09:06:49', '2023-02-10 09:06:49', NULL),
(574, 501, '$2y$10$xeY/LU9bRWKCI0mml97d7e3qTkCi7Yj74BU.MhX0AclQU8nAtoSFS', '2023-02-11 22:27:14', '2023-02-11 22:27:14', NULL),
(575, 502, '$2y$10$gCMK.t/KLf4d5OSxTh1HWOz2C3SK5F9I.pJFxHi/DGQF1gLFMg7O2', '2023-02-12 09:43:26', '2023-02-12 09:43:26', NULL),
(576, 502, '$2y$10$nGLm1bzTv8mbCdHO5qMa/eJoPJ9A1FGZ.xpH/10u2TB/o63Tc3ZoG', '2023-02-12 09:45:22', '2023-02-12 09:45:22', NULL),
(577, 503, '$2y$10$Pqq6NRNoChyegsDnfcMRWu9QmWA3SqrsTiQ1gL5v7ZwzxuG/xECpq', '2023-02-12 13:27:36', '2023-02-12 13:27:36', NULL),
(578, 503, '$2y$10$mtN/fJmlCRPJiXOGHQxyaedyu8fRcnWCySXF9V6zK3A9fCZ18Abnm', '2023-02-12 13:28:45', '2023-02-12 13:28:45', NULL),
(579, 504, '$2y$10$gWRC0st5poX9zI8zIZCXuuai7Rk9Zkbvk14rq8Vsjk8S9BFn.WpoC', '2023-02-12 15:13:49', '2023-02-12 15:13:49', NULL),
(580, 504, '$2y$10$WQ0jQS3j.6cpIN9mUnaQnelsywsR53mb4jAeURcYVQdV0Od8KbM2m', '2023-02-12 15:15:57', '2023-02-12 15:15:57', NULL),
(581, 504, '$2y$10$TFYcZ/bTWKgmppNe6EX6deiWaz4bfdVTW53ePKJS2Aq/oIctxa0.C', '2023-02-12 15:17:27', '2023-02-12 15:17:27', NULL),
(582, 504, '$2y$10$TL/ruJ9.qeTGIx2ZEwzQmew5ww/M15IHDYGH6ewQQBDC4wdJDXrsS', '2023-02-12 15:17:40', '2023-02-12 15:17:40', NULL),
(583, 504, '$2y$10$cJQpCzQiQaSa7J4NVRg/delTzN/Jn/aZisKX8p3Jb4N9zbn0Cz27a', '2023-02-12 15:18:21', '2023-02-12 15:18:21', NULL),
(584, 505, '$2y$10$hL8Z53zkQQeMR34HXM/rYuKayVQBMx6iAO1zgRk9YUJwl9HQiYu7K', '2023-02-13 17:41:32', '2023-02-13 17:41:32', NULL),
(585, 506, '$2y$10$t7TOHDNi2TiYaEzEfe2YB.18an9H3twi3aAvse8ALqSe1BECOlnK6', '2023-02-13 17:42:49', '2023-02-13 17:42:49', NULL),
(586, 507, '$2y$10$D8OHORugQFRbKdH49CKLpe37PmJMtsrY.gF2PEmg.9VTD3yPSlvIm', '2023-02-13 22:57:43', '2023-02-13 22:57:43', NULL),
(587, 508, '$2y$10$dyLCnoCl7US.XuO0a8./cuyR3CwempdG7BMia8S9U9kLII.n7EWyq', '2023-02-14 22:23:06', '2023-02-14 22:23:06', NULL),
(588, 508, '$2y$10$A77hWd7qMDaFNfH10arZx.PWnGm3lcVPlQlLJdbZsODOGW5soVVta', '2023-02-14 22:24:46', '2023-02-14 22:24:46', NULL),
(589, 509, '$2y$10$rBwOHVglURiIzrAEqtxxXu5bfvh518I4F0jkPkjoOBzq9tVtKZdYS', '2023-02-15 06:26:27', '2023-02-15 06:26:27', NULL),
(590, 509, '$2y$10$QPRiPYoYWdb20cp5C8oFV.y5z1m4b7ZPBcQ2dL3R34YC.65sKRFDO', '2023-02-15 06:28:05', '2023-02-15 06:28:05', NULL),
(591, 509, '$2y$10$wmF28T6ctchL.WF/rGgE1OfDYBJ2ejMJtUHlYTokjqfB24iUJs2AK', '2023-02-15 06:28:32', '2023-02-15 06:28:32', NULL),
(592, 509, '$2y$10$29stl7oOIs70zZSJVsrQGOnVOypqRPyFUFpoAuBj44.PBLKvDv.sa', '2023-02-15 06:28:44', '2023-02-15 06:28:44', NULL),
(593, 509, '$2y$10$.mJb3yMNtR1zedPWw5Eha.19L4V2C4c4tE8DCbLgOHNCeyxkN4.YS', '2023-02-15 06:29:28', '2023-02-15 06:29:28', NULL),
(594, 510, '$2y$10$gVkYgYBkyuVcox45V./GaOhCnwDN/Hcwk53hAuygMUANHHIcu4.PW', '2023-02-15 09:18:38', '2023-02-15 09:18:38', NULL),
(595, 511, '$2y$10$oiX5GSSzkrLcxA2yFQJEJ.HhcxiF9EPvK1kyy913WCkYQ8Cx8S0qy', '2023-02-15 13:20:28', '2023-02-15 13:20:28', NULL),
(596, 512, '$2y$10$n4DcSyFQpIJ12cjKvUFZAeH1DVqARTP/o87vYa32YvCF1IYcMWwsu', '2023-02-15 14:05:59', '2023-02-15 14:05:59', NULL),
(597, 513, '$2y$10$w75kz9bFnvyaYay3reSP9OvywK1VSStn1.VfZm9rSTO4sQ2DF4va2', '2023-02-15 18:12:03', '2023-02-15 18:12:03', NULL),
(598, 513, '$2y$10$oPI1dLbvY89DxBFHBdu/LOQQ.RICDsV1za.wAezjt7.RcHJ3ndf5q', '2023-02-15 18:16:11', '2023-02-15 18:16:11', NULL),
(599, 513, '$2y$10$MX1RWTgDllD/4r0HzW52U.x.CxHYXfhu/zAm9dqR4BFkVsmgKxbs.', '2023-02-15 18:17:52', '2023-02-15 18:17:52', NULL),
(600, 513, '$2y$10$JLtlsShS0LrLi5s1zQT.Weexgev7Cuw9jSPwpnRNhYfMJ.wYZlvri', '2023-02-15 18:20:11', '2023-02-15 18:20:11', NULL),
(601, 513, '$2y$10$cju/suqU7dM.oW7cXt22keX.9kv7rGzHmeY6.WsSoYgXVOJst8KgK', '2023-02-15 18:20:21', '2023-02-15 18:20:21', NULL),
(602, 513, '$2y$10$T4pMoX6OO9JJarCZBQ4NreI1mGt4vZm6/vjcta4JpSRQuwpLhJS3O', '2023-02-15 18:22:10', '2023-02-15 18:22:10', NULL),
(603, 514, '$2y$10$XIEhkf1jCVkV48bBv5KIs.sroEUUu73oHcAeUU39AH3JI19J9Opa2', '2023-02-15 20:27:55', '2023-02-15 20:27:55', NULL),
(604, 515, '$2y$10$363OFpVY.WQH5xgDBH7O1u3NSrhnKtH9aZNOuGyXe8x8uIEYWHSU6', '2023-02-15 21:37:03', '2023-02-15 21:37:03', NULL),
(605, 516, '$2y$10$2TrwIV9csfKqQ.9uIoNDBeOiL8J8RjSMS61rIEwfl6NHXvTIw3Tdy', '2023-02-15 21:38:43', '2023-02-15 21:38:43', NULL),
(606, 517, '$2y$10$KyqZzT1nrsdLkLeZWGsrCuub4wJxNC7daLuwncj9u810C05I3B4Vm', '2023-02-16 11:48:24', '2023-02-16 11:48:24', NULL),
(607, 518, '$2y$10$LEOqeBC4zbBobIFQvA12C.5Ii8TRjPnT97CxQCDHCkNZgp.ibStqO', '2023-02-16 12:02:33', '2023-02-16 12:02:33', NULL),
(608, 519, '$2y$10$dZalXHSaGLH5tpSWTtgnbeItAXGZsXtGS0YVjhvBvC4CikzpZI66q', '2023-02-17 12:39:28', '2023-02-17 12:39:28', NULL),
(609, 520, '$2y$10$zn4bGqZSzo7mh2ZZCKWTqOlnhflrL1rq6mHZPuo5Ktm1M59FbfAT.', '2023-02-18 03:23:58', '2023-02-18 03:23:58', NULL),
(610, 520, '$2y$10$wGXxM95841bDmoJYfNpLnuPFvfTc7xuax2cMsr8cM6kN1xE3N1gzu', '2023-02-18 03:24:22', '2023-02-18 03:24:22', NULL),
(611, 520, '$2y$10$36nqv7WNtNMdQ0SLFeWU7eEFN2XWoTOvgpyVQobsfI2Z8Ki/3o7ja', '2023-02-18 03:28:54', '2023-02-18 03:28:54', NULL),
(612, 521, '$2y$10$OvHeBIvhDknMMxTtQ0LTaePbeWtik1bI.uLJI0M3Qy7YhFlqQiRXO', '2023-02-18 07:28:48', '2023-02-18 07:28:48', NULL),
(613, 521, '$2y$10$5c7JJyG/M.nRVc./E4qTE.b2kKOZEz6JvlLr9GhQlxLMlmIDFAw5q', '2023-02-18 07:31:47', '2023-02-18 07:31:47', NULL),
(614, 521, '$2y$10$0DQEu9C4WmUz5YPkKIpYku/hcAn06ZJ1uxZ18c1wUSDRLzU03mnlK', '2023-02-18 07:34:01', '2023-02-18 07:34:01', NULL),
(615, 520, '$2y$10$rm92xc/8in3SnobyL9qp6e42SgjtxtTCnaT/PaoefEeeuRgre/V4y', '2023-02-18 12:27:29', '2023-02-18 12:27:29', NULL),
(616, 522, '$2y$10$FuxyM2yJeToYYTYNSnlvreRnc9rtye1iih/hBOPvAN6FxA9/iZ3Du', '2023-02-18 12:59:43', '2023-02-18 12:59:43', NULL),
(617, 523, '$2y$10$6ouZRscgGWSl40s4pjf8YOFB.n9MPIqBlggvUXo2KISnYzKyptt2a', '2023-02-18 16:05:47', '2023-02-18 16:05:47', NULL),
(618, 524, '$2y$10$I6pDSGEu6oW0W33Rh4zD9O.Ts3kSV/ulupo4qpjFtaKCVGqNw4xtG', '2023-02-18 19:27:52', '2023-02-18 19:27:52', NULL),
(619, 524, '$2y$10$ZG1FrUyCBCtdWtmBCWezP.714si12rLQSytlA.NJzePIynWROUaYy', '2023-02-18 19:28:58', '2023-02-18 19:28:58', NULL),
(620, 524, '$2y$10$3j65cBwO..tWX8YdQO5Jx.4pNmuA.H4tpV/EnEkCkV.EM0hJ.kume', '2023-02-18 19:33:48', '2023-02-18 19:33:48', NULL),
(621, 524, '$2y$10$Va.oX8zSp/pqF3frMAvn7O9ulNqL6fGSnIE3vA3iYLGAZsNpeCp0S', '2023-02-18 19:33:56', '2023-02-18 19:33:56', NULL),
(622, 524, '$2y$10$6XAlEvfrPN2fmAllrgQX.encUON5zMHyIbQ0.TFkL7hphmpLrSvfS', '2023-02-18 19:36:05', '2023-02-18 19:36:05', NULL),
(623, 524, '$2y$10$wEMl4J58/BPzOKkx0PS39ObRrKzj0SLwK1ukkDIwmgfbFhWC2UVsm', '2023-02-18 19:36:11', '2023-02-18 19:36:11', NULL),
(624, 524, '$2y$10$KHIJ74ZVtr9zgPg5BMZFoOK3mgt1SOABVJztr61.yBp3iXwlFlJdm', '2023-02-18 19:37:43', '2023-02-18 19:37:43', NULL),
(625, 524, '$2y$10$G3boj2L4CozkGhB7lKceu.QVzKXbKeymJyXiQdb.kg0KNyWIN9Kki', '2023-02-18 19:38:42', '2023-02-18 19:38:42', NULL),
(626, 524, '$2y$10$BCqZ27mufYNXiJXBDcRlNumVwLeVLnfOc8HGHw77HGFDTb4Ismfcq', '2023-02-18 19:45:21', '2023-02-18 19:45:21', NULL),
(627, 524, '$2y$10$dV1cV4ZC9pQxv0zE6v4WNOjMkB51IDrt0jRkxXE6.j9pTTpYw2UKS', '2023-02-18 19:45:28', '2023-02-18 19:45:28', NULL),
(628, 524, '$2y$10$JyEOPEvSeCO3/x327Qm3subYw6Q5zAQGBEX.CVDEfOBtOsMEJzpx2', '2023-02-18 19:45:53', '2023-02-18 19:45:53', NULL),
(629, 524, '$2y$10$9lZkuSLVRGIeZqY9zjBOf.x0wuGFrcwQnbyWTVRAsXtw.8KrMxOW.', '2023-02-18 19:46:16', '2023-02-18 19:46:16', NULL),
(630, 524, '$2y$10$pB3z7YLvxK4Qdt5.1bUxluta8Hqvf44ujY7FqiNMeTzEdM7ckN8BO', '2023-02-18 19:46:41', '2023-02-18 19:46:41', NULL),
(631, 524, '$2y$10$iuWZ.CFi8nJM7.7NoaX.mezGsyAuorLocw/MJa1jGhuoRIc3PtTrq', '2023-02-18 19:46:55', '2023-02-18 19:46:55', NULL),
(632, 524, '$2y$10$oF0XKRpA2yyMr1v2vbkrI.Xq22.Pp/R/tzQjSc2sk1tCWFLheqUau', '2023-02-18 19:47:44', '2023-02-18 19:47:44', NULL),
(633, 524, '$2y$10$KhN8Q1mOcbwdu3pg.R0/qu7LmikMwBNLz0B7R3Bkpz6e1kKolkFc.', '2023-02-18 19:49:57', '2023-02-18 19:49:57', NULL),
(634, 524, '$2y$10$AuH.jv6ZhUVfOzwGiwWgr.3IFB3FWElUGXlMoUeUHS6OEpyadmRJu', '2023-02-18 19:50:53', '2023-02-18 19:50:53', NULL),
(635, 525, '$2y$10$/A1AimAnCpq80vB8oPZbXutYFDYwm5nMaMignRdw9Q.iImN4F2Oiy', '2023-02-19 11:27:55', '2023-02-19 11:27:55', NULL),
(636, 526, '$2y$10$OSpDU7Bmhv6liZSw6KXmfeZPdlgAtnpZedCo3akfjYREjGfksJvYy', '2023-02-19 12:17:12', '2023-02-19 12:17:12', NULL),
(637, 526, '$2y$10$6cQCY/DatAXg5RqlFfes0eSNUldVu0I.Sm3a6F9U0VXmXDj466lZK', '2023-02-19 12:18:59', '2023-02-19 12:18:59', NULL),
(638, 527, '$2y$10$QCnYa4ARzWTWoi6ei6tdtO65JeiM5DrPfB..D51f18YqXYfAi7s1C', '2023-02-19 13:18:43', '2023-02-19 13:18:43', NULL),
(639, 527, '$2y$10$uGClS5yU68SkU/UVuHstzejCLfHPMCQi37/0S7QY0Thvzd.Iz7FeS', '2023-02-19 13:19:23', '2023-02-19 13:19:23', NULL),
(640, 527, '$2y$10$5kzepuTB9whiPzH7sohZEOI5al359/WF2b2G4IUfc9z3ARItHrTiO', '2023-02-19 13:19:49', '2023-02-19 13:19:49', NULL),
(641, 527, '$2y$10$C9IPW48vr/NYW/YljcFpwu3YmjB3yB1abmA7281wZMeM6DOsSqY/W', '2023-02-19 13:19:59', '2023-02-19 13:19:59', NULL),
(642, 528, '$2y$10$Cctysgatj1ye0Ok0k3mQee3qGvcOfaeoZ1rHz.Gkhc9VSl61xTo26', '2023-02-19 16:18:29', '2023-02-19 16:18:29', NULL),
(643, 528, '$2y$10$r8IqhvcFeNnh331czra0ieycfOSjLC.Vu.7UfRpUX5dblew7/GSwO', '2023-02-19 16:19:22', '2023-02-19 16:19:22', NULL),
(644, 528, '$2y$10$jebUJVd2WV2fu6zU5KwbTO2Q16eIVgOSzHHYa/cagm/CQ8PAKk7ca', '2023-02-19 16:20:49', '2023-02-19 16:20:49', NULL),
(645, 528, '$2y$10$WTd4aEGb3VSgNe/j4Ov/Zu6zTP6TGyqgKCbvTTgPkoBYA38AgYtqy', '2023-02-19 16:22:38', '2023-02-19 16:22:38', NULL),
(646, 528, '$2y$10$iwNqi4189HQeoE6kVZQsIOz6mgSgsKGjTuggEXcr.JCpFtDaJzu6u', '2023-02-19 16:22:44', '2023-02-19 16:22:44', NULL),
(647, 528, '$2y$10$RQoU5N5/GT0MGMaVbI17K.rdMK/beobGZDvXPoXZ81Slta75xNNw.', '2023-02-19 16:22:56', '2023-02-19 16:22:56', NULL),
(648, 528, '$2y$10$X.OpXorPBMyke5gJOV2RP.1ho/zZ7fTNDEUXfxbd7dCmxFVHJZ8C6', '2023-02-19 16:23:08', '2023-02-19 16:23:08', NULL),
(649, 528, '$2y$10$vjalFI7zQK7JjGnvF3BwAORTcbk.zX6r16MLGHQhW7ki3fM97PMrS', '2023-02-19 16:24:37', '2023-02-19 16:24:37', NULL),
(650, 529, '$2y$10$LrUyewwXm/pwc.mVEYuW..LJ39Wtb11kbM14E.Ov1Y3QzBFU1kZhm', '2023-02-19 16:41:50', '2023-02-19 16:41:50', NULL),
(651, 530, '$2y$10$Gr7d3JYJUr.gKvSd8AeLLejm3GQx2v6f5YB7kGArBLudqXH/Mnssa', '2023-02-20 00:37:03', '2023-02-20 00:37:03', NULL),
(652, 531, '$2y$10$7mbQmggUAiI3MIUUqHKYIOiMQgSlXjN/RtMb30R35ouquXVhHtn5G', '2023-02-20 10:32:59', '2023-02-20 10:32:59', NULL),
(653, 532, '$2y$10$1Zp.Y7vjxYWOXTRfA94hOuq/PqFSbHjwJJg2ItbbWN20OI8zT8m7C', '2023-02-20 10:35:12', '2023-02-20 10:35:12', NULL),
(654, 533, '$2y$10$tEhgXqwGbWvNTTqqyI2qjeVVchYLO5oBi7YTeMfRnFTawr4hMgVHK', '2023-02-20 17:06:55', '2023-02-20 17:06:55', NULL),
(655, 533, '$2y$10$chpGH13f3rUFkSu8x4.yJ.NEuRXISEisywb9G4QSnHy7IV5JLsyYO', '2023-02-20 17:08:29', '2023-02-20 17:08:29', NULL),
(656, 534, '$2y$10$tYwKzZ7A03qmbcQqWw54yurE88RgsJcFhe9c3kMjBudS7iQkpbNDu', '2023-02-20 22:06:16', '2023-02-20 22:06:16', NULL),
(657, 535, '$2y$10$KakQAf9GH3PIqoJ6gk9iMuAwfQmmIt7tdyMHBmCH03iL253D59xy6', '2023-02-21 00:51:24', '2023-02-21 00:51:24', NULL),
(658, 536, '$2y$10$TEzVqx0iDrmSVxVspvVW4uDP9L9a0KAApxkuvVVaru1tJv3DEIT9O', '2023-02-21 03:11:52', '2023-02-21 03:11:52', NULL),
(659, 537, '$2y$10$iDteGId8BIz1Y5gZwoEgI.zEvcYevVMCL5KiQc6PbVxfe2.oP07Iy', '2023-02-21 05:17:41', '2023-02-21 05:17:41', NULL),
(660, 537, '$2y$10$63qZ1LJ7lBWcqpGOP5JTOOhooNcJJ6s2RrNZjVaKW10TSZUACJejm', '2023-02-21 05:18:12', '2023-02-21 05:18:12', NULL),
(661, 537, '$2y$10$zbm62NUnecCoJI77VeJ.4u8d059o/hL514FW7s37h5u1yQkDtYhJu', '2023-02-21 05:19:38', '2023-02-21 05:19:38', NULL),
(662, 537, '$2y$10$n.ExVq6D0KQXW9s.zTZchud9CVV9YHgpLOWwprL5N1U8APGamLRku', '2023-02-21 05:19:39', '2023-02-21 05:19:39', NULL),
(663, 537, '$2y$10$pY1/9Gl/Ui4o1wEHZitG2OVrCkcCzmEPXA4mUMCo0nvWpVRR7hMia', '2023-02-21 05:20:12', '2023-02-21 05:20:12', NULL),
(664, 537, '$2y$10$hDVD4r447tBACuoJvxRWn.v4qLPMaVnLuCTey9G44LjfgxZXEHQhG', '2023-02-21 05:22:41', '2023-02-21 05:22:41', NULL),
(665, 538, '$2y$10$jH9JgnttRfYkBI4BBlTCreGp0LE4UR0WETsKCq18g53mwTGjGNPu6', '2023-02-22 05:06:44', '2023-02-22 05:06:44', NULL),
(666, 539, '$2y$10$sYLl34RfYWX9ii7Gqil/KuM21b1N56tOvXVOD6cZ1bGJuH21gcpb.', '2023-02-22 05:43:24', '2023-02-22 05:43:24', NULL),
(667, 540, '$2y$10$3Kgy9My6CBBsnqZ92e92MOwK4C//S6WNSYuPYgORb5ODB749HoCq.', '2023-02-22 21:08:52', '2023-02-22 21:08:52', NULL),
(668, 540, '$2y$10$FAQo6qxmWdg/MJL37IzoIeV6t7f9XS70FEwM1sJMQhqnhrrQspkQK', '2023-02-22 21:12:51', '2023-02-22 21:12:51', NULL),
(669, 541, '$2y$10$I2TuUumF1ccS8yqbuJgm8u1AqBD.oON70IjbAyd.ArKk8fv/Yko.u', '2023-02-23 08:06:30', '2023-02-23 08:06:30', NULL),
(670, 542, '$2y$10$XncyuLY2/1fcsnaPSOa6fOG7rnbETDsYqPxZcjUCXXSgnnUvTUmji', '2023-02-23 08:12:11', '2023-02-23 08:12:11', NULL),
(671, 542, '$2y$10$lXI7h5RuIO/25ByUN5VguuMwBnRLnMeLWnerK6cXuThn2zUmzaOsC', '2023-02-23 08:16:31', '2023-02-23 08:16:31', NULL),
(672, 542, '$2y$10$oqavQaflu2t/f/UjGsMIzuRXSjgFggil2PPPAYXmUDTKTq2954aVG', '2023-02-23 08:17:17', '2023-02-23 08:17:17', NULL),
(673, 542, '$2y$10$n9ol444ELF8bZBQc0M0qMuTvsJ04LG/gBoC.bAlxxqJFGsZYYZst6', '2023-02-23 08:17:40', '2023-02-23 08:17:40', NULL),
(674, 542, '$2y$10$fGKVrWmMaI8EzFDe./zJ1.CruYciboSSCYUTflxaUPXxrwPkxJGwy', '2023-02-23 08:19:40', '2023-02-23 08:19:40', NULL),
(675, 542, '$2y$10$IySOjjdIwOXD81Rherttj.6up5sy/hn/OwZqnLMcag91pgtIaq4WW', '2023-02-23 08:20:03', '2023-02-23 08:20:03', NULL),
(676, 542, '$2y$10$65WIDkp4zlzzlw6XTFEGHOSAHkz.xHpyOnPyOecguQL6.5RHhikpS', '2023-02-23 08:21:20', '2023-02-23 08:21:20', NULL),
(677, 542, '$2y$10$qrGiUDBkHnHlIgvD28UPJO1MFwTqrUkAWxzRSKJiLD6JW301r5v5e', '2023-02-23 08:21:56', '2023-02-23 08:21:56', NULL),
(678, 542, '$2y$10$RMr28Y79h5qBzxvP6ZM6XOFW8oYoBUyxr664/eJe7uOyd2WDE4Wr2', '2023-02-23 08:22:10', '2023-02-23 08:22:10', NULL),
(679, 542, '$2y$10$kZzdYMK9henCEehZL8D71.v8hQsriNwEToNlYDOLjyx0uWkUw.yoa', '2023-02-23 08:22:32', '2023-02-23 08:22:32', NULL),
(680, 542, '$2y$10$wf/QElxHu9.0RGjwuJkXoutEFiLnOJsLlfYjqjQJe9X1ForybZp12', '2023-02-23 08:23:54', '2023-02-23 08:23:54', NULL),
(681, 543, '$2y$10$VcuRsouwa.XN6WgVx1Ob6OBIdex6BqAy3rYk61aEZE9YafwJGnsvi', '2023-02-23 17:42:42', '2023-02-23 17:42:42', NULL),
(682, 544, '$2y$10$4fYE9Z0vw2mkPvMA2yQMg.qoCMSA/gGyIsByfEVaT4VX4Q9WJDDnm', '2023-02-24 14:48:36', '2023-02-24 14:48:36', NULL),
(683, 544, '$2y$10$5FQp9lGFAqiV3DFUu7e71O2h2eFHvCYIT2wAtmLsnu2cP6xwmRrGq', '2023-02-24 14:50:54', '2023-02-24 14:50:54', NULL),
(684, 545, '$2y$10$tn5jlfqHqR7pJXz6pSLRKuOlJ4B0gLcwUFSBhmcbNhqMdjdTdX5We', '2023-02-24 14:57:25', '2023-02-24 14:57:25', NULL),
(685, 546, '$2y$10$PbUN4/ejYYHOdYxQohg6wu8SPokWbkm9PPVUMTQHIA6GZyAMl6yiK', '2023-02-25 05:48:47', '2023-02-25 05:48:47', NULL),
(686, 547, '$2y$10$TQEVEyGZhd.kKk0fnpFN.eWo8Wyw3b5a13135WEkO6rcjy7D1jgYu', '2023-02-26 03:34:04', '2023-02-26 03:34:04', NULL),
(687, 548, '$2y$10$c4SzHGGOWoTDza29Ohms3OFUdIyduEu4qJKJahB3KNlI3wFRLmZtC', '2023-02-26 07:18:50', '2023-02-26 07:18:50', NULL),
(688, 548, '$2y$10$8/9bQPdKp7SxCX5GkwzCguTUJDNQr02OaQA48YepCDqCdIMQWe20y', '2023-02-26 07:19:30', '2023-02-26 07:19:30', NULL),
(689, 548, '$2y$10$g7GGcIovwD17WMZBgKLMteW2mr4KTkTPK2Qd8mKi1gm/4DjejXPLi', '2023-02-26 07:19:58', '2023-02-26 07:19:58', NULL),
(690, 549, '$2y$10$aW/zMn5hP6MPSGX.5nLPq.dqljZGdVF0.kwRhKXBlX1wva4amz3zq', '2023-02-26 08:20:59', '2023-02-26 08:20:59', NULL),
(691, 550, '$2y$10$g3aouZ9gqqep0tCkrZ9EceR5H6ARjy0SfZxoSU9yFEnOrOllM6YJC', '2023-02-26 16:07:26', '2023-02-26 16:07:26', NULL),
(692, 550, '$2y$10$HkkyNCZWXjE19xU0r8BYFelNZf.DIlXGwTrFrjLM.TZhDqJQcpBje', '2023-02-26 16:08:30', '2023-02-26 16:08:30', NULL),
(693, 550, '$2y$10$aUHgnDYTgYQGP3GW8ROc9OjVrstjZmxhhailN/mvEs3IYNmBQU99S', '2023-02-26 16:12:06', '2023-02-26 16:12:06', NULL),
(694, 551, '$2y$10$MQJbeWZR5gcxNkNVVdafzOI4XPsaB5xWQAfdU6cNkHTNN81h3zg2a', '2023-02-26 17:10:56', '2023-02-26 17:10:56', NULL),
(695, 551, '$2y$10$peasKjkuTvtCo0D8Hh4SleR0FkQ7yRstzvGB/PweIHJP8gyI4vUpW', '2023-02-26 17:12:08', '2023-02-26 17:12:08', NULL),
(696, 552, '$2y$10$6RJO2B8gfr08Ct5e9MUbseUeKkVvwAc/elgq.MB1JHS.walI2fxgm', '2023-02-26 17:46:05', '2023-02-26 17:46:05', NULL),
(697, 553, '$2y$10$J5vf64EDIbRSMqi0gjnyzO9aChWKIGVKjmezkaanMtduiNriUNjnK', '2023-02-26 19:25:38', '2023-02-26 19:25:38', NULL),
(698, 554, '$2y$10$ztkOuEln9/NAuU7KvrvnuebP5aD1CAgoWf4tJ7l/YIhhmCm1qSde.', '2023-02-27 01:23:54', '2023-02-27 01:23:54', NULL),
(699, 555, '$2y$10$GBto5mV2kiI4uVssptjePO4CT1qbtmB5fIElxC2Wn7ziCrx5b9tpS', '2023-02-28 00:06:46', '2023-02-28 00:06:46', NULL),
(700, 555, '$2y$10$31pxk.hAU6jzifP4S1Yc4O6Z0i0SgfGAy1yxs7QT3Jcb.WTe73K8K', '2023-02-28 00:09:03', '2023-02-28 00:09:03', NULL),
(701, 556, '$2y$10$oNcA8FtGZNv8ArI8i4PGDuPljvBFYnYYTG8Y/s91d47kCZe1RXJsa', '2023-02-28 20:26:14', '2023-02-28 20:26:14', NULL),
(702, 556, '$2y$10$p2SsWmYQ7PgsT1gsjhImAebEg1bA7I.zXvKv6ea6x5PnSayciq9JK', '2023-02-28 20:27:39', '2023-02-28 20:27:39', NULL),
(703, 556, '$2y$10$CoSQjFu6PGj9HTUO8nW1T.7m96AKPQ1gaQcIzjqVBg5edoouQfGKa', '2023-02-28 20:44:15', '2023-02-28 20:44:15', NULL),
(704, 556, '$2y$10$vr4795RWM6dtV6t1v99dKOQ7M3cAee7jVTVZUKYjXEQoM8UU/Aqpq', '2023-02-28 20:44:49', '2023-02-28 20:44:49', NULL),
(705, 556, '$2y$10$IiH2Y58rpV8sU8IE2M813.kdkyy0e7hkt5aINsCmBi5tHQjwSXwnS', '2023-02-28 20:48:20', '2023-02-28 20:48:20', NULL),
(706, 557, '$2y$10$3JR1rJvDsFwlyT2/1c4.UeW2U9VLCN5STpOH0wouV.U3v1lQaKihu', '2023-02-28 22:45:43', '2023-02-28 22:45:43', NULL),
(707, 558, '$2y$10$/.jE3tIUZPUHLYsd.bBPtey3.etk0UUw6CRaEgrlvmUGzJ0ao/M/6', '2023-03-02 06:59:47', '2023-03-02 06:59:47', NULL),
(708, 558, '$2y$10$1wyX.Ux6RJaAX/./AC2xd.du0jaaj95U8ToBU8.Pt0rUEzb4dO/H.', '2023-03-02 07:08:30', '2023-03-02 07:08:30', NULL),
(709, 559, '$2y$10$mnj4wjU3hwk/jKlOyfElwumpcWTsr3eT9KhvpobMDlhOWuftS0ilm', '2023-03-03 02:49:38', '2023-03-03 02:49:38', NULL),
(710, 560, '$2y$10$zb5aK5JITmt8nSWaJNYMQOoImTUQiYre.ksBCO8sLRTObe0SE3TPK', '2023-03-03 07:56:03', '2023-03-03 07:56:03', NULL),
(711, 561, '$2y$10$J7T7UneBIj/70AJVwqT2/.EL/h9vffyenPVFDrmH9anS7xmyPmzru', '2023-03-03 09:40:45', '2023-03-03 09:40:45', NULL),
(712, 561, '$2y$10$nbOuLDI5DNgNdwhQV0el6uVUV2k0W2c37xGxAJytKtf538P2bjXqu', '2023-03-03 09:43:33', '2023-03-03 09:43:33', NULL),
(713, 562, '$2y$10$FM8mwt0kRX3iTEe5wIua7.PBPF1MDWyh4Q0QjztWqOWyP7.MjJmmy', '2023-03-03 22:13:42', '2023-03-03 22:13:42', NULL),
(714, 562, '$2y$10$KVphJ2TOlMpZpld6zifuO.eV/84Bs8pn3BYF/BPv/gD5VNkOd923C', '2023-03-03 22:15:20', '2023-03-03 22:15:20', NULL),
(715, 563, '$2y$10$FpBk7CY9JOrwriH5d5g1DuzB5y.e6GwkwRprWPCQ/lZxvuyxN8gDG', '2023-03-04 13:00:45', '2023-03-04 13:00:45', NULL),
(716, 564, '$2y$10$EEO1vqFOlXSracl8OocLoeFMdB6rMphB1FmKXo/jBjJJxXKr3XqTa', '2023-03-04 16:05:05', '2023-03-04 16:05:05', NULL),
(717, 565, '$2y$10$93231rFP6/BrMHbohn.LheNbrJAYAn0v9l60sa2zs7oZDWh9erBJu', '2023-03-04 17:47:34', '2023-03-04 17:47:34', NULL),
(718, 566, '$2y$10$ZW6Wj90Jg4UExAAZxo9Ty.rzlxFxlOFUSkO1.2lgIUf0olPOEwUhy', '2023-03-04 19:22:31', '2023-03-04 19:22:31', NULL),
(719, 567, '$2y$10$xFKuNhKWO2vnQ3Detvrleecbndlui6.GZ282xOYEzdyDMBYG7CjFe', '2023-03-05 03:54:06', '2023-03-05 03:54:06', NULL),
(720, 568, '$2y$10$nWuUCoahmEbhCEolq4dBHu4l/f4.VkqoSuN6rtodBdJ6aqbIp9cSu', '2023-03-05 03:56:38', '2023-03-05 03:56:38', NULL),
(721, 568, '$2y$10$NmvGHN0LQBVSs7VLuUSolu4gs7HEmWc.TwOmU0Kz/K.9mDLDwbHma', '2023-03-05 03:57:31', '2023-03-05 03:57:31', NULL),
(722, 568, '$2y$10$B6.lbV0ldx1SKvZeLFoBQ.rPJhTCPk0rWnBYy4M.CV2suI1i72oOi', '2023-03-05 03:58:28', '2023-03-05 03:58:28', NULL),
(723, 569, '$2y$10$0TfTEQb43fGbpNsJyQFGFOdxhSY5KnbG6Cmb8/iMq.6I0QIeskjYa', '2023-03-05 12:15:35', '2023-03-05 12:15:35', NULL),
(724, 569, '$2y$10$PA/JNbzTQUTFnG5V4XyPf.H3OfqBMN1NjOQRcZARErF32btl3SeDS', '2023-03-05 12:16:13', '2023-03-05 12:16:13', NULL),
(725, 569, '$2y$10$BR4uYkF.0xS6XFVg2fCDq.bC056kNvKYWe8rT1KF/1KINkXVToYXC', '2023-03-05 12:34:03', '2023-03-05 12:34:03', NULL),
(726, 569, '$2y$10$jmKZpFAyoSToowi08Vuqp.BffsAS/xWQE5bY38IhWO6HyEVYt5zYu', '2023-03-05 12:34:50', '2023-03-05 12:34:50', NULL),
(727, 569, '$2y$10$T1M0dvzVgRHXPYlY1hw1j.75LwI3sfZh9dxV9HZctRfrMmJzRmaPe', '2023-03-05 12:35:02', '2023-03-05 12:35:02', NULL),
(728, 570, '$2y$10$LOeVP0xxK3k3gl3/SfxF0OquZiIGM1Fue0PI0d/EpviqNAIi.G6Fy', '2023-03-06 15:47:55', '2023-03-06 15:47:55', NULL),
(729, 571, '$2y$10$..NbUqkGByOZBPdZm9/pX.eB9jmErpkP4mcOxmJjFFcTVsV6ICAF.', '2023-03-07 00:14:24', '2023-03-07 00:14:24', NULL),
(730, 571, '$2y$10$/HTwAC089F0PvbWm6f6tMO0N22VZ1izr8QkdR3Q1o2l6/tIJIIafG', '2023-03-07 00:25:14', '2023-03-07 00:25:14', NULL),
(731, 571, '$2y$10$rzeLdxzsj9j8gswnXhHxbe5s/88CxBoCL4QWTd9WY5e6oib8tx8RS', '2023-03-07 00:25:51', '2023-03-07 00:25:51', NULL),
(732, 571, '$2y$10$Vp7wivnRS7z4yZD5wrojSehqz0XbYLeH0cOPWtv9x7xXjnrg4TIZu', '2023-03-07 00:25:55', '2023-03-07 00:25:55', NULL),
(733, 572, '$2y$10$/ODeT9rKMrR88tDes7sWmefoz7O/G8kEQGODHHsJVNucrMrEm7V9u', '2023-03-07 10:55:46', '2023-03-07 10:55:46', NULL),
(734, 572, '$2y$10$UVQvIC4q1BzwNzh4uFbmNu/SSEVgeLdGsXJGZheISXrSjolxttKta', '2023-03-07 10:58:22', '2023-03-07 10:58:22', NULL),
(735, 572, '$2y$10$c2umcGukaOMTM4FuOISXIefLcufJfNcpxOXf1vMihEBbAYF48VxbC', '2023-03-07 11:03:21', '2023-03-07 11:03:21', NULL),
(736, 578, '$2y$10$d8UFxGdPwmvUZS.tJzL76ubDVaZdvy0TcxZj94BxJGVbKk0aVPB.W', '2023-03-07 16:30:22', '2023-03-07 16:30:22', NULL),
(737, 579, '$2y$10$yKD80O8v/O9IYZCO5RWs2eBdbDZ7Sbi6YapcpxbZdEoYxe9gDScl6', '2023-03-07 16:31:31', '2023-03-07 16:31:31', NULL),
(738, 580, '$2y$10$3Y/J/DQgfNBbVV7zWqml1uJQnGEVa1Nj.zuiUVeyQ9v5y.Mg6HVvS', '2023-03-07 20:50:33', '2023-03-07 20:50:33', NULL),
(739, 580, '$2y$10$iBTJcEbsA7KijSZeNwYuteugc1YnIfjvJ.WUtp.9YXKYo76fpjNl.', '2023-03-07 20:53:23', '2023-03-07 20:53:23', NULL),
(740, 580, '$2y$10$IepLzN5ZHEnc/q9e7Zx9i.n1gXkwpbb0CkqfBUIkffdW/TOTfn4b6', '2023-03-07 20:54:04', '2023-03-07 20:54:04', NULL),
(741, 581, '$2y$10$vHm9LRiHtI3GvuM5LXRs6uL0.amlqUUTdSkyOdarURpW3uGej.5cG', '2023-03-08 06:09:51', '2023-03-08 06:09:51', NULL),
(742, 582, '$2y$10$dqMt7PzVOGeKcLgMxhi8zOQ.r0YMlyQvPWZ8DvjiDFzhVnkN1eaSC', '2023-03-08 06:36:28', '2023-03-08 06:36:28', NULL),
(743, 583, '$2y$10$OGxm0j2Jo3i37HTnmwBX2OWIN99ouSLrW3bIoP.G49IxZUkRbBpvW', '2023-03-08 06:52:41', '2023-03-08 06:52:41', NULL),
(744, 584, '$2y$10$5jMRd6jxM3ULACWgv7s6me2Dn.tr2STVCZoBFEgvi9ywZKF/dVxkm', '2023-03-09 10:59:30', '2023-03-09 10:59:30', NULL),
(745, 584, '$2y$10$JrEMvNTNtECUzOT9FxQtvOn.cBtjHVF8no.qIAxw9.5PsqHARYzpK', '2023-03-09 11:02:25', '2023-03-09 11:02:25', NULL),
(746, 585, '$2y$10$kytuqZliXOelxagirj7uQ.eSbKNvzVVg3pUBZW7geDqr9VZBHy4ca', '2023-03-09 18:30:16', '2023-03-09 18:30:16', NULL),
(747, 586, '$2y$10$wDhYrS3U5o53u3S5ngYCfe6hxu4dW4YUoro8i66fy2HqYR8T.Z.AC', '2023-03-11 02:22:35', '2023-03-11 02:22:35', NULL),
(748, 586, '$2y$10$Pu7XWmo31X0qkEnMXgVKOu6efPET.dN8d1LVrPraIVJfa29biPObm', '2023-03-11 02:23:54', '2023-03-11 02:23:54', NULL),
(749, 587, '$2y$10$dQ5qXOq0vBfaJSKl6PBMHu4h0qrYAjRtMsCfzFzh2jMQ2ozuYetYG', '2023-03-11 03:45:16', '2023-03-11 03:45:16', NULL),
(750, 587, '$2y$10$a3bjwKhlD71FKu2T8DOyPeO5BBz3fsyxvFdh9haj6olopWR794Jeu', '2023-03-11 03:50:13', '2023-03-11 03:50:13', NULL),
(751, 587, '$2y$10$o7aGgOxgi1ZE0zt.5FsnZun7SJBMsaj2GVrHK.h2OnIOMtH3D7eTW', '2023-03-11 03:54:12', '2023-03-11 03:54:12', NULL),
(752, 588, '$2y$10$LnyRS16x7j8xPP67LbB/bOWd/Spl44.x8XQ9CDQ.fPc1EyLru2M4u', '2023-03-11 09:53:22', '2023-03-11 09:53:22', NULL),
(753, 588, '$2y$10$HP9SxAhM/nVQzB6vjptk/eaVcV7O3ZmRwVEAQ5DoXo4aqOQI.UtkS', '2023-03-11 09:54:54', '2023-03-11 09:54:54', NULL),
(754, 589, '$2y$10$5uxDtYqJ7zDAsr59JoeFjOf6EGBZ2oZDDxW.f0x/AbTgU.qyGL42q', '2023-03-11 11:55:55', '2023-03-11 11:55:55', NULL),
(755, 590, '$2y$10$Z4/I6zlTL0k14Ub5XcUEVeoYAhiBgTAXXKTYHysIVqjfowK4Bgela', '2023-03-11 20:01:06', '2023-03-11 20:01:06', NULL),
(756, 590, '$2y$10$QA1sYeNVbdRiy728mkaCl.5Gn7wlaKGV8ndRfbhXRLyw.Hw3wSDDW', '2023-03-11 20:02:31', '2023-03-11 20:02:31', NULL),
(757, 590, '$2y$10$V5ivRHHFLDOWxZTvU5nFyO6NItiS8YVOcAXhTw4qeMyr.lo7QaOCG', '2023-03-11 20:03:07', '2023-03-11 20:03:07', NULL),
(758, 590, '$2y$10$UH4qOm83VtFKuvWDDFb00evRzb8EyJq41fQDaT4n9HompzRF51T66', '2023-03-11 20:03:40', '2023-03-11 20:03:40', NULL),
(759, 590, '$2y$10$FOFzBZ8zRLaKmg236jZQFeAH7L.XSew9vNuq6dovDRGypDMgBNclC', '2023-03-11 20:03:55', '2023-03-11 20:03:55', NULL),
(760, 590, '$2y$10$o8bf1EwyyZsR.Yt/z6fOlOUWg.797JkyhE1tNDjx00W/3mVg92CVS', '2023-03-11 20:04:01', '2023-03-11 20:04:01', NULL),
(761, 590, '$2y$10$gIkFKpoRPILGCz4ZMpgYD.CVXhGOCKtNAtqL1ia6cDZKlNNmCf37W', '2023-03-11 20:05:02', '2023-03-11 20:05:02', NULL),
(762, 591, '$2y$10$i61jjSuvZva6F5Aq0tsaluYOr.j6Ay81Xlbhk.1fORmChayJEXc4S', '2023-03-12 11:22:29', '2023-03-12 11:22:29', NULL),
(763, 592, '$2y$10$k0rzYjITRW4qgXVVMq4L0OHZgb75jZiSQj2A6.ZjRZuaeRM5bZtJW', '2023-03-12 14:52:51', '2023-03-12 14:52:51', NULL),
(764, 593, '$2y$10$ctwLjuZlasZvQUy9yXt7le3eVyJ/HLHl5JUJSJCWenZnujueKlzyq', '2023-03-12 16:33:06', '2023-03-12 16:33:06', NULL),
(765, 594, '$2y$10$ls4UsNBizlL6ohVoDijEPOFvpvfxDHFkZ47hhT5/v4PNeUulWmls.', '2023-03-12 16:34:33', '2023-03-12 16:34:33', NULL),
(766, 595, '$2y$10$ZRwPFny7bcyOd3Ek0Mj00uyi79i6P8V.qYhQw7nMhvDbNK0i.ag1W', '2023-03-12 17:32:09', '2023-03-12 17:32:09', NULL),
(767, 596, '$2y$10$u2yRpN5QyTPTeMIUs5X6MOKnc9AiQDiHjVLvPOk/OBMISkA2ynlQq', '2023-03-13 12:52:43', '2023-03-13 12:52:43', NULL),
(768, 597, '$2y$10$8YyVeEsmyaWhbJJtvPqho./tMOA.EuW8bDbwLlZj6uvGGKR/l7D0q', '2023-03-13 19:11:52', '2023-03-13 19:11:52', NULL),
(769, 598, '$2y$10$JzIg.8GWjc3NtNr5tQssk.9iyWhdjaBgumP9NIWDpjn8ayw4rDvEi', '2023-03-13 19:13:15', '2023-03-13 19:13:15', NULL),
(770, 599, '$2y$10$BHliG9qSuWHqVqEgUxFHk.9RSw9FHxbbVi53asI9XeaC5vJIQ8ohm', '2023-03-14 06:38:54', '2023-03-14 06:38:54', NULL),
(771, 599, '$2y$10$osWiaimvf0w8fz3T6LMzXOLozB1qJMft4y8NO9ZU8.Y3oHJ1jGMkK', '2023-03-14 06:43:40', '2023-03-14 06:43:40', NULL),
(772, 599, '$2y$10$7VNKpGU21suAYeWfGL/1AukkgRfS22zL.w.DnR9zzIQmTAX5nILYK', '2023-03-14 06:44:33', '2023-03-14 06:44:33', NULL),
(773, 599, '$2y$10$jmLrZeexbMPU4gvwyfdRvub8CUDUyu0Uu2mQWP6qXaqusKwdbhtvi', '2023-03-14 06:44:49', '2023-03-14 06:44:49', NULL),
(774, 599, '$2y$10$bgRgAX3dXeyxKG6rA8ShT.Ivl1Dtc.Y9qof9CoebSo/EbT563Lf7C', '2023-03-14 06:45:24', '2023-03-14 06:45:24', NULL),
(775, 600, '$2y$10$nTkaHUswntMadJqL91Skx.g6MyCN78O/.wzoMucqwxhiKrXeaL.mW', '2023-03-14 16:18:10', '2023-03-14 16:18:10', NULL),
(776, 601, '$2y$10$adSETnQIm1zWCyNBlF1IZ.d2YDGiMWbmuEVCLwtwM/nwJ96/IdbO2', '2023-03-14 17:40:06', '2023-03-14 17:40:06', NULL),
(777, 602, '$2y$10$KdRfSL1ITILMixQqlu0/TOEps46jcfY6/z0FpClEk6VaAcgEUZJ5y', '2023-03-14 23:38:35', '2023-03-14 23:38:35', NULL),
(778, 603, '$2y$10$EjQGWcW1Sw5Gh84IHd1wp.TIDiNujurBnxrouRy4/fIZojDU4QsHm', '2023-03-15 12:23:58', '2023-03-15 12:23:58', NULL),
(779, 604, '$2y$10$mkmijh2XutTxou0K28R5y.7JMRgwrN5GgC6WNpEVwjpbSnAXSkEjS', '2023-03-15 16:09:01', '2023-03-15 16:09:01', NULL),
(780, 605, '$2y$10$shL2/7GTsT.zjsZmUOczuOrAfp3QMFCHrFptLNA8XFAxAfnnVsPSm', '2023-03-16 06:20:38', '2023-03-16 06:20:38', NULL),
(781, 605, '$2y$10$PmvSRfmsPb/X0JPEwgxsGuqIAVLR4skUHfc0iIrXPC952uu6J8rNe', '2023-03-16 06:22:04', '2023-03-16 06:22:04', NULL),
(782, 605, '$2y$10$ET27Vl64Vq1W7pKos8qjDemDdrjOXI2xit0t1eMu71.YgEqmmtpa.', '2023-03-16 06:23:17', '2023-03-16 06:23:17', NULL),
(783, 605, '$2y$10$4Yx3ZJvsaSIDnVjeB4vEnuXI610rmVh4fzkYISlWVelxFep5H0yAu', '2023-03-16 06:23:33', '2023-03-16 06:23:33', NULL),
(784, 606, '$2y$10$4BrJWaf0SGm/6caxN7/JjOwiPxEwZuMWcUXD78z9AQAPOmVYa3Fii', '2023-03-16 10:31:46', '2023-03-16 10:31:46', NULL),
(785, 606, '$2y$10$CfJ6RdkmF9w1lafzlwXY/u1N7ARy9YdgCKOFkSTSyTs3ncPNG5/qW', '2023-03-16 10:32:01', '2023-03-16 10:32:01', NULL),
(786, 606, '$2y$10$lYQOARwdVoRmcRMZSQAFnuJto3CGNrsK3uJ2uWvkqEVy/rPKmSuUC', '2023-03-16 10:32:40', '2023-03-16 10:32:40', NULL),
(787, 606, '$2y$10$PvZBacSx1KUslU/7uZeZhulEL5RspZenGYzmup7mMfsWpaHtNXBDm', '2023-03-16 10:32:46', '2023-03-16 10:32:46', NULL),
(788, 606, '$2y$10$k1nb9qWSdWa4B2o2DTFnBeH9Ht3gyq9RDFYKK/Ta9DFqHIRaKV7XW', '2023-03-16 10:33:26', '2023-03-16 10:33:26', NULL),
(789, 606, '$2y$10$zKaWHQLk0TXxqT.izdLllO70xtpkgiWCbgDsr6ka/BN7DRWBGKANm', '2023-03-16 10:33:32', '2023-03-16 10:33:32', NULL),
(790, 607, '$2y$10$GdKrVnHvVCluvAGI3YIuwuLpwJDRkBtPVOW3xg9Vc/XN7HL6zgbxq', '2023-03-16 11:59:34', '2023-03-16 11:59:34', NULL),
(791, 607, '$2y$10$3NX4Mu4G1ZCY1FDEUBDcw.mQqPjn.cfB0R5lrB.glR1xpDO5sgAKu', '2023-03-16 12:01:14', '2023-03-16 12:01:14', NULL),
(792, 607, '$2y$10$18h6Vns0iTJC5zokMuTutu0dF2Z8KyQwfyt1jdnkS4BVBTS7XPPhW', '2023-03-16 12:03:27', '2023-03-16 12:03:27', NULL),
(793, 607, '$2y$10$kkL9BUJvsSS8SVq1NBlG6.Bn7y6PuzIbtM10Ztsq73lHkkQrc1q.y', '2023-03-16 12:03:49', '2023-03-16 12:03:49', NULL),
(794, 607, '$2y$10$TNlEdOp8VTTwvctp2PTxmuVzHDyzJdXMNgeMlhO/of9OGzdiG811u', '2023-03-16 12:04:03', '2023-03-16 12:04:03', NULL),
(795, 607, '$2y$10$I1x9X1pJ3beOYCpCyDAExupPZv8jyMsNKEkKRLykV2S2dUrqNvaJi', '2023-03-16 12:04:09', '2023-03-16 12:04:09', NULL),
(796, 607, '$2y$10$Iv4g6yjjY0Gvf5/edlBwZOqzqhMAKfKNLoRP74Bs9J0kI6f2IsLDO', '2023-03-16 12:04:35', '2023-03-16 12:04:35', NULL),
(797, 607, '$2y$10$3INkYk79w.HJ6pEDdfHPMujHQxmnHZKI17VoVcEuxpwnpakjUeDom', '2023-03-16 12:04:50', '2023-03-16 12:04:50', NULL),
(798, 607, '$2y$10$1zKaULP4wQUWNZWcZGn.Nu/4IaNtNxnVCyFfAy4VkdMmWsgxSwdxG', '2023-03-16 12:05:05', '2023-03-16 12:05:05', NULL),
(799, 608, '$2y$10$mWbyIXHnYj6jIs.A0t9wb.TpuF15MN/RVcwd6VMurZ2rI1EWbrCPa', '2023-03-16 17:49:15', '2023-03-16 17:49:15', NULL),
(800, 609, '$2y$10$by2YlV3PlKvKtyjoUnMVeu6BMcYIJ5dIpAsybkKly94qjNxxLeGrq', '2023-03-17 12:07:19', '2023-03-17 12:07:19', NULL),
(801, 610, '$2y$10$aT4AOXpHOBb.0XG/fRIcJ.qQLe444FaUcjdmam.5Cjf4mmkNWXpCO', '2023-03-17 15:05:50', '2023-03-17 15:05:50', NULL),
(802, 611, '$2y$10$yuqL5dPRHUyCarm5osAtNO84qfH4dR3WCZWS4T2A3FUfSndgxATwu', '2023-03-18 16:29:48', '2023-03-18 16:29:48', NULL),
(803, 612, '$2y$10$E8SWSHsrMKAvusmtuHC4O.zhnTanLrCzjDA50o80C8iAeyZ5BYjhS', '2023-03-19 01:15:10', '2023-03-19 01:15:10', NULL),
(804, 613, '$2y$10$G01aRaiV08Fpu73XM0K2Teovm7JKdR5LPj/bu6gjHTOjo6d.3RlcG', '2023-03-19 07:42:55', '2023-03-19 07:42:55', NULL),
(805, 614, '$2y$10$N3D0BIX2nXSi0nWOTdx83.wJTjT4cMOdlbPFu/PdR9EFmQ2KpL3WC', '2023-03-19 20:19:52', '2023-03-19 20:19:52', NULL),
(806, 615, '$2y$10$YH48FbhSgIs35r3NXHFLpeR/Lc9G0CEihTIODS3EBjeGq3FfmkY9q', '2023-03-20 00:52:51', '2023-03-20 00:52:51', NULL),
(807, 616, '$2y$10$sYo.spLEiQ44z3HvywjkBuzRt6tal3G.Bt/afXD8jusNdf6a8RXIK', '2023-03-20 08:58:53', '2023-03-20 08:58:53', NULL),
(808, 617, '$2y$10$sMmipEoTlM4nGtqBW4OrfO8Qbgl7eeWQRcUpHURJcCtNRqeBKLD7K', '2023-03-20 14:29:56', '2023-03-20 14:29:56', NULL),
(809, 618, '$2y$10$wHOne5U2jxwvRgp819BOiuDYFzuK5F.C8TScJYEycqMSwbW.ZMZc2', '2023-03-21 12:23:31', '2023-03-21 12:23:31', NULL),
(810, 619, '$2y$10$7d8M9jP1xNj1MHd/5sbZLOtVgv6m./CoJhurtt4xswS2speSOMP/C', '2023-03-21 13:49:40', '2023-03-21 13:49:40', NULL),
(811, 620, '$2y$10$dGx.iBA2VqHeEwPfTIUf2.nE5LNdeh0L/UfedSaPIBY6H6qPGWqd6', '2023-03-22 18:35:47', '2023-03-22 18:35:47', NULL),
(812, 621, '$2y$10$7Bd6p4.NJm9SiRxFSFWEsOrdgUAmAOpyCS5NnUZroa1Uk5cQvF3li', '2023-03-23 15:36:43', '2023-03-23 15:36:43', NULL),
(813, 622, '$2y$10$RZldXr4VzTVYIavgdLvmt.JplVyldCeXuOuh0rJuAnzwZ4N1O109K', '2023-03-23 19:17:37', '2023-03-23 19:17:37', NULL),
(814, 623, '$2y$10$XVUEEbWfOKs6DtUmzAF5teBMZnyXzml25kGXm/L37.fOjgmS698wq', '2023-03-23 21:28:56', '2023-03-23 21:28:56', NULL),
(815, 623, '$2y$10$wcX6LZSL9tQl6/TtAY2UV.JoomULImeek6bfM.muIBGNINYbS1R/a', '2023-03-23 21:29:07', '2023-03-23 21:29:07', NULL),
(816, 624, '$2y$10$PkNXoF7o1J2HEgOkT9dWoO9b1lAsbv5P.hX0zA4cqtQH5fRTvcnt6', '2023-03-24 06:40:18', '2023-03-24 06:40:18', NULL),
(817, 625, '$2y$10$UrnyH.zFCHloMHs2OOgM1.8qhUVe3eoW1nXt.pUIljtXoojmKa42G', '2023-03-24 14:44:23', '2023-03-24 14:44:23', NULL),
(818, 625, '$2y$10$RX6FsfgOjm8xZooc4GSuveHW4pqMUCqGPQxuAhDZ8WF5qRKnpGZrm', '2023-03-24 14:44:39', '2023-03-24 14:44:39', NULL),
(819, 625, '$2y$10$9mSdawE3jjuda75yPR4Miu7uVC1w3KtaxhCJcmtwc5dsOgOwkWLWy', '2023-03-24 14:45:19', '2023-03-24 14:45:19', NULL),
(820, 625, '$2y$10$cHnJuzk9p.KpVY/mm6N1eevZkbw2oPVHzbRwsyi60BCn2vVeZBhRG', '2023-03-24 14:45:56', '2023-03-24 14:45:56', NULL),
(821, 625, '$2y$10$ztFOlkGkP8dN.t021Tjlr.C2z7hMCNsELCBA9BjMlXAY7LCaUolYK', '2023-03-24 14:46:09', '2023-03-24 14:46:09', NULL),
(822, 626, '$2y$10$Ff9lu.O1TljKzdciVIi51uf5KUSEHynKHRKb/u4ZtCjJRgkIBUXqG', '2023-03-25 17:55:14', '2023-03-25 17:55:14', NULL),
(823, 627, '$2y$10$mHekYtkG/kHo9wwyPxATUefXgDrTDjOf02O8dk8Fbe9kMcHDRVn.S', '2023-03-25 18:02:32', '2023-03-25 18:02:32', NULL),
(824, 628, '$2y$10$gn61Ek9ji8dJg7RslbEv9ucuHziNVbGH2Q5jF.lo21o0DtTDyX3fK', '2023-03-26 04:41:37', '2023-03-26 04:41:37', NULL),
(825, 628, '$2y$10$kC/aFs00ZueuRe5vlAtgzOfLxiEJ0bKWTiSGiy20W3eEtzXpT52Hq', '2023-03-26 04:41:56', '2023-03-26 04:41:56', NULL),
(826, 629, '$2y$10$vO8egOquAHMUC.5tnS45qOb5xeWSvKAUGNXhvW3/TJzqUKF/r9pDe', '2023-03-26 05:16:54', '2023-03-26 05:16:54', NULL),
(827, 629, '$2y$10$jla/x3pFQ26GRFIeAKeO2e57oGHMkL.oNcUyN.DFRbAEFFQObGcH2', '2023-03-26 05:48:07', '2023-03-26 05:48:07', NULL),
(828, 629, '$2y$10$taocji9i7T2ADj2DfTykMODGTT4NoF08Lxem1a.IDFoq3gyleyrZ6', '2023-03-26 05:48:49', '2023-03-26 05:48:49', NULL),
(829, 630, '$2y$10$wXxG0Yol5UXZ7iauVhfhtucnrHVgpBtOXZ/GHgtXZmSelVZ6rAC0i', '2023-03-26 08:53:08', '2023-03-26 08:53:08', NULL),
(830, 631, '$2y$10$Ple9YzJS4M8.zmbxR5z7d.8DRq6.ULTX4fYgU4tpLwYliVr0RO/oW', '2023-03-26 15:16:10', '2023-03-26 15:16:10', NULL),
(831, 631, '$2y$10$TlNYRuqj51f/aAIPBZ98g.f9STvoNd3DqTrsC.5VOQB5VQ4Dvtt1u', '2023-03-26 15:17:32', '2023-03-26 15:17:32', NULL),
(832, 631, '$2y$10$Kl9H8HuRJn98C0nrmGPnqeZu5yJbrnnuYkqxaVqiOjsPWY4sL21q.', '2023-03-26 15:18:23', '2023-03-26 15:18:23', NULL),
(833, 632, '$2y$10$4OJiDR3Zgq8VDAaOsw.zNedm5NGNUXCHNLBOBvAw0NqkDHBLIgyIu', '2023-03-27 21:59:00', '2023-03-27 21:59:00', NULL),
(834, 632, '$2y$10$3U2D6P3IlGxUv8KX.xOQNuJD/PbHi4loru8EWLULzMaP0JGsTDiEe', '2023-03-27 22:02:08', '2023-03-27 22:02:08', NULL),
(835, 632, '$2y$10$S3Lu7TZhCi.K6za6AbQ2JeqHS2bbQ5CwBpCAHsvwo4rodrUomE8zy', '2023-03-27 22:03:09', '2023-03-27 22:03:09', NULL),
(836, 632, '$2y$10$6nk1Dj8M0rA3A1DUg55Y7u1yO2YfXcUlDqsa88ySMPUS/hpemABxe', '2023-03-27 22:03:17', '2023-03-27 22:03:17', NULL),
(837, 632, '$2y$10$5q1RcCvhwbaF1BwgSFEvQ.L6eGrUy25xkrp65uskN7HtwIFm.GAe6', '2023-03-27 22:03:21', '2023-03-27 22:03:21', NULL),
(838, 632, '$2y$10$C1KMpqeEhBEKLUDhzXKBjORGOhuibPESdxx.OejbsYoSj83FQBJNa', '2023-03-27 22:03:30', '2023-03-27 22:03:30', NULL),
(839, 633, '$2y$10$qL5rzXDRitdL3e1iteBjYucYLKKKj.hgm1J.SD68nqkBsgev1QJ6q', '2023-03-29 12:10:43', '2023-03-29 12:10:43', NULL),
(840, 634, '$2y$10$7Kk.qxyBrvmXaewd0IstKux2s7leEiFzPqT.u0n97XRF/O5wHdY2C', '2023-03-29 13:55:14', '2023-03-29 13:55:14', NULL),
(841, 635, '$2y$10$HB0AqhzvzDund7vDjHzVU.Xzm6r05b7uN6kNAO.ZEhob6.k5xgI4O', '2023-03-29 21:50:16', '2023-03-29 21:50:16', NULL),
(842, 636, '$2y$10$ofaJCrVVVysoGP5W4rLv.OT8TwHUpZl2LR1FCtI0qAhYd0H7S2u0O', '2023-03-30 03:01:03', '2023-03-30 03:01:03', NULL),
(843, 636, '$2y$10$18fhtnJddZ0BOL78ATWiRufXpafIpHVyClWTCvqzc8U/mmUlLHl6m', '2023-03-30 03:01:47', '2023-03-30 03:01:47', NULL),
(844, 636, '$2y$10$qiTJeBxVquQht4d2XOUEqu5F4w6aZBA/qUxNspmy3HiVxAhB4UYV6', '2023-03-30 03:02:06', '2023-03-30 03:02:06', NULL),
(845, 636, '$2y$10$6nGEIGPS0PwuAD.K0E/71uey62WT957Qo/0xsfOGygkU6GXp..Ohq', '2023-03-30 03:02:13', '2023-03-30 03:02:13', NULL),
(846, 636, '$2y$10$9gHE.RAVC5LiGfCWt0xSCOwt/TLiZy9d3Xs210OOQ94NLhnGHzOUi', '2023-03-30 03:02:34', '2023-03-30 03:02:34', NULL),
(847, 636, '$2y$10$3EHZT0fEQyAQYsuTh9H0jud/dVw7lHPDWVMzBZqIWCA.1ubZSZ9fu', '2023-03-30 03:02:52', '2023-03-30 03:02:52', NULL),
(848, 636, '$2y$10$cnqxisHnzAlWYMP5woY1RuOhEeucUeosd8k3T9WCg6ceRkLGDJDTe', '2023-03-30 03:03:01', '2023-03-30 03:03:01', NULL),
(849, 636, '$2y$10$4z7eKx/utrZfDQDurHKgy.JJEfUcXaYpkmbg3x45aFoSHChcWTU5y', '2023-03-30 03:03:25', '2023-03-30 03:03:25', NULL),
(850, 636, '$2y$10$Oc97XDSwR5UO2NLgelsWHunJ93QN1c1/8bU.H158O2FHO9t3M4pZm', '2023-03-30 03:04:06', '2023-03-30 03:04:06', NULL),
(851, 637, '$2y$10$MEsWTBwEmvXNt7IxB6559.CgflUaCjvxCxiXP5eBvGbFM3clU2yRG', '2023-03-31 11:21:40', '2023-03-31 11:21:40', NULL),
(852, 638, '$2y$10$UafoJh3oaDhwNTPkquofYO8glFfSkGN7pXhIVbg5.pM.vadhwjzYC', '2023-03-31 14:43:23', '2023-03-31 14:43:23', NULL),
(853, 639, '$2y$10$jdNtX0Yx8EfUlAIPx1AcieBMFcqVCVFMroyZN/HF1NnMnNVITyXzm', '2023-03-31 16:42:12', '2023-03-31 16:42:12', NULL),
(854, 640, '$2y$10$a3EO4nG76x09lrjsrIWDLOfULGp9vmZ0brc9MyPt1PQAHO116DEfK', '2023-03-31 19:00:23', '2023-03-31 19:00:23', NULL),
(855, 641, '$2y$10$4jg7Z3kLJUbDs2YIqp7VxOHlHvvCW0x9a4VEO5jxj5XwyhYvsWfS2', '2023-03-31 23:15:10', '2023-03-31 23:15:10', NULL),
(856, 642, '$2y$10$huRbjCFmWjCQgVR3J7A7cOp8ug97p54MuTuGkR2biVY6U4.BstpYa', '2023-04-01 04:18:05', '2023-04-01 04:18:05', NULL),
(857, 643, '$2y$10$UlOKNVk9/.ndd3fWpcA6..7ns1/dm5/BRJRXeIp9yTE7D3JSvsMam', '2023-04-01 05:46:44', '2023-04-01 05:46:44', NULL),
(858, 643, '$2y$10$4S65AfX/dEa/dy.hRzagsOJhy.iYPkwFW7a/Z3cbt26FNVcDa8sV6', '2023-04-01 05:53:37', '2023-04-01 05:53:37', NULL),
(859, 643, '$2y$10$ryCI0OKcLpq6c2h2ScRa.esorsCNom05d2UvX5fV0N7BFjkqX/e5S', '2023-04-01 05:54:23', '2023-04-01 05:54:23', NULL),
(860, 643, '$2y$10$W8bIQ3iLAxHqC8A8PyNFfe1sPTqORzORs0Hh/0qq0k3EDnyPxP7Ya', '2023-04-01 19:12:22', '2023-04-01 19:12:22', NULL),
(861, 644, '$2y$10$eht0FeO7f/GuXxOCDpMn0OARS9oZtWQa99FoDHFRTGTC811FK6UfW', '2023-04-02 04:43:13', '2023-04-02 04:43:13', NULL),
(862, 644, '$2y$10$IyijzKqsEP1vktCCcBolI.lwVbU9xM2/Z7Mjkir70Z/Q8NRr/Oxzm', '2023-04-02 04:44:13', '2023-04-02 04:44:13', NULL),
(863, 646, '$2y$10$7HsPcE5wf32RutJPhYpgo.Gwt56eAqo1pwR3H6uRjpibptEpeMMbG', '2023-04-02 07:42:24', '2023-04-02 07:42:24', NULL),
(864, 647, '$2y$10$gFtidEkVJZEKQa4HeRZWZeC2jClenK4cm.t8yeirOUq4cKqYD5/56', '2023-04-02 07:45:05', '2023-04-02 07:45:05', NULL),
(865, 648, '$2y$10$ZSf2gFswsyOk12Zd0TkijOmMPKGMeZdi57AygLLaLuR0Oug4W8zvi', '2023-04-02 17:52:14', '2023-04-02 17:52:14', NULL),
(866, 648, '$2y$10$OvMvfGHFBcMDwfsVkPAw0.MDV3h8tcBe0ZN4TTuApeOBYb98wPgZG', '2023-04-02 17:55:32', '2023-04-02 17:55:32', NULL),
(867, 648, '$2y$10$dQWsrv.R0dQZBsukjY903OIIJNqqAEpLkhKd5CjmhnyY0JDtGPPPS', '2023-04-02 17:55:33', '2023-04-02 17:55:33', NULL),
(868, 648, '$2y$10$i.8bdIZgdMut3wWVCRWYNeJWwcqsQ0ju4bvFBXXDvdaF9RSixq4jq', '2023-04-02 17:56:20', '2023-04-02 17:56:20', NULL);
INSERT INTO `otps` (`id`, `user_id`, `otp`, `created_at`, `updated_at`, `deleted_at`) VALUES
(869, 648, '$2y$10$P2tnGFEkEKRMkli57V.Lz.QCPlMoIzXPD9qW8Qq8Yr67g..tKhRSC', '2023-04-02 17:56:24', '2023-04-02 17:56:24', NULL),
(870, 648, '$2y$10$Zj91Jq35AmOHFeVTkTpIYOnyfuxXVcHGMKOv8YT9l.reO9GVgetHi', '2023-04-02 17:56:51', '2023-04-02 17:56:51', NULL),
(871, 648, '$2y$10$CdMsMnfX5Pqw5z90Wlv2A.qvuAaIMAykQGjsiJWVUWxWIckJkndDa', '2023-04-02 17:56:52', '2023-04-02 17:56:52', NULL),
(872, 648, '$2y$10$bC7S2.aGnuYIU.UxQm4oQedIZSepNrDi7XWCbNMwN2UtWN3F/xpTi', '2023-04-02 17:57:00', '2023-04-02 17:57:00', NULL),
(873, 648, '$2y$10$fmlY9KdAtLjcXVTrtZY4NO7rYwrEFovwmHgIE9ueE0NviWBY5FoTW', '2023-04-02 17:57:06', '2023-04-02 17:57:06', NULL),
(874, 649, '$2y$10$E1B7YuJCHvIFEczEDGMdxudi1Rlwd./IXM1XiqBQ8pOqyjI3pY5iW', '2023-04-04 03:43:02', '2023-04-04 03:43:02', NULL),
(875, 649, '$2y$10$Rxl52ab/sNPn7YEdSH0HmO7fmur8kZJFX6xRlA9.Vi3ia5bZ/Ds1y', '2023-04-04 03:46:39', '2023-04-04 03:46:39', NULL),
(876, 650, '$2y$10$brh5OeNpTvTS7vHyYU9DU.WoOz45FlTyq7Exu0QRwf6EpEm8dKiGK', '2023-04-04 08:11:24', '2023-04-04 08:11:24', NULL),
(877, 651, '$2y$10$8GTHea.uaEzNYxoafiQtjet529p4H5RHExF.SnSebd4pJcOps1vwK', '2023-04-04 13:16:26', '2023-04-04 13:16:26', NULL),
(878, 651, '$2y$10$eYN4Fhj4dRE3fPw8hOMkM.JBCL6xlGSCdUkPhiZ1phgFXgzyQ1F/C', '2023-04-04 13:17:02', '2023-04-04 13:17:02', NULL),
(879, 651, '$2y$10$o49sFAC/F1oP9uBV1yC5b.DPLFLCz9V.oMuFbrUgtvxiahEtsxyKG', '2023-04-04 13:17:35', '2023-04-04 13:17:35', NULL),
(880, 651, '$2y$10$So1NwIQA.lwQaxQFW.nZZeTCDixNGOdGB0Hn343p355cbHHMLOV9K', '2023-04-04 13:17:44', '2023-04-04 13:17:44', NULL),
(881, 651, '$2y$10$Zl1.OhRxd2gKh2dHDdbWxuKEyOQw1dOOjl1YxCu6GYtNsHYAMXDOC', '2023-04-04 13:17:48', '2023-04-04 13:17:48', NULL),
(882, 651, '$2y$10$XXRDLgRagdm28ZenbzSu3uthl3umKSXjXEEa.CbO6J5VLO/ZNtnPa', '2023-04-04 13:18:05', '2023-04-04 13:18:05', NULL),
(883, 652, '$2y$10$b1nrnhOZQWcaXPj3OTuwCeAguZBXollUxuUFp3.LVpkzpaBW.Gbae', '2023-04-04 15:12:01', '2023-04-04 15:12:01', NULL),
(884, 653, '$2y$10$.OcXvtkDDOij7b442E6Z7Ojqkkc.XvmcD.BaJc6XhrcMLZGdl/cY6', '2023-04-04 21:58:06', '2023-04-04 21:58:06', NULL),
(885, 654, '$2y$10$HrlbzRHHws.OzfVy2SjELuXN70m.IN5TYJ4GlyqdXhGktV/xP5S02', '2023-04-05 22:13:29', '2023-04-05 22:13:29', NULL),
(886, 655, '$2y$10$MY4i0eVXR21c15xdCLKWiuwW5xpPAbyeQQT3O7BnW1x/kuDiDeObG', '2023-04-06 18:49:38', '2023-04-06 18:49:38', NULL),
(887, 656, '$2y$10$wRccmcJP5nHAtJ5XrtgXR.7QIBPgJtyzbZKNY60QkrY3h/zUdd1wC', '2023-04-06 20:05:23', '2023-04-06 20:05:23', NULL),
(888, 657, '$2y$10$ljJOCnJHm2..EWAqkXOnTOtqcp9ht4UwPCr4C2vuem.g9o7uUBt.a', '2023-04-07 14:14:31', '2023-04-07 14:14:31', NULL),
(889, 657, '$2y$10$XLQ8i.Bkn4ajI.gx6UNS3eAsr1KPK/uBFYT4EbQSvhNJjGsEGIsoS', '2023-04-07 14:16:50', '2023-04-07 14:16:50', NULL),
(890, 657, '$2y$10$RUolfVciwUypnrTbxi9Em.aGF5Rja8ht78A4gjWXKl1jCNhRbBdSi', '2023-04-07 14:21:23', '2023-04-07 14:21:23', NULL),
(891, 657, '$2y$10$Ir7BP7m7qvKsb0.ztvzh4e7nYq47O.8Z04zK9T3E5A3WejBwISmLe', '2023-04-07 14:21:28', '2023-04-07 14:21:28', NULL),
(892, 657, '$2y$10$XKi62KUls/riiU.x7rlPS.Mib.KvHjtzo5HYL3fQEycxGihYPBiLe', '2023-04-07 14:21:34', '2023-04-07 14:21:34', NULL),
(893, 658, '$2y$10$m0WMApmA3aCBYCYAatFsau.TYExLO4jatWDQY0XsSySyljNMTZ4FC', '2023-04-08 09:49:49', '2023-04-08 09:49:49', NULL),
(894, 659, '$2y$10$4ae0KjvoIqf/ytNHTUshhe0vw1st78VXBWlvorx/ziP7URuaFQaqm', '2023-04-08 09:51:09', '2023-04-08 09:51:09', NULL),
(895, 660, '$2y$10$HuVEQBz.ervuwYPXVTP62uo5X63KayOB.s8.eqjPUkgxeH3gfAinq', '2023-04-08 21:10:41', '2023-04-08 21:10:41', NULL),
(896, 661, '$2y$10$E2rr28qVjXdQfxnpS7tGZuSAquArkanhno4zSyHZQcwfMTvbGLQgq', '2023-04-08 21:19:45', '2023-04-08 21:19:45', NULL),
(897, 662, '$2y$10$tSN6HlBV44I/fcbYJZPcGO14C.KuzByiUCYB1ceBM0cwFsRIPJ0NW', '2023-04-09 05:29:26', '2023-04-09 05:29:26', NULL),
(898, 663, '$2y$10$ei88nZoy..6cho8yWMuI6e7uHe4xvI3q7ALL5qoMbGiOeABjPiNom', '2023-04-09 05:32:22', '2023-04-09 05:32:22', NULL),
(899, 664, '$2y$10$4lCAGrbt/.VG3ytXqVqgneBPUWdo.0zbxjM5HyA/rWlJNER.sWCRe', '2023-04-09 15:25:59', '2023-04-09 15:25:59', NULL),
(900, 665, '$2y$10$T2YMAaAq7/OQ6nrRpETA4e6rFNqJPJOQ5ATAH/uh97pYrTmuQiQnG', '2023-04-09 18:19:02', '2023-04-09 18:19:02', NULL),
(901, 666, '$2y$10$pkLiDABS0eJX4UJbPecIJOFf0cdY2Myyi8/3sBb8wdx9MJyCNVaZK', '2023-04-09 19:01:10', '2023-04-09 19:01:10', NULL),
(902, 667, '$2y$10$/Agg1wLME8.0h6ZxlsyohO9laZ/mXhsVmDuLWMGoqU7IiJvJQgOg6', '2023-04-10 21:33:40', '2023-04-10 21:33:40', NULL),
(903, 668, '$2y$10$EYQewJUYkJFg3V.ybQ5F3uLceNg51BbwNdMrm.dq81cA1FpM/222u', '2023-04-11 03:37:50', '2023-04-11 03:37:50', NULL),
(904, 668, '$2y$10$90FxM/cSVN.qrPc0AdXi1OLSm8Q33wvOO11Ba0EwSUbqSETzzu4ZW', '2023-04-11 03:38:57', '2023-04-11 03:38:57', NULL),
(905, 669, '$2y$10$q/ICp6sXLTSV1zssCoQQVe6ZvyT28zvykNqhS7JaTXp6py7e35Mvq', '2023-04-11 03:46:21', '2023-04-11 03:46:21', NULL),
(906, 670, '$2y$10$xFwviPCsXgQ8wR6gNtluu.uo../Ncmd6vImY7oqy1uRlp908ZwF2.', '2023-04-11 11:08:31', '2023-04-11 11:08:31', NULL),
(907, 671, '$2y$10$7lZm9Af.Ckef3j8Gr4bgPOqnN02L/QGwih4EgglkM4IScgs8aaFvG', '2023-04-11 11:33:31', '2023-04-11 11:33:31', NULL),
(908, 672, '$2y$10$sI6AAGneF/i9muXaPO5YKO0wN7XphRfR7ZuFmMbDPPeMIFh4aJMGS', '2023-04-11 14:29:21', '2023-04-11 14:29:21', NULL),
(909, 673, '$2y$10$wdwEEHRN6oo/EcVRT8JvXeBExiw1ap9d0D4y7otg/qfDNyDoaxTy.', '2023-04-11 14:31:29', '2023-04-11 14:31:29', NULL),
(910, 673, '$2y$10$yU4wqliERdeTzCe5Yft9m.ifpmc5hVV.DdiNmwvVitGDGdoag4E/u', '2023-04-11 14:32:30', '2023-04-11 14:32:30', NULL),
(911, 674, '$2y$10$udj51hcHvTJkWe/WToJ/NeBFjGCv8jYaIQtR0NMc0A464TfjwpF/e', '2023-04-12 21:50:05', '2023-04-12 21:50:05', NULL),
(912, 675, '$2y$10$ihUbV1ra.ve//rki7kd0XuNC2SM6sT4JEMy2gX2pv/NXS.NObHceK', '2023-04-13 22:19:48', '2023-04-13 22:19:48', NULL),
(913, 676, '$2y$10$Qir9xkcxgteU3mfNb8vivupfWUY89Wz2ED7UFjwKQqI3CQuVQzdOy', '2023-04-14 05:09:35', '2023-04-14 05:09:35', NULL),
(914, 677, '$2y$10$7bTsOAwTWY9KZjDS/ssGVeonNTzpdvyUaa8y8FMw.mJo18EbaD4aK', '2023-04-14 07:21:37', '2023-04-14 07:21:37', NULL),
(915, 678, '$2y$10$h0Zt1N/0Axg5Rd1NIDOPYeZY/JKv4G3ROIMVTdxh/RQQIb8Wmm0TG', '2023-04-14 17:06:10', '2023-04-14 17:06:10', NULL),
(916, 678, '$2y$10$dhJWrZwRDMHDoddvCyM3uulApjskN4j/4FFl/Hc5sSaBQPyxWRifC', '2023-04-14 17:06:23', '2023-04-14 17:06:23', NULL),
(917, 679, '$2y$10$VdO1ANEAbjwymqVX8aG31OM9UagSrj.KWJsbUXASWFY8U2CyxcYeu', '2023-04-15 12:48:11', '2023-04-15 12:48:11', NULL),
(918, 680, '$2y$10$QejA0zqYxY7cf.Wg03ZA4eMbrJ1MjUhjHmx2JdWSRZhm4puHRNVCq', '2023-04-16 13:12:17', '2023-04-16 13:12:17', NULL),
(919, 680, '$2y$10$gIRuz7vLKVg6MXIAaK/XP.n.Rtc6NQL9.5D4CxpsR0uVvsfOVubYu', '2023-04-16 13:13:20', '2023-04-16 13:13:20', NULL),
(920, 680, '$2y$10$o9yPJ8rvt4hbe2xlj.ctT.UEnVeoyo3EZUNWYW8CpSKOy1gTj/PVq', '2023-04-16 13:13:57', '2023-04-16 13:13:57', NULL),
(921, 681, '$2y$10$pA.gI/uql4dZQjUlXSd9nOGHAjZtwf6wcPJgQcusc4PtvfemMFpHC', '2023-04-16 18:02:23', '2023-04-16 18:02:23', NULL),
(922, 682, '$2y$10$B.gccyeR17e/LJCD94mbJuywTYzYaBl9/Tnr8CfEATJzcNQjO1pZa', '2023-04-16 18:06:54', '2023-04-16 18:06:54', NULL),
(923, 683, '$2y$10$F.zbbnLspVueG1akm3obL.33ffqBG1SLWrX0QDdoWcboYcXGN43/W', '2023-04-17 06:58:54', '2023-04-17 06:58:54', NULL),
(924, 684, '$2y$10$liHybXOSL14wNU8QIcRyjOspxj37Hyc3KnKoOXlKMU1qE7GWC4REG', '2023-04-17 10:53:01', '2023-04-17 10:53:01', NULL),
(925, 684, '$2y$10$kWJvbU7QuYYY97A0tC4ICOzJMGpAnOmH/wz9JQtejMlup4zNSONMW', '2023-04-17 10:55:53', '2023-04-17 10:55:53', NULL),
(926, 685, '$2y$10$XbBgU2cC/bec4xqhGXzJfukikIh/msd8ucS65xnKx92zQbFnMZv26', '2023-04-17 11:00:52', '2023-04-17 11:00:52', NULL),
(927, 686, '$2y$10$xKmmCHXVJYFwIjuM9EtgMOuJXw00nzKJN62BHZGlk9D4mDl0Cg/z2', '2023-04-18 03:57:09', '2023-04-18 03:57:09', NULL),
(928, 687, '$2y$10$bYeNjWW7vmFQyzBzeHMQBe48I6rnshsSutDD4uknxL0hgFGOW7uOu', '2023-04-18 19:43:21', '2023-04-18 19:43:21', NULL),
(929, 688, '$2y$10$I1gP8VWY1zO4jYkFWVm8dOLTVAXcingeGRhbyvW0xM2PVJksoDOzq', '2023-04-21 01:55:26', '2023-04-21 01:55:26', NULL),
(930, 688, '$2y$10$sFsYqy88CoZAN5VewY9szeDCthC2oJ.CZ2ZX00m2HmomjXa7HgzOW', '2023-04-21 01:56:20', '2023-04-21 01:56:20', NULL),
(931, 689, '$2y$10$g48Ia7G4xEQdUK6NuGs1cO4XAJNpTJ/7WIcU7x2QqJdvnWZUTIkB6', '2023-04-21 09:17:29', '2023-04-21 09:17:29', NULL),
(932, 690, '$2y$10$chAfRQXC0GXtvsKhuPaAiudm2zG/1OTGNOJGWyBazVFrKlGo0cFQC', '2023-04-22 21:14:13', '2023-04-22 21:14:13', NULL),
(933, 691, '$2y$10$zk5UG7g0SPTy8sf7F66kI.7H0W5TSp1wjCWJGsElIttMnEZb25FZK', '2023-04-23 21:59:31', '2023-04-23 21:59:31', NULL),
(934, 691, '$2y$10$t8YBwgVEMzP.4cyNdJyIwOVYOq8EFNo6UZZ71.oP15/la.SlotiGK', '2023-04-23 22:00:53', '2023-04-23 22:00:53', NULL),
(935, 691, '$2y$10$C4sNxePLYkdOBe21UC2L8OneEDEH7c.3yp8/RztodV32S67vMUCeq', '2023-04-23 22:01:31', '2023-04-23 22:01:31', NULL),
(936, 691, '$2y$10$Zdj7pDbkUI9MnGB4lZXdO.p8SOFCnninRi4gNC70RfutOJBBMHwxe', '2023-04-23 22:01:34', '2023-04-23 22:01:34', NULL),
(937, 691, '$2y$10$g99rOIPJdh2k4UD5oBWsa.FjQhsaWKeZEDOEjZyjpnHJkw37baQ7i', '2023-04-23 22:01:52', '2023-04-23 22:01:52', NULL),
(938, 691, '$2y$10$ylWJQMo2eeOY5tQFzLfI7.MrkGH.K4KH//iVRCKHp.FCn4.jJuoKe', '2023-04-23 22:01:56', '2023-04-23 22:01:56', NULL),
(939, 691, '$2y$10$cSweOQAZ2qKztbYef0Ekf.DuQUbilIwu0tvxEE1r/bEuP8GOQA1Mu', '2023-04-23 22:02:55', '2023-04-23 22:02:55', NULL),
(940, 691, '$2y$10$w59jx81NtL2OMhL3bRETeeFGUWC2yF3yH2Ee6sB2ZjZrVGMkP9DZC', '2023-04-23 23:31:00', '2023-04-23 23:31:00', NULL),
(941, 691, '$2y$10$Fjh0zteSNSPc6Kd8dCkxjeDlW9wH8bEKBR0lXbAhmsaNTEFFrFCRG', '2023-04-23 23:32:06', '2023-04-23 23:32:06', NULL),
(942, 691, '$2y$10$g8oteP4BGFVT41dqcRak2uqqsrNdfAV90jJYXThvIAvZYOxTJv2Ya', '2023-04-23 23:32:09', '2023-04-23 23:32:09', NULL),
(943, 692, '$2y$10$GaWxvGDjcu5GZ8qLZOrHDuSU597h7EuT8jEprxunYSCbPoWtM/hnG', '2023-04-24 10:21:46', '2023-04-24 10:21:46', NULL),
(944, 692, '$2y$10$.qnIUiDolFNarUeFFB19LebtaPH0REFTarAehgQIiMKri.aM7Hira', '2023-04-24 10:23:16', '2023-04-24 10:23:16', NULL),
(945, 693, '$2y$10$y2GMvdI/9yFNRWDM2kJMKe9JfkJqvlLFDhXhYjh6nq00elhFLD36m', '2023-04-24 15:34:06', '2023-04-24 15:34:06', NULL),
(946, 693, '$2y$10$qT773JbVvchhqhphtv7fmeOgvUgmZgM69I5ZlPBm6y8l8SVy.em9y', '2023-04-24 15:34:56', '2023-04-24 15:34:56', NULL),
(947, 693, '$2y$10$VMmPIRO52FIGDey/aH1X4u4EcjcEpG297x2LjJfbgxixTwb24dZIq', '2023-04-24 15:35:53', '2023-04-24 15:35:53', NULL),
(948, 693, '$2y$10$XK4EuYMfQKpEB8IiGGpdCO.4s3npk0AizNR.LSbNjLRDAFG3IL8O2', '2023-04-24 15:36:07', '2023-04-24 15:36:07', NULL),
(949, 693, '$2y$10$TgRU8A19tfR0YzDpzPcTlea3iAjCH2WmD3nV8zbAeCzmMnmF/sUZC', '2023-04-24 15:36:32', '2023-04-24 15:36:32', NULL);

-- --------------------------------------------------------

--
-- Table structure for table `pages`
--

CREATE TABLE `pages` (
  `id` int(10) UNSIGNED NOT NULL,
  `author_id` int(11) NOT NULL,
  `title` varchar(255) COLLATE utf8mb4_unicode_ci NOT NULL,
  `excerpt` text COLLATE utf8mb4_unicode_ci,
  `body` text COLLATE utf8mb4_unicode_ci,
  `image` varchar(255) COLLATE utf8mb4_unicode_ci DEFAULT NULL,
  `slug` varchar(255) COLLATE utf8mb4_unicode_ci NOT NULL,
  `meta_description` text COLLATE utf8mb4_unicode_ci,
  `meta_keywords` text COLLATE utf8mb4_unicode_ci,
  `status` enum('ACTIVE','INACTIVE') COLLATE utf8mb4_unicode_ci NOT NULL DEFAULT 'INACTIVE',
  `created_at` timestamp NULL DEFAULT NULL,
  `updated_at` timestamp NULL DEFAULT NULL
) ENGINE=InnoDB DEFAULT CHARSET=utf8mb4 COLLATE=utf8mb4_unicode_ci;

--
-- Dumping data for table `pages`
--

INSERT INTO `pages` (`id`, `author_id`, `title`, `excerpt`, `body`, `image`, `slug`, `meta_description`, `meta_keywords`, `status`, `created_at`, `updated_at`) VALUES
(1, 0, 'Hello World', 'Hang the jib grog grog blossom grapple dance the hempen jig gangway pressgang bilge rat to go on account lugger. Nelsons folly gabion line draught scallywag fire ship gaff fluke fathom case shot. Sea Legs bilge rat sloop matey gabion long clothes run a shot across the bow Gold Road cog league.', '<p>Hello World. Scallywag grog swab Cat o\'nine tails scuttle rigging hardtack cable nipper Yellow Jack. Handsomely spirits knave lad killick landlubber or just lubber deadlights chantey pinnace crack Jennys tea cup. Provost long clothes black spot Yellow Jack bilged on her anchor league lateen sail case shot lee tackle.</p>\n<p>Ballast spirits fluke topmast me quarterdeck schooner landlubber or just lubber gabion belaying pin. Pinnace stern galleon starboard warp carouser to go on account dance the hempen jig jolly boat measured fer yer chains. Man-of-war fire in the hole nipperkin handsomely doubloon barkadeer Brethren of the Coast gibbet driver squiffy.</p>', 'pages/page1.jpg', 'hello-world', 'Yar Meta Description', 'Keyword1, Keyword2', 'ACTIVE', '2020-10-12 06:28:08', '2020-10-12 06:28:08');

-- --------------------------------------------------------

--
-- Table structure for table `password_resets`
--

CREATE TABLE `password_resets` (
  `email` varchar(255) COLLATE utf8mb4_unicode_ci NOT NULL,
  `token` varchar(255) COLLATE utf8mb4_unicode_ci NOT NULL,
  `created_at` timestamp NULL DEFAULT NULL
) ENGINE=InnoDB DEFAULT CHARSET=utf8mb4 COLLATE=utf8mb4_unicode_ci;

--
-- Dumping data for table `password_resets`
--

INSERT INTO `password_resets` (`email`, `token`, `created_at`) VALUES
('adip18coli@gmail.com', '$2y$10$zzzRNAzrs/8h23.reMG3MulM6M.Yrtc3LCJS9MPgvVdNC/vmYb70a', '2020-11-20 21:19:46'),
('islamwaheed@hotmail.com', 'isu0jq2VkNU3Mnkd6Xsij1us5A8sA1ZsCkVkmvtzR43Z8O94NfDidvmOX54a', '2023-01-23 13:17:56');

-- --------------------------------------------------------

--
-- Table structure for table `paymentlinkorders`
--

CREATE TABLE `paymentlinkorders` (
  `id` bigint(20) UNSIGNED NOT NULL,
  `paymentlink_id` bigint(20) UNSIGNED NOT NULL,
  `paymentlink_reference` varchar(191) COLLATE utf8mb4_unicode_ci NOT NULL,
  `link_paid_by_platform` varchar(191) COLLATE utf8mb4_unicode_ci NOT NULL,
  `json_data` text COLLATE utf8mb4_unicode_ci,
  `email` varchar(191) COLLATE utf8mb4_unicode_ci DEFAULT NULL,
  `order_state` tinyint(1) NOT NULL DEFAULT '0',
  `order_status` varchar(191) COLLATE utf8mb4_unicode_ci NOT NULL DEFAULT 'unpaid',
  `created_at` timestamp NULL DEFAULT NULL,
  `updated_at` timestamp NULL DEFAULT NULL,
  `deleted_at` timestamp NULL DEFAULT NULL
) ENGINE=MyISAM DEFAULT CHARSET=utf8mb4 COLLATE=utf8mb4_unicode_ci;

--
-- Dumping data for table `paymentlinkorders`
--

INSERT INTO `paymentlinkorders` (`id`, `paymentlink_id`, `paymentlink_reference`, `link_paid_by_platform`, `json_data`, `email`, `order_state`, `order_status`, `created_at`, `updated_at`, `deleted_at`) VALUES
(1, 5, '621cb5df48ac4', 'phpWallet', NULL, 'celso.r.paunde@gmail.com', 1, 'paid', '2022-02-28 23:12:31', '2022-02-28 23:12:31', NULL),
(2, 5, '621cb5df48ac4', 'phpWallet', NULL, 'celso.r.paunde@gmail.com', 1, 'paid', '2022-02-28 23:13:46', '2022-02-28 23:13:46', NULL),
(3, 5, '621cb5df48ac4', 'phpWallet', NULL, 'celso.r.paunde@gmail.com', 1, 'paid', '2022-02-28 23:18:50', '2022-02-28 23:18:50', NULL),
(4, 5, '621cb5df48ac4', 'phpWallet', NULL, 'celso.r.paunde@gmail.com', 1, 'paid', '2022-02-28 23:27:21', '2022-02-28 23:27:21', NULL),
(5, 6, '6223b566dc7a1', 'Stripe Credit Card', NULL, 'celso.r.paunde@gmail.com', 0, 'paid', '2022-03-21 18:19:20', '2022-03-21 18:19:20', NULL),
(6, 6, '6223b566dc7a1', 'Stripe Credit Card', NULL, 'celso.r.paunde@gmail.com', 1, 'paid', '2022-03-21 18:21:40', '2022-03-21 18:21:40', NULL),
(7, 6, '6223b566dc7a1', 'Stripe Credit Card', NULL, 'celso.r.paunde@gmail.com', 1, 'paid', '2022-03-21 18:22:12', '2022-03-21 18:22:12', NULL),
(8, 13, '627d07bead3ea', 'phpWallet', NULL, 'celso.r.paunde@gmail.com', 1, 'paid', '2022-05-12 17:15:10', '2022-05-12 17:15:10', NULL),
(9, 13, '627d07bead3ea', 'phpWallet', NULL, 'celso.r.paunde@gmail.com', 1, 'paid', '2022-05-12 17:21:24', '2022-05-12 17:21:24', NULL),
(10, 13, '627d07bead3ea', 'phpWallet', NULL, 'celso.r.paunde@gmail.com', 1, 'paid', '2022-05-12 17:22:15', '2022-05-12 17:22:15', NULL),
(11, 13, '627d07bead3ea', 'phpWallet', NULL, 'celso.r.paunde@gmail.com', 1, 'paid', '2022-05-12 17:24:16', '2022-05-12 17:24:16', NULL),
(12, 13, '627d07bead3ea', 'Stripe Credit Card', NULL, 'a@b.com', 1, 'paid', '2022-10-22 16:33:46', '2022-10-22 16:33:46', NULL),
(13, 13, '627d07bead3ea', 'Stripe Credit Card', NULL, 'craigarbonbha25@gmail.com', 1, 'paid', '2022-10-23 05:06:30', '2022-10-23 05:06:30', NULL),
(14, 13, '627d07bead3ea', 'Stripe Credit Card', NULL, 'ghggj@ghggh.co', 1, 'paid', '2022-10-24 12:48:42', '2022-10-24 12:48:42', NULL),
(15, 13, '627d07bead3ea', 'Stripe Credit Card', NULL, 'dsdv@gmail.com', 1, 'paid', '2022-10-24 12:59:33', '2022-10-24 12:59:33', NULL),
(16, 21, '63925ac3e9d02', 'phpWallet', NULL, 'lionlook.info@gmail.com', 1, 'paid', '2022-12-11 18:29:31', '2022-12-11 18:29:31', NULL),
(17, 26, '639609613f7df', 'phpWallet', NULL, 'lionlook.info@gmail.com', 1, 'paid', '2022-12-12 16:32:47', '2022-12-12 16:32:47', NULL),
(18, 13, '627d07bead3ea', 'phpWallet', NULL, 'lionlook.info@gmail.com', 1, 'paid', '2022-12-12 16:33:46', '2022-12-12 16:33:46', NULL),
(19, 25, '6393e2ebb4de5', 'phpWallet', NULL, 'lionlook.info@gmail.com', 1, 'paid', '2022-12-13 21:10:33', '2022-12-13 21:10:33', NULL),
(20, 5, '621cb5df48ac4', 'phpWallet', NULL, 'lionlook.info@gmail.com', 1, 'paid', '2022-12-13 21:58:49', '2022-12-13 21:58:49', NULL),
(21, 27, '6396caef4934e', 'phpWallet', NULL, 'demouser@demouser.com', 1, 'paid', '2022-12-14 06:39:16', '2022-12-14 06:39:16', NULL),
(22, 17, '6384faba6b446', 'phpWallet', NULL, 'demouser@demouser.com', 1, 'paid', '2022-12-28 02:48:11', '2022-12-28 02:48:11', NULL),
(23, 17, '6384faba6b446', 'phpWallet', NULL, 'demouser@demouser.com', 1, 'paid', '2022-12-28 07:17:28', '2022-12-28 07:17:28', NULL),
(24, 17, '6384faba6b446', 'phpWallet', NULL, 'demouser@demouser.com', 1, 'paid', '2022-12-28 21:31:00', '2022-12-28 21:31:00', NULL),
(25, 17, '6384faba6b446', 'phpWallet', NULL, 'demouser@demouser.com', 1, 'paid', '2022-12-29 05:17:49', '2022-12-29 05:17:49', NULL),
(26, 17, '6384faba6b446', 'phpWallet', NULL, 'demouser@demouser.com', 1, 'paid', '2022-12-29 16:51:44', '2022-12-29 16:51:44', NULL),
(27, 17, '6384faba6b446', 'phpWallet', NULL, 'userdemo@gmail.com', 1, 'paid', '2022-12-31 13:09:37', '2022-12-31 13:09:37', NULL),
(28, 17, '6384faba6b446', 'phpWallet', NULL, 'demouser@demouser.com', 1, 'paid', '2023-01-01 13:12:31', '2023-01-01 13:12:31', NULL),
(29, 17, '6384faba6b446', 'phpWallet', NULL, 'demouser@demouser.com', 1, 'paid', '2023-01-04 11:05:31', '2023-01-04 11:05:31', NULL),
(30, 17, '6384faba6b446', 'phpWallet', NULL, 'demouser@demouser.com', 1, 'paid', '2023-01-14 09:37:06', '2023-01-14 09:37:06', NULL),
(31, 17, '6384faba6b446', 'phpWallet', NULL, 'demouser@demouser.com', 1, 'paid', '2023-01-16 00:24:33', '2023-01-16 00:24:33', NULL),
(32, 17, '6384faba6b446', 'phpWallet', NULL, 'demouser@demouser.com', 1, 'paid', '2023-01-22 14:55:36', '2023-01-22 14:55:36', NULL),
(33, 17, '6384faba6b446', 'phpWallet', NULL, 'demouser@demouser.com', 1, 'paid', '2023-01-24 00:51:55', '2023-01-24 00:51:55', NULL),
(34, 17, '6384faba6b446', 'phpWallet', NULL, 'demouser@demouser.com', 1, 'paid', '2023-01-24 03:08:31', '2023-01-24 03:08:31', NULL),
(35, 17, '6384faba6b446', 'phpWallet', NULL, 'demouser@demouser.com', 1, 'paid', '2023-01-24 04:11:56', '2023-01-24 04:11:56', NULL),
(36, 17, '6384faba6b446', 'phpWallet', NULL, 'userdemo@gmail.com', 1, 'paid', '2023-01-25 13:38:32', '2023-01-25 13:38:32', NULL),
(37, 17, '6384faba6b446', 'phpWallet', NULL, 'demouser@demouser.com', 1, 'paid', '2023-01-26 15:16:53', '2023-01-26 15:16:53', NULL),
(38, 17, '6384faba6b446', 'phpWallet', NULL, 'demouser@demouser.com', 1, 'paid', '2023-01-26 19:20:10', '2023-01-26 19:20:10', NULL),
(39, 17, '6384faba6b446', 'phpWallet', NULL, 'demouser@demouser.com', 1, 'paid', '2023-01-27 03:47:36', '2023-01-27 03:47:36', NULL),
(40, 17, '6384faba6b446', 'phpWallet', NULL, 'demouser@demouser.com', 1, 'paid', '2023-01-28 19:06:20', '2023-01-28 19:06:20', NULL),
(41, 17, '6384faba6b446', 'phpWallet', NULL, 'userdemo@gmail.com', 1, 'paid', '2023-01-30 20:37:41', '2023-01-30 20:37:41', NULL),
(42, 17, '6384faba6b446', 'phpWallet', NULL, 'userdemo@gmail.com', 1, 'paid', '2023-01-31 22:51:16', '2023-01-31 22:51:16', NULL),
(43, 17, '6384faba6b446', 'phpWallet', NULL, 'userdemo@gmail.com', 1, 'paid', '2023-01-31 22:55:08', '2023-01-31 22:55:08', NULL),
(44, 17, '6384faba6b446', 'phpWallet', NULL, 'demouser@demouser.com', 1, 'paid', '2023-02-02 01:04:40', '2023-02-02 01:04:40', NULL),
(45, 116, '63e24324f0c7c', 'phpWallet', NULL, 'userdemo@gmail.com', 1, 'paid', '2023-04-09 11:50:47', '2023-04-09 11:50:47', NULL),
(46, 116, '63e24324f0c7c', 'phpWallet', NULL, 'demouser@demouser.com', 1, 'paid', '2023-04-14 20:27:45', '2023-04-14 20:27:45', NULL),
(47, 116, '63e24324f0c7c', 'phpWallet', NULL, 'demouser@demouser.com', 1, 'paid', '2023-04-15 15:46:28', '2023-04-15 15:46:28', NULL),
(48, 116, '63e24324f0c7c', 'phpWallet', NULL, 'demouser@demouser.com', 1, 'paid', '2023-04-15 18:40:53', '2023-04-15 18:40:53', NULL),
(49, 180, '643d25b6bf59d', 'phpWallet', NULL, 'demouser@demouser.com', 1, 'paid', '2023-04-17 10:56:32', '2023-04-17 10:56:32', NULL),
(50, 116, '63e24324f0c7c', 'phpWallet', NULL, 'userdemo@gmail.com', 1, 'paid', '2023-04-19 18:41:51', '2023-04-19 18:41:51', NULL),
(51, 181, '643d971eaea55', 'phpWallet', NULL, 'demouser@demouser.com', 1, 'paid', '2023-04-19 20:54:07', '2023-04-19 20:54:07', NULL),
(52, 116, '63e24324f0c7c', 'phpWallet', NULL, 'demouser@demouser.com', 1, 'paid', '2023-04-19 20:59:28', '2023-04-19 20:59:28', NULL),
(53, 116, '63e24324f0c7c', 'phpWallet', NULL, 'userdemo@gmail.com', 1, 'paid', '2023-04-23 23:47:17', '2023-04-23 23:47:17', NULL),
(54, 116, '63e24324f0c7c', 'phpWallet', NULL, 'demouser@demouser.com', 1, 'paid', '2023-04-24 18:00:05', '2023-04-24 18:00:05', NULL);

-- --------------------------------------------------------

--
-- Table structure for table `paymentlinks`
--

CREATE TABLE `paymentlinks` (
  `id` bigint(20) UNSIGNED NOT NULL,
  `paymentlink_id` varchar(191) COLLATE utf8mb4_unicode_ci DEFAULT NULL,
  `user_id` bigint(20) UNSIGNED NOT NULL,
  `currency_id` bigint(20) UNSIGNED DEFAULT NULL,
  `paymentlink_details` text COLLATE utf8mb4_unicode_ci,
  `amount` decimal(16,8) NOT NULL DEFAULT '0.00000000',
  `email` varchar(191) COLLATE utf8mb4_unicode_ci DEFAULT NULL,
  `is_crypto` tinyint(1) NOT NULL DEFAULT '0',
  `payment_status` tinyint(1) NOT NULL DEFAULT '0',
  `link_status` tinyint(1) NOT NULL DEFAULT '0',
  `created_at` timestamp NULL DEFAULT NULL,
  `updated_at` timestamp NULL DEFAULT NULL,
  `deleted_at` timestamp NULL DEFAULT NULL,
  `ipn_url` text COLLATE utf8mb4_unicode_ci,
  `link` text COLLATE utf8mb4_unicode_ci,
  `name` varchar(191) COLLATE utf8mb4_unicode_ci NOT NULL
) ENGINE=MyISAM DEFAULT CHARSET=utf8mb4 COLLATE=utf8mb4_unicode_ci;

--
-- Dumping data for table `paymentlinks`
--

INSERT INTO `paymentlinks` (`id`, `paymentlink_id`, `user_id`, `currency_id`, `paymentlink_details`, `amount`, `email`, `is_crypto`, `payment_status`, `link_status`, `created_at`, `updated_at`, `deleted_at`, `ipn_url`, `link`, `name`) VALUES
(7, '623b8be7eab5b', 2, 1, 'please', '38.00000000', NULL, 0, 1, 1, '2022-03-24 01:06:47', '2022-03-24 01:06:47', NULL, NULL, NULL, 'yarizo'),
(8, '624069f37ff7e', 2, 1, 'Hello, I am _celso and i created this payment link for my demo YouTube channel supporters. if you want to buy me a coffe you are in the right place use this payment link and this is just a demo description you can go wild in here,  \r\n\r\nand you can buy me a coffe with the demo credit card that i leave the details for you to use in phpWallet\'s decriptioin on CodeCanyon.\r\nhttps://codecanyon.net/item/phpwallet-ewallet-and-online-payment-gateway-system/22049979\r\n\r\nCheers', '15.00000000', NULL, 0, 1, 1, '2022-03-27 17:43:15', '2022-03-27 17:43:15', NULL, NULL, NULL, 'Demo YouTube Channel Supporters'),
(6, '6223b566dc7a1', 2, 1, 'This is a description for my Stripe Test Payment Link', '300.00000000', NULL, 0, 1, 1, '2022-03-06 00:09:26', '2022-03-06 00:09:26', NULL, NULL, NULL, 'Stripe test'),
(5, '621cb5df48ac4', 1, 1, 'Payment Request for Doing a code review', '250.00000000', NULL, 0, 1, 1, '2022-02-28 16:45:35', '2022-02-28 16:45:35', NULL, NULL, NULL, 'Service Payment'),
(9, '6253e71ac6987', 1, 6, 'Btc', '20.00000000', NULL, 1, 1, 1, '2022-04-11 12:30:18', '2022-04-11 12:30:18', NULL, NULL, NULL, 'btc test'),
(10, '6253e7ce704cd', 1, 6, 'ewrwe', '20.00000000', NULL, 1, 1, 1, '2022-04-11 12:33:18', '2022-04-11 12:33:18', NULL, NULL, NULL, '60'),
(11, '6253e8419d3fa', 1, 6, 'werwe', '50.00000000', NULL, 1, 1, 1, '2022-04-11 12:35:13', '2022-04-11 12:35:13', NULL, NULL, NULL, '213123'),
(12, '6253e851581c3', 1, 6, 'ewqwe', '40.00000000', NULL, 1, 1, 1, '2022-04-11 12:35:29', '2022-04-11 12:35:29', NULL, NULL, NULL, 'celso.r'),
(13, '627d07bead3ea', 1, 1, 'test', '1000.00000000', NULL, 0, 1, 1, '2022-05-12 17:12:30', '2022-05-12 17:12:30', NULL, NULL, NULL, '1000$'),
(14, '63551fcf1ce01', 348, 1, 'help', '10000000.00000000', NULL, 0, 1, 1, '2022-10-23 11:04:47', '2022-10-23 11:04:47', NULL, NULL, NULL, 'help'),
(15, '63551fcf47645', 348, 1, 'help', '10000000.00000000', NULL, 0, 1, 1, '2022-10-23 11:04:47', '2022-10-23 11:04:47', NULL, NULL, NULL, 'help'),
(16, '63568b9a214dd', 350, 1, 'Digital cloud wallet!', '2500.00000000', NULL, 0, 1, 1, '2022-10-24 12:56:58', '2022-10-24 12:56:58', NULL, NULL, NULL, 'Astronomics'),
(17, '6384faba6b446', 352, 1, 'good', '50.00000000', NULL, 0, 1, 1, '2022-11-28 18:15:22', '2022-11-28 18:15:22', NULL, NULL, NULL, 'my New'),
(18, '638d287e32bb5', 1, 1, 'pls', '50.00000000', NULL, 0, 1, 1, '2022-12-04 23:08:46', '2022-12-04 23:08:46', NULL, NULL, NULL, 'somebody'),
(19, '638d2a56a22a2', 1, 11, 'gbbb', '5000.00000000', NULL, 0, 1, 1, '2022-12-04 23:16:38', '2022-12-04 23:16:38', NULL, NULL, NULL, 'sokoto'),
(20, '638d2f9c27098', 2, 1, 'SEO', '233.00000000', NULL, 0, 1, 1, '2022-12-04 23:39:08', '2022-12-04 23:39:08', NULL, NULL, NULL, 'Abdallah'),
(21, '63925ac3e9d02', 1, 1, 'ooo', '100.00000000', NULL, 0, 1, 1, '2022-12-08 21:44:35', '2022-12-08 21:44:35', NULL, NULL, NULL, 'Adhambek'),
(22, '6392c88d3e7df', 357, 1, 'Paga', '1000.00000000', NULL, 0, 1, 1, '2022-12-09 05:33:01', '2022-12-09 05:33:01', NULL, NULL, NULL, 'Chespier'),
(23, '6392c95e79a08', 357, 1, 'Go go go', '200.00000000', NULL, 0, 1, 1, '2022-12-09 05:36:30', '2022-12-09 05:36:30', NULL, NULL, NULL, 'tiktok'),
(24, '6393936d4bd62', 2, 2, 'Achats Bob', '50.00000000', NULL, 0, 1, 1, '2022-12-09 19:58:37', '2022-12-09 19:58:37', NULL, NULL, NULL, 'Payer le livré avant'),
(25, '6393e2ebb4de5', 1, 1, 'Quick', '5000.00000000', NULL, 0, 1, 1, '2022-12-10 01:37:47', '2022-12-10 01:37:47', NULL, NULL, NULL, 'piryon'),
(26, '639609613f7df', 1, 1, 'you have to pay rent', '30.00000000', NULL, 0, 1, 1, '2022-12-11 16:46:25', '2022-12-11 16:46:25', NULL, NULL, NULL, 'new link'),
(27, '6396caef4934e', 2, 1, '1oooooo', '100.00000000', NULL, 0, 1, 1, '2022-12-12 06:32:15', '2022-12-12 06:32:15', NULL, NULL, NULL, 'pay'),
(28, '63975df9b804c', 360, 11, 'Testing', '1000.00000000', NULL, 0, 1, 1, '2022-12-12 16:59:37', '2022-12-12 16:59:37', NULL, NULL, NULL, 'Good payment'),
(29, '6399cc026443a', 1, 1, 'That lon abeg', '200.00000000', NULL, 0, 1, 1, '2022-12-14 13:13:38', '2022-12-14 13:13:38', NULL, NULL, NULL, 'Faith'),
(30, '639b295d21687', 1, 1, 'Thhh', '45.00000000', NULL, 0, 1, 1, '2022-12-15 14:04:13', '2022-12-15 14:04:13', NULL, NULL, NULL, 'James L Grant'),
(31, '639c4272665ce', 1, 10, '5555', '100.00000000', NULL, 0, 1, 1, '2022-12-16 10:03:30', '2022-12-16 10:03:30', NULL, NULL, NULL, '5555'),
(32, '639daabd38f9a', 1, 1, 'j', '90.00000000', NULL, 0, 1, 1, '2022-12-17 11:40:45', '2022-12-17 11:40:45', NULL, NULL, NULL, 'thedripnation'),
(33, '639f9b38424f2', 1, 1, 'Jgv', '5000.00000000', NULL, 0, 1, 1, '2022-12-18 22:59:04', '2022-12-18 22:59:04', NULL, NULL, NULL, 'Hhf'),
(34, '63a05b25ee621', 1, 1, 'This is use to collect promotion money only', '7000.00000000', NULL, 0, 1, 1, '2022-12-19 12:37:57', '2022-12-19 12:37:57', NULL, NULL, NULL, 'Music Promotion'),
(35, '63a08e55eb37d', 2, 2, 'sdrfsrfsef', '100.00000000', NULL, 0, 1, 1, '2022-12-19 16:16:21', '2022-12-19 16:16:21', NULL, NULL, NULL, 'ifty11'),
(36, '63a09ddad6ff4', 2, 2, 'userdemo', '500.00000000', NULL, 0, 1, 1, '2022-12-19 17:22:34', '2022-12-19 17:22:34', NULL, NULL, NULL, 'Ajit'),
(37, '63a0ce98107c7', 1, 1, 'Okay', '2000.00000000', NULL, 0, 1, 1, '2022-12-19 20:50:32', '2022-12-19 20:50:32', NULL, NULL, NULL, 'Payment'),
(38, '63a0d3729824a', 1, 1, 'ivbn', '500.00000000', NULL, 0, 1, 1, '2022-12-19 21:11:14', '2022-12-19 21:11:14', NULL, NULL, NULL, 'MD Omar Faruk'),
(39, '63a1aa29172c6', 1, 10, 'يسيسشيسش', '1000.00000000', NULL, 0, 1, 1, '2022-12-20 12:27:21', '2022-12-20 12:27:21', NULL, NULL, NULL, 'Mohamed majd ayman alhaj ahmed'),
(40, '63a4236703391', 1, 1, 'jklsadfkjsahdfklsajh', '1000.00000000', NULL, 0, 1, 1, '2022-12-22 09:29:11', '2022-12-22 09:29:11', NULL, NULL, NULL, 'Naturopate'),
(41, '63a47e3c03db5', 1, 10, 'dfdsfsdfddfddsfvfv   dwef cxs', '100.00000000', NULL, 0, 1, 1, '2022-12-22 15:56:44', '2022-12-22 15:56:44', NULL, NULL, NULL, 'test'),
(42, '63a4829de9b40', 1, 10, 'ertyu', '100.00000000', NULL, 0, 1, 1, '2022-12-22 16:15:25', '2022-12-22 16:15:25', NULL, NULL, NULL, 'halal halal'),
(43, '63a4c8d0eac3f', 1, 1, 'uhhg', '130.00000000', NULL, 0, 1, 1, '2022-12-22 21:14:56', '2022-12-22 21:14:56', NULL, NULL, NULL, 'Harborlarji'),
(44, '63a4d966147c0', 1, 2, 'test', '100.00000000', NULL, 0, 1, 1, '2022-12-22 22:25:42', '2022-12-22 22:25:42', NULL, NULL, NULL, '21231'),
(45, '63a50aff0bbb1', 374, 1, '15', '15.00000000', NULL, 0, 1, 1, '2022-12-23 01:57:19', '2022-12-23 01:57:19', NULL, NULL, NULL, '15'),
(46, '63a5711b66ba2', 377, 1, 'dgthdfjih gkjhfjdvxhkj', '1524.00000000', NULL, 0, 1, 1, '2022-12-23 09:12:59', '2022-12-23 09:12:59', NULL, NULL, NULL, 'Please pay'),
(47, '63a5d0a9da5df', 1, 1, 'tesr', '50.00000000', NULL, 0, 1, 1, '2022-12-23 16:00:41', '2022-12-23 16:00:41', NULL, NULL, NULL, 'gg'),
(48, '63a6f47d89c69', 1, 2, 'For ps order', '50.00000000', NULL, 0, 1, 1, '2022-12-24 12:45:49', '2022-12-24 12:45:49', NULL, NULL, NULL, 'Post'),
(49, '63a6f8e307dc1', 1, 2, 'ghhhhhhhhhh', '1000.00000000', NULL, 0, 1, 1, '2022-12-24 13:04:35', '2022-12-24 13:04:35', NULL, NULL, NULL, 'ghggggggggg'),
(50, '63a781ab06365', 2, 13, 'test', '20.00000000', NULL, 0, 1, 1, '2022-12-24 22:48:11', '2022-12-24 22:48:11', NULL, NULL, NULL, 'test'),
(51, '63a78d848b9dc', 1, 1, 'Test', '500.00000000', NULL, 0, 1, 1, '2022-12-24 23:38:44', '2022-12-24 23:38:44', NULL, NULL, NULL, 'Teste'),
(52, '63a79ed9e6d09', 394, 1, 'Bbbb', '100.00000000', NULL, 0, 1, 1, '2022-12-25 00:52:41', '2022-12-25 00:52:41', NULL, NULL, NULL, 'Ogunsipe Oluwaseun'),
(53, '63a82baf26778', 2, 13, 'olp', '100.00000000', NULL, 0, 1, 1, '2022-12-25 10:53:35', '2022-12-25 10:53:35', NULL, NULL, NULL, 'yu'),
(54, '63a847789c41a', 1, 10, 'hi test', '100.00000000', NULL, 0, 1, 1, '2022-12-25 12:52:08', '2022-12-25 12:52:08', NULL, NULL, NULL, 'NGNGNG'),
(55, '63a864e8d0f82', 1, 10, 'Jjj', '30000.00000000', NULL, 0, 1, 1, '2022-12-25 14:57:44', '2022-12-25 14:57:44', NULL, NULL, NULL, 'Tienda Online'),
(56, '63a8868443ec8', 1, 1, 'Fgg', '20.00000000', NULL, 0, 1, 1, '2022-12-25 17:21:08', '2022-12-25 17:21:08', NULL, NULL, NULL, 'meir'),
(57, '63a936a0b77e0', 401, 1, 'Hdhd', '200.00000000', NULL, 0, 1, 1, '2022-12-26 05:52:32', '2022-12-26 05:52:32', NULL, NULL, NULL, 'McWilton'),
(58, '63a975018440d', 1, 1, 'idk', '67.00000000', NULL, 0, 1, 1, '2022-12-26 10:18:41', '2022-12-26 10:18:41', NULL, NULL, NULL, 'my'),
(59, '63a99783d8afd', 1, 1, 'have a nice day', '1000.00000000', NULL, 0, 1, 1, '2022-12-26 12:45:55', '2022-12-26 12:45:55', NULL, NULL, NULL, 'name link'),
(60, '63aaf52e1c862', 1, 1, 'ok', '100.00000000', NULL, 0, 1, 1, '2022-12-27 13:37:50', '2022-12-27 13:37:50', NULL, NULL, NULL, 'gst filling'),
(61, '63ab49c0adf40', 1, 1, 'Bbb', '100.00000000', NULL, 0, 1, 1, '2022-12-27 19:38:40', '2022-12-27 19:38:40', NULL, NULL, NULL, 'Jhjjkkk'),
(62, '63ac15ad408bf', 360, 1, 'Thanks', '1000.00000000', NULL, 0, 1, 1, '2022-12-28 10:08:45', '2022-12-28 10:08:45', NULL, NULL, NULL, 'Paymenow'),
(63, '63ad92c79951c', 410, 1, 'jgfvhbb', '400000.00000000', NULL, 0, 1, 1, '2022-12-29 13:14:47', '2022-12-29 13:14:47', NULL, NULL, NULL, 'link'),
(64, '63ade08a6c8e8', 1, 1, 'ádasdsadsadsadsadsadasdsadsadsadafgvefgv', '4444.00000000', NULL, 0, 1, 1, '2022-12-29 18:46:34', '2022-12-29 18:46:34', NULL, NULL, NULL, 'khalid'),
(65, '63ade319485d6', 413, 1, 'sụhe', '7777.00000000', NULL, 0, 1, 1, '2022-12-29 18:57:29', '2022-12-29 18:57:29', NULL, NULL, NULL, '938'),
(66, '63b1498d2151a', 1, 10, '1 year', '120.00000000', NULL, 0, 1, 1, '2023-01-01 08:51:25', '2023-01-01 08:51:25', NULL, NULL, NULL, 'Subscription'),
(67, '63b14a81325bc', 1, 2, '1 year', '120.00000000', NULL, 0, 1, 1, '2023-01-01 08:55:29', '2023-01-01 08:55:29', NULL, NULL, NULL, 'Subscription'),
(68, '63b16dce471d7', 1, 2, 'Deposit', '100.00000000', NULL, 0, 1, 1, '2023-01-01 11:26:06', '2023-01-01 11:26:06', NULL, NULL, NULL, 'Test'),
(69, '63b2ad6eeaa41', 1, 4, 'werwerwer', '11.00000000', NULL, 0, 1, 1, '2023-01-02 10:09:50', '2023-01-02 10:09:50', NULL, NULL, NULL, 'testdesuyo'),
(70, '63b2b23f7085f', 1, 1, '123', '123.00000000', NULL, 0, 1, 1, '2023-01-02 10:30:23', '2023-01-02 10:30:23', NULL, NULL, NULL, 'testdesuyo'),
(71, '63b39895c5a04', 1, 1, 'Send me little money', '45.00000000', NULL, 0, 1, 1, '2023-01-03 02:53:09', '2023-01-03 02:53:09', NULL, NULL, NULL, 'Zanmim'),
(72, '63b3faffa7ef6', 1, 2, 'test', '2000.00000000', NULL, 0, 1, 1, '2023-01-03 09:53:03', '2023-01-03 09:53:03', NULL, NULL, NULL, 'Kgosietsile Rankaba'),
(73, '63b515e38b0a7', 2, 2, 'Pay for received your product', '45.00000000', NULL, 0, 1, 1, '2023-01-04 06:00:03', '2023-01-04 06:00:03', NULL, NULL, NULL, 'Soulier'),
(74, '63b51639b5776', 2, 1, 'Pay for your bag', '50.00000000', NULL, 0, 1, 1, '2023-01-04 06:01:29', '2023-01-04 06:01:29', NULL, NULL, NULL, 'Bag'),
(75, '63b705a0e80f6', 1, 1, 'ddfccvvvcc', '100.00000000', NULL, 0, 1, 1, '2023-01-05 17:15:12', '2023-01-05 17:15:12', NULL, NULL, NULL, 'muhammad gidado umar'),
(76, '63c148a7b1090', 2, 10, 'ta7oooooon', '120.00000000', NULL, 0, 1, 1, '2023-01-13 12:03:51', '2023-01-13 12:03:51', NULL, NULL, NULL, 'ta7ooooooon'),
(77, '63c1845a1f9d4', 1, 1, 'Make a purchase to get download link', '100.00000000', NULL, 0, 1, 1, '2023-01-13 16:18:34', '2023-01-13 16:18:34', NULL, NULL, NULL, 'ABC cup'),
(78, '63c1b667b588b', 1, 1, 'gggougug', '10000.00000000', NULL, 0, 1, 1, '2023-01-13 19:52:07', '2023-01-13 19:52:07', NULL, NULL, NULL, 'Flexy'),
(79, '63c2e347c194e', 1, 11, 'Lo', '125.00000000', NULL, 0, 1, 1, '2023-01-14 17:15:51', '2023-01-14 17:15:51', NULL, NULL, NULL, 'Wh'),
(80, '63c2ed837d600', 1, 11, 'test here', '100.00000000', NULL, 0, 1, 1, '2023-01-14 17:59:31', '2023-01-14 17:59:31', NULL, NULL, NULL, 'test'),
(81, '63c54544e85b9', 1, 11, 'hi', '100.00000000', NULL, 0, 1, 1, '2023-01-16 12:38:28', '2023-01-16 12:38:28', NULL, NULL, NULL, 'UPI'),
(82, '63c5877619269', 441, 2, 'Jajajaja', '100.00000000', NULL, 0, 1, 1, '2023-01-16 17:20:54', '2023-01-16 17:20:54', NULL, NULL, NULL, 'Jajaja'),
(83, '63c6e60024fc9', 443, 1, 'Collection for function', '100.00000000', NULL, 0, 1, 1, '2023-01-17 18:16:32', '2023-01-17 18:16:32', NULL, NULL, NULL, 'Summary'),
(84, '63c907fe47a26', 2, 10, 'teting 2', '500.00000000', NULL, 0, 1, 1, '2023-01-19 09:06:06', '2023-01-19 09:06:06', NULL, NULL, NULL, 'aram'),
(85, '63c90842934b6', 2, 1, 'for test', '500.00000000', NULL, 0, 1, 1, '2023-01-19 09:07:14', '2023-01-19 09:07:14', NULL, NULL, NULL, 'aram2'),
(86, '63c94f49566d3', 1, 1, 'Rffgfvg', '150.00000000', NULL, 0, 1, 1, '2023-01-19 14:10:17', '2023-01-19 14:10:17', NULL, NULL, NULL, 'basel'),
(87, '63cb4c1ed4074', 1, 2, 'Bsyad na!', '100.00000000', NULL, 0, 1, 1, '2023-01-21 02:21:18', '2023-01-21 02:21:18', NULL, NULL, NULL, 'https://trendcommerce.biz'),
(88, '63cb8cee77358', 2, 1, 'aflafa\r\nf\r\naf\r\na\r\nf\r\n\r\na\r\nf\r\na\r\nf\r\na\r\nf', '11.00000000', NULL, 0, 1, 1, '2023-01-21 06:57:50', '2023-01-21 06:57:50', NULL, NULL, NULL, 'fafjlajf'),
(89, '63cca69f7c9cf', 1, 2, 'll', '67.00000000', NULL, 0, 1, 1, '2023-01-22 02:59:43', '2023-01-22 02:59:43', NULL, NULL, NULL, 'admin'),
(90, '63cd8213b4ec9', 2, 1, 'Qwerty', '456.00000000', NULL, 0, 1, 1, '2023-01-22 18:36:03', '2023-01-22 18:36:03', NULL, NULL, NULL, 'Cfg'),
(91, '63cd94416ce1e', 1, 11, 'Please pay', '100.00000000', NULL, 0, 1, 1, '2023-01-22 19:53:37', '2023-01-22 19:53:37', NULL, NULL, NULL, 'Please pay'),
(92, '63cdac1dbd2c5', 1, 1, 'okul', '100.00000000', NULL, 0, 1, 1, '2023-01-22 21:35:25', '2023-01-22 21:35:25', NULL, NULL, NULL, 'hakan'),
(93, '63ce013021084', 1, 4, 'teste', '1000.00000000', NULL, 0, 1, 1, '2023-01-23 03:38:24', '2023-01-23 03:38:24', NULL, NULL, NULL, 'Jaciel Placidino'),
(94, '63ce534f35f9f', 2, 4, 'gcvgbnjk', '1000.00000000', NULL, 0, 1, 1, '2023-01-23 09:28:47', '2023-01-23 09:28:47', NULL, NULL, NULL, 'Flow Izzy'),
(95, '63ce604c55b4f', 1, 10, 'just for test', '50.00000000', NULL, 0, 1, 1, '2023-01-23 10:24:12', '2023-01-23 10:24:12', NULL, NULL, NULL, '12354'),
(96, '63ce78024ef74', 1, 10, 'www', '100.00000000', NULL, 0, 1, 1, '2023-01-23 12:05:22', '2023-01-23 12:05:22', NULL, NULL, NULL, 'Brian Chanda'),
(97, '63ce946650d99', 1, 1, 'ffghhh', '500.00000000', NULL, 0, 1, 1, '2023-01-23 14:06:30', '2023-01-23 14:06:30', NULL, NULL, NULL, 'School Fees'),
(98, '63ceaf0d3c634', 2, 1, '2fdgf', '35.00000000', NULL, 0, 1, 1, '2023-01-23 16:00:13', '2023-01-23 16:00:13', NULL, NULL, NULL, 'bcvcvvb'),
(99, '63cefef219293', 1, 2, 'dflksdf', '1000.00000000', NULL, 0, 1, 1, '2023-01-23 21:41:06', '2023-01-23 21:41:06', NULL, NULL, NULL, 'sdf sdf'),
(100, '63d1177be8af0', 1, 1, 'teste', '100.00000000', NULL, 0, 1, 1, '2023-01-25 11:50:19', '2023-01-25 11:50:19', NULL, NULL, NULL, 'teste'),
(101, '63d156778510b', 1, 1, 'mmsmmsma', '300000.00000000', NULL, 0, 1, 1, '2023-01-25 16:19:03', '2023-01-25 16:19:03', NULL, NULL, NULL, 'mmmmmmmmmmmmmm'),
(102, '63d17038092d9', 1, 1, '2', '122.00000000', NULL, 0, 1, 1, '2023-01-25 18:08:56', '2023-01-25 18:08:56', NULL, NULL, NULL, 'Alan Kuresevic'),
(103, '63d21a3021343', 1, 1, 'test', '100.00000000', NULL, 0, 1, 1, '2023-01-26 06:14:08', '2023-01-26 06:14:08', NULL, NULL, NULL, 'Test'),
(104, '63d2873b88ed6', 1, 1, 'ok', '500.00000000', NULL, 0, 1, 1, '2023-01-26 13:59:23', '2023-01-26 13:59:23', NULL, NULL, NULL, 'PC'),
(105, '63d2a2ae4da26', 1, 1, 'fee', '100.00000000', NULL, 0, 1, 1, '2023-01-26 15:56:30', '2023-01-26 15:56:30', NULL, NULL, NULL, 'abhishek bhatt'),
(106, '63d2cf4ee9b2d', 1, 2, 'a', '100.00000000', NULL, 0, 1, 1, '2023-01-26 19:06:54', '2023-01-26 19:06:54', NULL, NULL, NULL, '1'),
(107, '63d2d2c5a7cb0', 1, 1, 'test', '45.00000000', NULL, 0, 1, 1, '2023-01-26 19:21:41', '2023-01-26 19:21:41', NULL, NULL, NULL, 'test'),
(108, '63da62cb822ba', 1, 1, 'teatw', '100.00000000', NULL, 0, 1, 1, '2023-02-01 13:02:03', '2023-02-01 13:02:03', NULL, NULL, NULL, 'demo'),
(109, '63dcb5ee9329b', 1, 10, '.', '20.00000000', NULL, 0, 1, 1, '2023-02-03 07:21:18', '2023-02-03 07:21:18', NULL, NULL, NULL, 'Test'),
(110, '63dcc31d7d3fe', 2, 2, 'brze bolje', '150.00000000', NULL, 0, 1, 1, '2023-02-03 08:17:33', '2023-02-03 08:17:33', NULL, NULL, NULL, 'Fabregas'),
(111, '63dd24f4a3e15', 2, 2, 'Pay For Your Burger', '1500.00000000', NULL, 0, 1, 1, '2023-02-03 15:15:00', '2023-02-03 15:15:00', NULL, NULL, NULL, 'Burger'),
(115, '63e104b0b5659', 1, 1, 'Donate to my', '100.00000000', NULL, 0, 1, 1, '2023-02-06 13:46:24', '2023-02-06 13:46:24', NULL, NULL, NULL, 'Gyih'),
(116, '63e24324f0c7c', 489, 1, 'ffffffffffffffffffffffffffffff', '50.00000000', NULL, 0, 1, 1, '2023-02-07 12:25:08', '2023-02-07 12:25:08', NULL, NULL, NULL, 'Templates'),
(113, '63df8b0886d78', 1, 1, 'tt', '500.00000000', NULL, 0, 1, 1, '2023-02-05 10:55:04', '2023-02-05 10:55:04', NULL, NULL, NULL, 'Emin Mammadov'),
(114, '63dfe865b23e6', 2, 1, 'OMLIME', '250.00000000', NULL, 0, 1, 1, '2023-02-05 17:33:25', '2023-02-05 17:33:25', NULL, NULL, NULL, 'CANDLE 2'),
(117, '63e253693d5a7', 1, 1, 'xcxcx', '50.00000000', NULL, 0, 1, 1, '2023-02-07 13:34:33', '2023-02-07 13:34:33', NULL, NULL, NULL, 'Dianawaty Pranoto'),
(118, '63e2cd402c22c', 1, 1, 'Africa', '1000.00000000', NULL, 0, 1, 1, '2023-02-07 22:14:24', '2023-02-07 22:14:24', NULL, NULL, NULL, 'Website creation'),
(119, '63e4e90f6e57c', 1, 1, 'a', '500.00000000', NULL, 0, 1, 1, '2023-02-09 12:37:35', '2023-02-09 12:37:35', NULL, NULL, NULL, 'Test'),
(120, '63e5702e8d92b', 1, 10, 'nhgjkm', '880.00000000', NULL, 0, 1, 1, '2023-02-09 22:14:06', '2023-02-09 22:14:06', NULL, NULL, NULL, 'hh'),
(121, '63e68727366cd', 1, 2, 'SmmXTrendSmmXTrend', '31.00000000', NULL, 0, 1, 1, '2023-02-10 18:04:23', '2023-02-10 18:04:23', NULL, NULL, NULL, 'SmmXTrend'),
(122, '63e7d7b33c60c', 1, 11, 'this is peter song your friend from usa', '1000.00000000', NULL, 0, 1, 1, '2023-02-11 18:00:19', '2023-02-11 18:00:19', NULL, NULL, NULL, 'peter song'),
(123, '63e851a6a43ce', 1, 10, 'fff', '45.00000000', NULL, 0, 1, 1, '2023-02-12 02:40:38', '2023-02-12 02:40:38', NULL, NULL, NULL, 'sf'),
(124, '63e8b4fb12641', 1, 10, 'Send money', '1000.00000000', NULL, 0, 1, 1, '2023-02-12 09:44:27', '2023-02-12 09:44:27', NULL, NULL, NULL, 'USDT'),
(125, '63edee85adc3a', 1, 2, '123456789', '100.00000000', NULL, 0, 1, 1, '2023-02-16 08:51:17', '2023-02-16 08:51:17', NULL, NULL, NULL, 'robe'),
(126, '63ee2f6e75ff3', 1, 1, 'sfsfdsdfs', '33.00000000', NULL, 0, 1, 1, '2023-02-16 13:28:14', '2023-02-16 13:28:14', NULL, NULL, NULL, 'wedw'),
(127, '63ef33c681b89', 1, 10, 'Keke money', '150.00000000', NULL, 0, 1, 1, '2023-02-17 07:59:02', '2023-02-17 07:59:02', NULL, NULL, NULL, 'Bus Fair'),
(128, '63f238d092146', 524, 1, 'lol', '1000.00000000', NULL, 0, 1, 1, '2023-02-19 14:57:20', '2023-02-19 14:57:20', NULL, NULL, NULL, 'SACHIN JANGIR'),
(129, '63f252b96b8a5', 529, 1, 'reyery', '1000.00000000', NULL, 0, 1, 1, '2023-02-19 16:47:53', '2023-02-19 16:47:53', NULL, NULL, NULL, 'sxs'),
(130, '63f2784e6c190', 1, 1, 'Gggg', '100000.00000000', NULL, 0, 1, 1, '2023-02-19 19:28:14', '2023-02-19 19:28:14', NULL, NULL, NULL, 'Shado'),
(131, '63f7239181975', 542, 1, 'fdhhd', '5000.00000000', NULL, 0, 1, 1, '2023-02-23 08:28:01', '2023-02-23 08:28:01', NULL, NULL, NULL, 'store payment'),
(132, '63f893f5645ff', 1, 1, 'fudofhurf', '100.00000000', NULL, 0, 1, 1, '2023-02-24 10:39:49', '2023-02-24 10:39:49', NULL, NULL, NULL, 'remo disuza'),
(133, '63fb4c01d1260', 524, 1, 'demo', '100.00000000', NULL, 0, 1, 1, '2023-02-26 12:09:37', '2023-02-26 12:09:37', NULL, NULL, NULL, 'Vang Van Du'),
(134, '63fe5ea6a42ae', 1, 2, 'pay it', '666.00000000', NULL, 0, 1, 1, '2023-02-28 20:05:58', '2023-02-28 20:05:58', NULL, NULL, NULL, 'waleed'),
(135, '63fe854fc4efe', 557, 1, 'Hey', '1000.00000000', NULL, 0, 1, 1, '2023-02-28 22:50:55', '2023-02-28 22:50:55', NULL, NULL, NULL, 'MD MAHFUZ HOSEN'),
(136, '6400fa7c29cb4', 524, 1, 'teste', '100.00000000', NULL, 0, 1, 1, '2023-03-02 19:35:24', '2023-03-02 19:35:24', NULL, NULL, NULL, 'loja de Demonstração'),
(137, '64026b4f21672', 1, 2, 'tstt', '10000.00000000', NULL, 0, 1, 1, '2023-03-03 21:49:03', '2023-03-03 21:49:03', NULL, NULL, NULL, 'Teste'),
(138, '64039c26234ca', 566, 1, 'firekirin', '100.00000000', NULL, 0, 1, 1, '2023-03-04 19:29:42', '2023-03-04 19:29:42', NULL, NULL, NULL, 'payment link test 1'),
(139, '6403c53e823c8', 1, 1, 'prueba curso', '40.00000000', NULL, 0, 1, 1, '2023-03-04 22:25:02', '2023-03-04 22:25:02', NULL, NULL, NULL, 'curso'),
(140, '64076983d5b32', 1, 2, 'hello', '1000.00000000', NULL, 0, 1, 1, '2023-03-07 16:42:43', '2023-03-07 16:42:43', NULL, NULL, NULL, 'KC HIRWA'),
(141, '6409f8c12f747', 1, 10, 'me pague', '100.00000000', NULL, 0, 1, 1, '2023-03-09 15:18:25', '2023-03-09 15:18:25', NULL, NULL, NULL, 'juvenal'),
(142, '6409f91eb49b1', 1, 2, '312321', '321312.00000000', NULL, 0, 1, 1, '2023-03-09 15:19:58', '2023-03-09 15:19:58', NULL, NULL, NULL, 'juvenal'),
(143, '640c3ce4a70fb', 524, 1, 'asdasd', '100.00000000', NULL, 0, 1, 1, '2023-03-11 08:33:40', '2023-03-11 08:33:40', NULL, NULL, NULL, 'Diamond'),
(144, '640c60fba0ba8', 1, 11, 'Soumayé', '120.00000000', NULL, 0, 1, 1, '2023-03-11 11:07:39', '2023-03-11 11:07:39', NULL, NULL, NULL, 'Woune'),
(145, '640e3d72739ac', 1, 1, 'Vvg', '100.00000000', NULL, 0, 1, 1, '2023-03-12 21:00:34', '2023-03-12 21:00:34', NULL, NULL, NULL, 'Ismail'),
(146, '6413d0b3118df', 1, 1, '67uhtiyuti', '100.00000000', NULL, 0, 1, 1, '2023-03-17 02:30:11', '2023-03-17 02:30:11', NULL, NULL, NULL, 'mahasi vulimu'),
(147, '6414de4855c67', 524, 1, 'س', '100.00000000', NULL, 0, 1, 1, '2023-03-17 21:40:24', '2023-03-17 21:40:24', NULL, NULL, NULL, 'Alaa Almaqrari'),
(148, '6415ed993cb37', 1, 13, 'Shatatata', '100.00000000', NULL, 0, 1, 1, '2023-03-18 16:58:01', '2023-03-18 16:58:01', NULL, NULL, NULL, 'Shatata'),
(149, '6416570648e48', 1, 1, 'test', '15.00000000', NULL, 0, 1, 1, '2023-03-19 00:27:50', '2023-03-19 00:27:50', NULL, NULL, NULL, 'Devisee Devisee'),
(150, '6416628c6ef9e', 612, 2, 'haberes', '100.00000000', NULL, 0, 1, 1, '2023-03-19 01:17:00', '2023-03-19 01:17:00', NULL, NULL, NULL, 'Luis'),
(151, '64166d4aae51e', 1, 4, 'lifk_bigcs50', '50.00000000', NULL, 0, 1, 1, '2023-03-19 02:02:50', '2023-03-19 02:02:50', NULL, NULL, NULL, 'noons'),
(152, '64166ebcbaf50', 1, 1, 'lifk_bigcs50', '50.00000000', NULL, 0, 1, 1, '2023-03-19 02:09:00', '2023-03-19 02:09:00', NULL, NULL, NULL, 'bigcs'),
(153, '6417aed5d5fa3', 615, 1, 'Teste', '55.00000000', NULL, 0, 1, 1, '2023-03-20 00:54:45', '2023-03-20 00:54:45', NULL, NULL, NULL, 'Teste'),
(154, '641808d2164f4', 1, 1, 'in order to pay the rent', '200.00000000', NULL, 0, 1, 1, '2023-03-20 07:18:42', '2023-03-20 07:18:42', NULL, NULL, NULL, 'ala'),
(155, '6418efe0ead13', 1, 10, 't', '299.00000000', NULL, 0, 1, 1, '2023-03-20 23:44:32', '2023-03-20 23:44:32', NULL, NULL, NULL, 'Mohammad Khalid'),
(156, '641b4d3105324', 1, 2, 'gigft', '100.00000000', NULL, 0, 1, 1, '2023-03-22 18:47:13', '2023-03-22 18:47:13', NULL, NULL, NULL, 'Jhimy Jean'),
(157, '641eb70eddfd1', 524, 1, 'v', '500.00000000', NULL, 0, 1, 1, '2023-03-25 08:55:42', '2023-03-25 08:55:42', NULL, NULL, NULL, 'hamdi idris'),
(158, '641f538200ad7', 1, 13, 'For Payment of xyz', '100.00000000', NULL, 0, 1, 1, '2023-03-25 20:03:14', '2023-03-25 20:03:14', NULL, NULL, NULL, 'Saifu'),
(159, '641fcf385ce33', 628, 13, 'yghyn54r', '50.00000000', NULL, 0, 1, 1, '2023-03-26 04:51:04', '2023-03-26 04:51:04', NULL, NULL, NULL, 'MD SUMON AHMED'),
(160, '6420c0e4ab18e', 524, 1, 'd', '100.00000000', NULL, 0, 1, 1, '2023-03-26 22:02:12', '2023-03-26 22:02:12', NULL, NULL, NULL, 'Zafar Iqbal'),
(161, '64242b4677f79', 633, 1, 'Hello', '100.00000000', NULL, 0, 1, 1, '2023-03-29 12:12:54', '2023-03-29 12:12:54', NULL, NULL, NULL, 'Inayat Afridi'),
(162, '64248354c7d13', 1, 10, 'Do it', '100.00000000', NULL, 0, 1, 1, '2023-03-29 18:28:36', '2023-03-29 18:28:36', NULL, NULL, NULL, 'Yeahhhhhh'),
(163, '6424fd276335f', 636, 1, 'fhj', '20.00000000', NULL, 0, 1, 1, '2023-03-30 03:08:23', '2023-03-30 03:08:23', NULL, NULL, NULL, 'khaledio ghezali'),
(164, '6427eb3e98ba4', 1, 10, 'jusp pay', '50000.00000000', NULL, 0, 1, 1, '2023-04-01 08:28:46', '2023-04-01 08:28:46', NULL, NULL, NULL, 'Akinseye Akintunde'),
(165, '642a45140d943', 1, 1, 'f', '31.00000000', NULL, 0, 1, 1, '2023-04-03 03:16:36', '2023-04-03 03:16:36', NULL, NULL, NULL, 'Payeer'),
(166, '642b9f2e94e89', 649, 1, 'Parcela de tênis', '100.00000000', NULL, 0, 1, 1, '2023-04-04 03:53:18', '2023-04-04 03:53:18', NULL, NULL, NULL, 'Pagar para Ismael'),
(167, '642c9f04de5d3', 653, 10, 'OK', '50000.00000000', NULL, 0, 1, 1, '2023-04-04 22:04:52', '2023-04-04 22:04:52', NULL, NULL, NULL, 'Aminu Muhammad'),
(168, '642cb4b654a21', 1, 10, 'Tell', '500.00000000', NULL, 0, 1, 1, '2023-04-04 23:37:26', '2023-04-04 23:37:26', NULL, NULL, NULL, 'Charles Ugwu'),
(169, '642f29dbc2668', 1, 1, 'Ты мне должен', '1000.00000000', NULL, 0, 1, 1, '2023-04-06 20:21:47', '2023-04-06 20:21:47', NULL, NULL, NULL, 'Boris'),
(170, '642fc9837f553', 1, 1, 'food charge', '100.00000000', NULL, 0, 1, 1, '2023-04-07 07:42:59', '2023-04-07 07:42:59', NULL, NULL, NULL, 'food'),
(171, '6432ae617e4bb', 1, 1, 'this is test payment', '50.00000000', NULL, 0, 1, 1, '2023-04-09 12:24:01', '2023-04-09 12:24:01', NULL, NULL, NULL, 'abidkhan'),
(172, '643311dd799db', 666, 1, 'i am requesting a link', '5000.00000000', NULL, 0, 1, 1, '2023-04-09 19:28:29', '2023-04-09 19:28:29', NULL, NULL, NULL, 'Zigi new'),
(173, '64338c71040ca', 1, 1, 'buy a big dildo', '50.00000000', NULL, 0, 1, 1, '2023-04-10 04:11:29', '2023-04-10 04:11:29', NULL, NULL, NULL, 'TESTTTTTT'),
(174, '643880f9bd221', 675, 1, 'Yy', '100.00000000', NULL, 0, 1, 1, '2023-04-13 22:23:53', '2023-04-13 22:23:53', NULL, NULL, NULL, 'Daniel'),
(175, '643ac600ea24b', 1, 1, 'fsdfdsf', '20.00000000', NULL, 0, 1, 1, '2023-04-15 15:42:56', '2023-04-15 15:42:56', NULL, NULL, NULL, 'https://codecanyon.net/item/phpwallet-ewallet-and-online-payment-gateway-system/22049979'),
(176, '643ac6013dd8a', 1, 1, 'fsdfdsf', '20.00000000', NULL, 0, 1, 1, '2023-04-15 15:42:57', '2023-04-15 15:42:57', NULL, NULL, NULL, 'https://codecanyon.net/item/phpwallet-ewallet-and-online-payment-gateway-system/22049979'),
(177, '643bdf1e7aa94', 1, 1, '123', '999.00000000', NULL, 0, 1, 1, '2023-04-16 11:42:22', '2023-04-16 11:42:22', NULL, NULL, NULL, '123'),
(178, '643bf5c883918', 680, 1, 'Hi moon', '100.00000000', NULL, 0, 1, 1, '2023-04-16 13:19:04', '2023-04-16 13:19:04', NULL, NULL, NULL, 'Moon'),
(179, '643c3a37024e0', 682, 14, 'Testing', '200.00000000', NULL, 0, 1, 1, '2023-04-16 18:11:03', '2023-04-16 18:11:03', NULL, NULL, NULL, 'BIKASH KRUSHNA PODH'),
(180, '643d25b6bf59d', 524, 10, 'ODRER 76', '100.00000000', NULL, 0, 1, 1, '2023-04-17 10:55:50', '2023-04-17 10:55:50', NULL, NULL, NULL, 'ANDY WANG'),
(181, '643d971eaea55', 524, 10, 'LOUABLE', '10000.00000000', NULL, 0, 1, 1, '2023-04-17 18:59:42', '2023-04-17 18:59:42', NULL, NULL, NULL, 'louable'),
(182, '643f9cb7b2715', 1, 2, 'Hshsh', '100.00000000', NULL, 0, 1, 1, '2023-04-19 07:48:07', '2023-04-19 07:48:07', NULL, NULL, NULL, '7904182327'),
(183, '644068bd22e95', 1, 2, 'Csdf', '100.00000000', NULL, 0, 1, 1, '2023-04-19 22:18:37', '2023-04-19 22:18:37', NULL, NULL, NULL, 'Taleb Alshammari'),
(184, '64477ef91adbf', 1, 1, 'Purchase', '100.00000000', NULL, 0, 1, 1, '2023-04-25 07:19:21', '2023-04-25 07:19:21', NULL, NULL, NULL, 'Dokan'),
(185, '64479a6556f0e', 489, 1, 'good', '5.00000000', NULL, 0, 1, 1, '2023-04-25 09:16:21', '2023-04-25 09:16:21', NULL, NULL, NULL, 'demo');

-- --------------------------------------------------------

--
-- Table structure for table `payments`
--

CREATE TABLE `payments` (
  `id` bigint(20) UNSIGNED NOT NULL,
  `user_id` bigint(20) UNSIGNED NOT NULL,
  `to_id` bigint(20) UNSIGNED NOT NULL,
  `transaction_state_id` int(11) NOT NULL,
  `gross` decimal(19,8) NOT NULL,
  `fee` decimal(16,8) NOT NULL,
  `net` decimal(19,8) NOT NULL,
  `description` text COLLATE utf8mb4_unicode_ci,
  `json_data` text COLLATE utf8mb4_unicode_ci,
  `item_id` bigint(20) UNSIGNED NOT NULL,
  `currency_id` bigint(20) UNSIGNED NOT NULL,
  `created_at` timestamp NULL DEFAULT NULL,
  `updated_at` timestamp NULL DEFAULT NULL
) ENGINE=MyISAM DEFAULT CHARSET=utf8mb4 COLLATE=utf8mb4_unicode_ci;

--
-- Dumping data for table `payments`
--

INSERT INTO `payments` (`id`, `user_id`, `to_id`, `transaction_state_id`, `gross`, `fee`, `net`, `description`, `json_data`, `item_id`, `currency_id`, `created_at`, `updated_at`) VALUES
(1, 2, 79, 1, '30.00000000', '0.00000000', '30.00000000', NULL, NULL, 33, 1, '2021-02-10 14:21:20', '2021-02-10 14:21:20'),
(2, 2, 79, 1, '30.00000000', '0.00000000', '30.00000000', NULL, NULL, 33, 1, '2021-02-10 14:22:07', '2021-02-10 14:22:07'),
(3, 2, 79, 1, '30.00000000', '0.00000000', '30.00000000', NULL, NULL, 33, 1, '2021-02-11 01:21:40', '2021-02-11 01:21:40'),
(4, 1, 2, 1, '1.98503000', '0.00000000', '1.98503000', NULL, NULL, 28, 6, '2021-02-11 02:36:06', '2021-02-11 02:36:06'),
(5, 1, 2, 1, '1.98503000', '0.00000000', '1.98503000', NULL, NULL, 28, 6, '2021-02-11 02:37:00', '2021-02-11 02:37:00'),
(6, 1, 2, 1, '1.98503000', '0.00000000', '1.98503000', NULL, NULL, 28, 6, '2021-02-11 04:31:11', '2021-02-11 04:31:11'),
(7, 1, 97, 1, '555.00000000', '0.00000000', '555.00000000', NULL, NULL, 54, 1, '2021-02-22 17:50:46', '2021-02-22 17:50:46'),
(8, 1, 97, 1, '555.00000000', '0.00000000', '555.00000000', NULL, NULL, 54, 1, '2021-02-22 17:51:54', '2021-02-22 17:51:54'),
(9, 97, 1, 1, '555.00000000', '0.00000000', '555.00000000', NULL, NULL, 53, 1, '2021-02-22 17:52:42', '2021-02-22 17:52:42'),
(10, 1, 2, 1, '59.00000000', '0.00000000', '59.00000000', NULL, NULL, 55, 1, '2021-02-23 23:03:51', '2021-02-23 23:03:51'),
(11, 1, 2, 1, '59.00000000', '0.00000000', '59.00000000', NULL, NULL, 55, 1, '2021-02-23 23:04:28', '2021-02-23 23:04:28'),
(12, 1, 2, 1, '59.00000000', '0.00000000', '59.00000000', NULL, NULL, 55, 1, '2021-02-23 23:06:07', '2021-02-23 23:06:07'),
(13, 1, 2, 1, '59.00000000', '0.00000000', '59.00000000', NULL, NULL, 55, 1, '2021-02-23 23:08:38', '2021-02-23 23:08:38'),
(14, 1, 2, 1, '59.00000000', '0.00000000', '59.00000000', NULL, NULL, 55, 1, '2021-02-23 23:08:57', '2021-02-23 23:08:57'),
(15, 1, 2, 1, '59.00000000', '0.00000000', '59.00000000', NULL, NULL, 55, 1, '2021-02-23 23:09:11', '2021-02-23 23:09:11'),
(16, 1, 2, 1, '59.00000000', '0.00000000', '59.00000000', NULL, NULL, 55, 1, '2021-02-23 23:09:27', '2021-02-23 23:09:27'),
(17, 1, 2, 1, '59.00000000', '0.00000000', '59.00000000', NULL, NULL, 55, 1, '2021-02-23 23:12:16', '2021-02-23 23:12:16'),
(18, 1, 2, 1, '59.00000000', '0.00000000', '59.00000000', NULL, NULL, 55, 1, '2021-02-25 11:27:10', '2021-02-25 11:27:10'),
(19, 1, 2, 1, '59.00000000', '0.00000000', '59.00000000', NULL, NULL, 55, 1, '2021-02-25 11:29:07', '2021-02-25 11:29:07'),
(20, 1, 2, 1, '59.00000000', '0.00000000', '59.00000000', NULL, NULL, 55, 1, '2021-02-25 11:51:09', '2021-02-25 11:51:09'),
(21, 1, 2, 1, '59.00000000', '0.00000000', '59.00000000', NULL, NULL, 55, 1, '2021-02-25 11:51:37', '2021-02-25 11:51:37'),
(22, 1, 2, 1, '59.00000000', '0.00000000', '59.00000000', NULL, NULL, 55, 1, '2021-02-25 16:19:42', '2021-02-25 16:19:42'),
(23, 1, 2, 1, '59.00000000', '0.00000000', '59.00000000', NULL, NULL, 55, 1, '2021-02-25 17:16:01', '2021-02-25 17:16:01'),
(24, 1, 2, 1, '59.00000000', '0.00000000', '59.00000000', NULL, NULL, 55, 1, '2021-02-26 02:38:50', '2021-02-26 02:38:50'),
(25, 1, 2, 1, '59.00000000', '0.00000000', '59.00000000', NULL, NULL, 55, 1, '2021-02-26 02:40:12', '2021-02-26 02:40:12'),
(26, 1, 2, 1, '59.00000000', '0.00000000', '59.00000000', NULL, NULL, 55, 1, '2021-02-26 02:44:22', '2021-02-26 02:44:22'),
(27, 1, 2, 1, '59.00000000', '0.00000000', '59.00000000', NULL, NULL, 55, 1, '2021-02-27 01:50:39', '2021-02-27 01:50:39'),
(28, 1, 2, 1, '59.00000000', '0.00000000', '59.00000000', NULL, NULL, 55, 1, '2021-02-27 01:51:41', '2021-02-27 01:51:41'),
(29, 1, 2, 1, '59.00000000', '0.00000000', '59.00000000', NULL, NULL, 55, 1, '2021-02-27 01:56:33', '2021-02-27 01:56:33'),
(30, 1, 2, 1, '59.00000000', '0.00000000', '59.00000000', NULL, NULL, 55, 1, '2021-02-27 01:57:14', '2021-02-27 01:57:14'),
(31, 97, 2, 1, '59.00000000', '0.00000000', '59.00000000', NULL, NULL, 55, 1, '2021-02-28 00:09:56', '2021-02-28 00:09:56'),
(32, 97, 105, 1, '50.00000000', '0.00000000', '50.00000000', NULL, NULL, 63, 1, '2021-02-28 00:24:27', '2021-02-28 00:24:27'),
(33, 1, 2, 1, '59.00000000', '0.00000000', '59.00000000', NULL, NULL, 55, 1, '2021-02-28 21:24:49', '2021-02-28 21:24:49'),
(34, 1, 2, 1, '59.00000000', '0.00000000', '59.00000000', NULL, NULL, 55, 1, '2021-03-04 18:36:27', '2021-03-04 18:36:27'),
(35, 1, 2, 1, '59.00000000', '0.00000000', '59.00000000', NULL, NULL, 55, 1, '2021-03-05 14:22:18', '2021-03-05 14:22:18'),
(36, 1, 2, 1, '59.00000000', '0.00000000', '59.00000000', NULL, NULL, 55, 1, '2021-03-05 14:23:52', '2021-03-05 14:23:52'),
(37, 1, 2, 1, '59.00000000', '0.00000000', '59.00000000', NULL, NULL, 55, 1, '2021-03-05 15:09:14', '2021-03-05 15:09:14'),
(38, 1, 2, 1, '59.00000000', '0.00000000', '59.00000000', NULL, NULL, 55, 1, '2021-03-08 15:04:35', '2021-03-08 15:04:35'),
(39, 1, 2, 1, '59.00000000', '0.00000000', '59.00000000', NULL, NULL, 55, 1, '2021-03-11 07:27:23', '2021-03-11 07:27:23'),
(40, 1, 2, 1, '59.00000000', '0.00000000', '59.00000000', NULL, NULL, 55, 1, '2021-03-11 08:12:37', '2021-03-11 08:12:37'),
(41, 1, 2, 1, '59.00000000', '0.00000000', '59.00000000', NULL, NULL, 55, 1, '2021-03-13 16:16:22', '2021-03-13 16:16:22'),
(42, 1, 2, 1, '59.00000000', '0.00000000', '59.00000000', NULL, NULL, 55, 1, '2021-03-13 20:10:39', '2021-03-13 20:10:39'),
(43, 1, 2, 1, '59.00000000', '0.00000000', '59.00000000', NULL, NULL, 55, 1, '2021-03-13 21:58:57', '2021-03-13 21:58:57'),
(44, 1, 2, 1, '59.00000000', '0.00000000', '59.00000000', NULL, NULL, 55, 1, '2021-03-15 04:21:14', '2021-03-15 04:21:14'),
(45, 1, 127, 1, '50.00000000', '0.00000000', '50.00000000', NULL, NULL, 69, 1, '2021-03-17 06:43:11', '2021-03-17 06:43:11'),
(46, 1, 2, 1, '59.00000000', '0.00000000', '59.00000000', NULL, NULL, 55, 1, '2021-03-17 23:18:52', '2021-03-17 23:18:52'),
(47, 1, 2, 1, '59.00000000', '0.00000000', '59.00000000', NULL, NULL, 55, 1, '2021-03-17 23:19:21', '2021-03-17 23:19:21'),
(48, 1, 2, 1, '59.00000000', '0.00000000', '59.00000000', NULL, NULL, 55, 1, '2021-03-19 03:43:04', '2021-03-19 03:43:04'),
(49, 1, 2, 1, '59.00000000', '0.00000000', '59.00000000', NULL, NULL, 55, 1, '2021-03-19 03:43:05', '2021-03-19 03:43:05'),
(50, 1, 2, 1, '59.00000000', '0.00000000', '59.00000000', NULL, NULL, 55, 1, '2021-03-19 03:43:44', '2021-03-19 03:43:44'),
(51, 1, 2, 1, '59.00000000', '0.00000000', '59.00000000', NULL, NULL, 55, 1, '2021-03-22 15:50:56', '2021-03-22 15:50:56'),
(52, 1, 2, 1, '59.00000000', '0.00000000', '59.00000000', NULL, NULL, 55, 1, '2021-03-22 16:24:37', '2021-03-22 16:24:37'),
(53, 1, 2, 1, '59.00000000', '0.00000000', '59.00000000', NULL, NULL, 55, 1, '2021-03-22 16:24:38', '2021-03-22 16:24:38'),
(54, 1, 2, 1, '59.00000000', '0.00000000', '59.00000000', NULL, NULL, 55, 1, '2021-03-22 17:11:12', '2021-03-22 17:11:12'),
(55, 1, 2, 1, '59.00000000', '0.00000000', '59.00000000', NULL, NULL, 55, 1, '2021-03-22 18:19:47', '2021-03-22 18:19:47'),
(56, 1, 2, 1, '59.00000000', '0.00000000', '59.00000000', NULL, NULL, 55, 1, '2021-03-23 06:20:05', '2021-03-23 06:20:05'),
(57, 1, 2, 1, '1.98503000', '0.00000000', '1.98503000', NULL, NULL, 28, 6, '2021-03-26 18:27:03', '2021-03-26 18:27:03'),
(58, 1, 2, 1, '59.00000000', '0.00000000', '59.00000000', NULL, NULL, 55, 1, '2021-03-29 06:03:21', '2021-03-29 06:03:21'),
(59, 1, 2, 1, '59.00000000', '0.00000000', '59.00000000', NULL, NULL, 55, 1, '2021-03-29 06:03:41', '2021-03-29 06:03:41'),
(60, 1, 2, 1, '59.00000000', '0.00000000', '59.00000000', NULL, NULL, 55, 1, '2021-03-29 09:21:31', '2021-03-29 09:21:31'),
(61, 1, 2, 1, '59.00000000', '0.00000000', '59.00000000', NULL, NULL, 55, 1, '2021-03-29 09:22:07', '2021-03-29 09:22:07'),
(62, 1, 2, 1, '59.00000000', '0.00000000', '59.00000000', NULL, NULL, 55, 1, '2021-03-29 12:30:44', '2021-03-29 12:30:44'),
(63, 1, 2, 1, '59.00000000', '0.00000000', '59.00000000', NULL, NULL, 55, 1, '2021-03-29 12:31:45', '2021-03-29 12:31:45'),
(64, 1, 2, 1, '59.00000000', '0.00000000', '59.00000000', NULL, NULL, 55, 1, '2021-03-29 18:17:49', '2021-03-29 18:17:49'),
(65, 1, 2, 1, '59.00000000', '0.00000000', '59.00000000', NULL, NULL, 55, 1, '2021-03-30 10:17:38', '2021-03-30 10:17:38'),
(66, 1, 2, 1, '59.00000000', '0.00000000', '59.00000000', NULL, NULL, 55, 1, '2021-03-31 22:29:15', '2021-03-31 22:29:15'),
(67, 1, 2, 1, '59.00000000', '0.00000000', '59.00000000', NULL, NULL, 55, 1, '2021-03-31 22:29:35', '2021-03-31 22:29:35'),
(68, 1, 2, 1, '59.00000000', '0.00000000', '59.00000000', NULL, NULL, 55, 1, '2021-04-01 10:20:49', '2021-04-01 10:20:49');

-- --------------------------------------------------------

--
-- Table structure for table `permissions`
--

CREATE TABLE `permissions` (
  `id` bigint(20) UNSIGNED NOT NULL,
  `key` varchar(255) COLLATE utf8mb4_unicode_ci NOT NULL,
  `table_name` varchar(255) COLLATE utf8mb4_unicode_ci DEFAULT NULL,
  `created_at` timestamp NULL DEFAULT NULL,
  `updated_at` timestamp NULL DEFAULT NULL
) ENGINE=InnoDB DEFAULT CHARSET=utf8mb4 COLLATE=utf8mb4_unicode_ci;

--
-- Dumping data for table `permissions`
--

INSERT INTO `permissions` (`id`, `key`, `table_name`, `created_at`, `updated_at`) VALUES
(1, 'browse_admin', NULL, '2020-10-12 06:28:01', '2020-10-12 06:28:01'),
(2, 'browse_bread', NULL, '2020-10-12 06:28:01', '2020-10-12 06:28:01'),
(3, 'browse_database', NULL, '2020-10-12 06:28:01', '2020-10-12 06:28:01'),
(4, 'browse_media', NULL, '2020-10-12 06:28:01', '2020-10-12 06:28:01'),
(5, 'browse_compass', NULL, '2020-10-12 06:28:01', '2020-10-12 06:28:01'),
(6, 'browse_menus', 'menus', '2020-10-12 06:28:01', '2020-10-12 06:28:01'),
(7, 'read_menus', 'menus', '2020-10-12 06:28:01', '2020-10-12 06:28:01'),
(8, 'edit_menus', 'menus', '2020-10-12 06:28:01', '2020-10-12 06:28:01'),
(9, 'add_menus', 'menus', '2020-10-12 06:28:01', '2020-10-12 06:28:01'),
(10, 'delete_menus', 'menus', '2020-10-12 06:28:02', '2020-10-12 06:28:02'),
(11, 'browse_roles', 'roles', '2020-10-12 06:28:02', '2020-10-12 06:28:02'),
(12, 'read_roles', 'roles', '2020-10-12 06:28:02', '2020-10-12 06:28:02'),
(13, 'edit_roles', 'roles', '2020-10-12 06:28:02', '2020-10-12 06:28:02'),
(14, 'add_roles', 'roles', '2020-10-12 06:28:02', '2020-10-12 06:28:02'),
(15, 'delete_roles', 'roles', '2020-10-12 06:28:02', '2020-10-12 06:28:02'),
(16, 'browse_users', 'users', '2020-10-12 06:28:02', '2020-10-12 06:28:02'),
(17, 'read_users', 'users', '2020-10-12 06:28:02', '2020-10-12 06:28:02'),
(18, 'edit_users', 'users', '2020-10-12 06:28:02', '2020-10-12 06:28:02'),
(19, 'add_users', 'users', '2020-10-12 06:28:02', '2020-10-12 06:28:02'),
(20, 'delete_users', 'users', '2020-10-12 06:28:02', '2020-10-12 06:28:02'),
(21, 'browse_settings', 'settings', '2020-10-12 06:28:02', '2020-10-12 06:28:02'),
(22, 'read_settings', 'settings', '2020-10-12 06:28:02', '2020-10-12 06:28:02'),
(23, 'edit_settings', 'settings', '2020-10-12 06:28:02', '2020-10-12 06:28:02'),
(24, 'add_settings', 'settings', '2020-10-12 06:28:02', '2020-10-12 06:28:02'),
(25, 'delete_settings', 'settings', '2020-10-12 06:28:02', '2020-10-12 06:28:02'),
(31, 'browse_posts', 'posts', '2020-10-12 06:28:06', '2020-10-12 06:28:06'),
(32, 'read_posts', 'posts', '2020-10-12 06:28:07', '2020-10-12 06:28:07'),
(33, 'edit_posts', 'posts', '2020-10-12 06:28:07', '2020-10-12 06:28:07'),
(34, 'add_posts', 'posts', '2020-10-12 06:28:07', '2020-10-12 06:28:07'),
(35, 'delete_posts', 'posts', '2020-10-12 06:28:07', '2020-10-12 06:28:07'),
(36, 'browse_pages', 'pages', '2020-10-12 06:28:08', '2020-10-12 06:28:08'),
(37, 'read_pages', 'pages', '2020-10-12 06:28:08', '2020-10-12 06:28:08'),
(38, 'edit_pages', 'pages', '2020-10-12 06:28:08', '2020-10-12 06:28:08'),
(39, 'add_pages', 'pages', '2020-10-12 06:28:08', '2020-10-12 06:28:08'),
(40, 'delete_pages', 'pages', '2020-10-12 06:28:08', '2020-10-12 06:28:08'),
(41, 'browse_hooks', NULL, '2020-10-12 06:28:10', '2020-10-12 06:28:10'),
(42, 'browse_escrows', 'escrows', '2020-10-22 11:27:00', '2020-10-22 11:27:00'),
(43, 'read_escrows', 'escrows', '2020-10-22 11:27:00', '2020-10-22 11:27:00'),
(44, 'edit_escrows', 'escrows', '2020-10-22 11:27:00', '2020-10-22 11:27:00'),
(45, 'add_escrows', 'escrows', '2020-10-22 11:27:00', '2020-10-22 11:27:00'),
(46, 'delete_escrows', 'escrows', '2020-10-22 11:27:00', '2020-10-22 11:27:00'),
(47, 'browse_vouchers', 'vouchers', '2020-10-22 11:29:10', '2020-10-22 11:29:10'),
(48, 'read_vouchers', 'vouchers', '2020-10-22 11:29:10', '2020-10-22 11:29:10'),
(49, 'edit_vouchers', 'vouchers', '2020-10-22 11:29:10', '2020-10-22 11:29:10'),
(50, 'add_vouchers', 'vouchers', '2020-10-22 11:29:10', '2020-10-22 11:29:10'),
(51, 'delete_vouchers', 'vouchers', '2020-10-22 11:29:10', '2020-10-22 11:29:10'),
(52, 'browse_merchants', 'merchants', '2020-10-22 11:30:25', '2020-10-22 11:30:25'),
(53, 'read_merchants', 'merchants', '2020-10-22 11:30:25', '2020-10-22 11:30:25'),
(54, 'edit_merchants', 'merchants', '2020-10-22 11:30:25', '2020-10-22 11:30:25'),
(55, 'add_merchants', 'merchants', '2020-10-22 11:30:25', '2020-10-22 11:30:25'),
(56, 'delete_merchants', 'merchants', '2020-10-22 11:30:25', '2020-10-22 11:30:25'),
(57, 'browse_withdrawals', 'withdrawals', '2020-10-22 11:34:47', '2020-10-22 11:34:47'),
(58, 'read_withdrawals', 'withdrawals', '2020-10-22 11:34:47', '2020-10-22 11:34:47'),
(59, 'edit_withdrawals', 'withdrawals', '2020-10-22 11:34:47', '2020-10-22 11:34:47'),
(60, 'add_withdrawals', 'withdrawals', '2020-10-22 11:34:47', '2020-10-22 11:34:47'),
(61, 'delete_withdrawals', 'withdrawals', '2020-10-22 11:34:47', '2020-10-22 11:34:47'),
(62, 'browse_deposits', 'deposits', '2020-10-22 12:00:29', '2020-10-22 12:00:29'),
(63, 'read_deposits', 'deposits', '2020-10-22 12:00:29', '2020-10-22 12:00:29'),
(64, 'edit_deposits', 'deposits', '2020-10-22 12:00:29', '2020-10-22 12:00:29'),
(65, 'add_deposits', 'deposits', '2020-10-22 12:00:29', '2020-10-22 12:00:29'),
(66, 'delete_deposits', 'deposits', '2020-10-22 12:00:29', '2020-10-22 12:00:29'),
(67, 'browse_transactionable', 'transactionable', '2020-10-22 12:05:48', '2020-10-22 12:05:48'),
(68, 'read_transactionable', 'transactionable', '2020-10-22 12:05:48', '2020-10-22 12:05:48'),
(69, 'edit_transactionable', 'transactionable', '2020-10-22 12:05:48', '2020-10-22 12:05:48'),
(70, 'add_transactionable', 'transactionable', '2020-10-22 12:05:48', '2020-10-22 12:05:48'),
(71, 'delete_transactionable', 'transactionable', '2020-10-22 12:05:48', '2020-10-22 12:05:48'),
(72, 'browse_transaction_states', 'transaction_states', '2020-10-22 12:10:53', '2020-10-22 12:10:53'),
(73, 'read_transaction_states', 'transaction_states', '2020-10-22 12:10:53', '2020-10-22 12:10:53'),
(74, 'edit_transaction_states', 'transaction_states', '2020-10-22 12:10:53', '2020-10-22 12:10:53'),
(75, 'add_transaction_states', 'transaction_states', '2020-10-22 12:10:53', '2020-10-22 12:10:53'),
(76, 'delete_transaction_states', 'transaction_states', '2020-10-22 12:10:53', '2020-10-22 12:10:53'),
(77, 'browse_currencies', 'currencies', '2020-10-22 12:12:26', '2020-10-22 12:12:26'),
(78, 'read_currencies', 'currencies', '2020-10-22 12:12:26', '2020-10-22 12:12:26'),
(79, 'edit_currencies', 'currencies', '2020-10-22 12:12:26', '2020-10-22 12:12:26'),
(80, 'add_currencies', 'currencies', '2020-10-22 12:12:26', '2020-10-22 12:12:26'),
(81, 'delete_currencies', 'currencies', '2020-10-22 12:12:26', '2020-10-22 12:12:26'),
(82, 'browse_currency_exchange_rates', 'currency_exchange_rates', '2020-10-22 12:13:58', '2020-10-22 12:13:58'),
(83, 'read_currency_exchange_rates', 'currency_exchange_rates', '2020-10-22 12:13:58', '2020-10-22 12:13:58'),
(84, 'edit_currency_exchange_rates', 'currency_exchange_rates', '2020-10-22 12:13:58', '2020-10-22 12:13:58'),
(85, 'add_currency_exchange_rates', 'currency_exchange_rates', '2020-10-22 12:13:58', '2020-10-22 12:13:58'),
(86, 'delete_currency_exchange_rates', 'currency_exchange_rates', '2020-10-22 12:13:58', '2020-10-22 12:13:58'),
(87, 'browse_ticketcategories', 'ticketcategories', '2020-10-22 12:36:14', '2020-10-22 12:36:14'),
(88, 'read_ticketcategories', 'ticketcategories', '2020-10-22 12:36:14', '2020-10-22 12:36:14'),
(89, 'edit_ticketcategories', 'ticketcategories', '2020-10-22 12:36:14', '2020-10-22 12:36:14'),
(90, 'add_ticketcategories', 'ticketcategories', '2020-10-22 12:36:14', '2020-10-22 12:36:14'),
(91, 'delete_ticketcategories', 'ticketcategories', '2020-10-22 12:36:14', '2020-10-22 12:36:14'),
(92, 'browse_countries', 'countries', '2020-10-22 12:37:38', '2020-10-22 12:37:38'),
(93, 'read_countries', 'countries', '2020-10-22 12:37:38', '2020-10-22 12:37:38'),
(94, 'edit_countries', 'countries', '2020-10-22 12:37:38', '2020-10-22 12:37:38'),
(95, 'add_countries', 'countries', '2020-10-22 12:37:38', '2020-10-22 12:37:38'),
(96, 'delete_countries', 'countries', '2020-10-22 12:37:38', '2020-10-22 12:37:38'),
(97, 'browse_deposit_methods', 'deposit_methods', '2020-10-22 12:53:13', '2020-10-22 12:53:13'),
(98, 'read_deposit_methods', 'deposit_methods', '2020-10-22 12:53:13', '2020-10-22 12:53:13'),
(99, 'edit_deposit_methods', 'deposit_methods', '2020-10-22 12:53:13', '2020-10-22 12:53:13'),
(100, 'add_deposit_methods', 'deposit_methods', '2020-10-22 12:53:13', '2020-10-22 12:53:13'),
(101, 'delete_deposit_methods', 'deposit_methods', '2020-10-22 12:53:13', '2020-10-22 12:53:13'),
(102, 'browse_currency_deposit_methods', 'currency_deposit_methods', '2020-10-22 12:54:33', '2020-10-22 12:54:33'),
(103, 'read_currency_deposit_methods', 'currency_deposit_methods', '2020-10-22 12:54:33', '2020-10-22 12:54:33'),
(104, 'edit_currency_deposit_methods', 'currency_deposit_methods', '2020-10-22 12:54:33', '2020-10-22 12:54:33'),
(105, 'add_currency_deposit_methods', 'currency_deposit_methods', '2020-10-22 12:54:33', '2020-10-22 12:54:33'),
(106, 'delete_currency_deposit_methods', 'currency_deposit_methods', '2020-10-22 12:54:33', '2020-10-22 12:54:33'),
(107, 'browse_withdrawal_methods', 'withdrawal_methods', '2020-10-22 13:23:29', '2020-10-22 13:23:29'),
(108, 'read_withdrawal_methods', 'withdrawal_methods', '2020-10-22 13:23:29', '2020-10-22 13:23:29'),
(109, 'edit_withdrawal_methods', 'withdrawal_methods', '2020-10-22 13:23:29', '2020-10-22 13:23:29'),
(110, 'add_withdrawal_methods', 'withdrawal_methods', '2020-10-22 13:23:29', '2020-10-22 13:23:29'),
(111, 'delete_withdrawal_methods', 'withdrawal_methods', '2020-10-22 13:23:29', '2020-10-22 13:23:29'),
(112, 'browse_currency_withdrawal_methods', 'currency_withdrawal_methods', '2020-10-22 13:24:41', '2020-10-22 13:24:41'),
(113, 'read_currency_withdrawal_methods', 'currency_withdrawal_methods', '2020-10-22 13:24:41', '2020-10-22 13:24:41'),
(114, 'edit_currency_withdrawal_methods', 'currency_withdrawal_methods', '2020-10-22 13:24:41', '2020-10-22 13:24:41'),
(115, 'add_currency_withdrawal_methods', 'currency_withdrawal_methods', '2020-10-22 13:24:41', '2020-10-22 13:24:41'),
(116, 'delete_currency_withdrawal_methods', 'currency_withdrawal_methods', '2020-10-22 13:24:41', '2020-10-22 13:24:41'),
(117, 'browse_transfer_methods', 'transfer_methods', '2021-03-24 14:38:24', '2021-03-24 14:38:24'),
(118, 'read_transfer_methods', 'transfer_methods', '2021-03-24 14:38:24', '2021-03-24 14:38:24'),
(119, 'edit_transfer_methods', 'transfer_methods', '2021-03-24 14:38:24', '2021-03-24 14:38:24'),
(120, 'add_transfer_methods', 'transfer_methods', '2021-03-24 14:38:24', '2021-03-24 14:38:24'),
(121, 'delete_transfer_methods', 'transfer_methods', '2021-03-24 14:38:24', '2021-03-24 14:38:24'),
(122, 'browse_investmentplans', 'investmentplans', '2021-09-25 16:33:42', '2021-09-25 16:33:42'),
(123, 'read_investmentplans', 'investmentplans', '2021-09-25 16:33:42', '2021-09-25 16:33:42'),
(124, 'edit_investmentplans', 'investmentplans', '2021-09-25 16:33:42', '2021-09-25 16:33:42'),
(125, 'add_investmentplans', 'investmentplans', '2021-09-25 16:33:42', '2021-09-25 16:33:42'),
(126, 'delete_investmentplans', 'investmentplans', '2021-09-25 16:33:42', '2021-09-25 16:33:42'),
(172, 'browse_wallets', 'wallets', '2023-02-05 15:51:13', '2023-02-05 15:51:13'),
(173, 'read_wallets', 'wallets', '2023-02-05 15:51:13', '2023-02-05 15:51:13'),
(174, 'edit_wallets', 'wallets', '2023-02-05 15:51:13', '2023-02-05 15:51:13'),
(175, 'add_wallets', 'wallets', '2023-02-05 15:51:13', '2023-02-05 15:51:13'),
(176, 'delete_wallets', 'wallets', '2023-02-05 15:51:13', '2023-02-05 15:51:13');

-- --------------------------------------------------------

--
-- Table structure for table `permission_role`
--

CREATE TABLE `permission_role` (
  `permission_id` bigint(20) UNSIGNED NOT NULL,
  `role_id` bigint(20) UNSIGNED NOT NULL
) ENGINE=InnoDB DEFAULT CHARSET=utf8mb4 COLLATE=utf8mb4_unicode_ci;

--
-- Dumping data for table `permission_role`
--

INSERT INTO `permission_role` (`permission_id`, `role_id`) VALUES
(1, 1),
(1, 3),
(1, 4),
(2, 1),
(3, 1),
(4, 1),
(4, 4),
(5, 1),
(6, 1),
(7, 1),
(8, 1),
(9, 1),
(10, 1),
(11, 1),
(11, 4),
(12, 1),
(12, 4),
(13, 1),
(14, 1),
(15, 1),
(16, 1),
(16, 4),
(17, 1),
(17, 4),
(18, 1),
(19, 1),
(20, 1),
(21, 1),
(21, 4),
(22, 1),
(22, 4),
(23, 1),
(24, 1),
(25, 1),
(31, 1),
(32, 1),
(33, 1),
(34, 1),
(35, 1),
(36, 1),
(37, 1),
(38, 1),
(39, 1),
(40, 1),
(42, 1),
(42, 4),
(43, 1),
(43, 4),
(47, 1),
(47, 4),
(48, 1),
(48, 4),
(52, 1),
(52, 4),
(53, 1),
(53, 4),
(54, 1),
(56, 1),
(57, 1),
(57, 4),
(58, 1),
(58, 4),
(59, 1),
(62, 1),
(62, 4),
(63, 1),
(63, 4),
(64, 1),
(67, 1),
(67, 4),
(68, 1),
(68, 4),
(71, 1),
(72, 1),
(72, 4),
(73, 1),
(73, 4),
(74, 1),
(75, 1),
(76, 1),
(77, 1),
(77, 4),
(78, 1),
(78, 4),
(79, 1),
(80, 1),
(81, 1),
(82, 1),
(82, 4),
(83, 1),
(83, 4),
(84, 1),
(85, 1),
(85, 4),
(86, 1),
(87, 1),
(87, 4),
(88, 1),
(88, 4),
(89, 1),
(90, 1),
(91, 1),
(92, 1),
(92, 4),
(93, 1),
(93, 4),
(94, 1),
(95, 1),
(96, 1),
(97, 1),
(97, 4),
(98, 1),
(98, 4),
(99, 1),
(100, 1),
(101, 1),
(102, 1),
(102, 4),
(103, 1),
(103, 4),
(104, 1),
(105, 1),
(106, 1),
(107, 1),
(107, 4),
(108, 1),
(108, 4),
(109, 1),
(110, 1),
(111, 1),
(112, 1),
(112, 4),
(113, 1),
(113, 4),
(114, 1),
(115, 1),
(116, 1),
(117, 1),
(117, 4),
(118, 1),
(118, 4),
(119, 1),
(120, 1),
(120, 4),
(121, 1),
(122, 1),
(122, 4),
(123, 1),
(123, 4),
(124, 1),
(125, 1),
(126, 1),
(172, 1),
(173, 1),
(174, 1),
(175, 1),
(176, 1);

-- --------------------------------------------------------

--
-- Table structure for table `personal_access_tokens`
--

CREATE TABLE `personal_access_tokens` (
  `id` bigint(20) UNSIGNED NOT NULL,
  `tokenable_type` varchar(255) COLLATE utf8mb4_unicode_ci NOT NULL,
  `tokenable_id` bigint(20) UNSIGNED NOT NULL,
  `name` varchar(255) COLLATE utf8mb4_unicode_ci NOT NULL,
  `token` varchar(64) COLLATE utf8mb4_unicode_ci NOT NULL,
  `abilities` text COLLATE utf8mb4_unicode_ci,
  `last_used_at` timestamp NULL DEFAULT NULL,
  `created_at` timestamp NULL DEFAULT NULL,
  `updated_at` timestamp NULL DEFAULT NULL
) ENGINE=InnoDB DEFAULT CHARSET=utf8mb4 COLLATE=utf8mb4_unicode_ci;

--
-- Dumping data for table `personal_access_tokens`
--

INSERT INTO `personal_access_tokens` (`id`, `tokenable_type`, `tokenable_id`, `name`, `token`, `abilities`, `last_used_at`, `created_at`, `updated_at`) VALUES
(1, 'App\\Models\\User', 2, 'token', '9c7e1045f636d944a2683cd3c615d490c0677e34c83d2370b10b06b9f11a6e54', '[\"*\"]', '2022-10-23 01:18:22', '2022-10-23 01:17:08', '2022-10-23 01:18:22'),
(2, 'App\\Models\\User', 2, 'token', 'b9863b74c796a6e4d91da49caa1c5e4cafbcbddaa35ae04e449cea8a5bf02067', '[\"*\"]', '2022-10-24 06:47:25', '2022-10-24 05:50:51', '2022-10-24 06:47:25'),
(3, 'App\\Models\\User', 2, 'token', 'db9d463f7b8ebd192fe07a1307bbc2358a4d17ac3ae43c5c275c02660be48512', '[\"*\"]', '2022-10-24 07:51:53', '2022-10-24 06:52:58', '2022-10-24 07:51:53'),
(4, 'App\\Models\\User', 2, 'token', '5139899bdd33485179e3f186fea7e5844cc5cd94fe75e72a81b27174cc5b26db', '[\"*\"]', '2022-10-24 09:02:46', '2022-10-24 08:02:47', '2022-10-24 09:02:46'),
(5, 'App\\Models\\User', 2, 'token', '63b3d6024353f1de96b21dc19355dad23e36008167d547dc538a2ac9f38db773', '[\"*\"]', '2022-10-24 10:02:10', '2022-10-24 09:03:44', '2022-10-24 10:02:10'),
(6, 'App\\Models\\User', 2, 'token', '1195350bf237de9b7f8fd3922bbf003691809a45150ee1a13944a95737c3f3c5', '[\"*\"]', '2022-10-24 10:29:35', '2022-10-24 10:04:21', '2022-10-24 10:29:35'),
(7, 'App\\Models\\User', 80, 'token', '37c111ec0005b8f3efc5bbf08ffe65e390f5c1fb289105cd8ea454887b5ec504', '[\"*\"]', '2022-10-24 10:38:58', '2022-10-24 10:31:17', '2022-10-24 10:38:58'),
(8, 'App\\Models\\User', 80, 'token', '7f4a1835312ea8ad8febcd68331d80880055d54a99de7fed3832c318e36a830d', '[\"*\"]', NULL, '2022-10-24 10:38:58', '2022-10-24 10:38:58'),
(9, 'App\\Models\\User', 80, 'token', '643ac6a3092eeece0ecc45d8f85c640127b2bee7b32eacc8affb4b0606b5a386', '[\"*\"]', NULL, '2022-10-24 10:38:58', '2022-10-24 10:38:58'),
(10, 'App\\Models\\User', 80, 'token', '0484033179707c1d2e6054e204a051102ef67c7712925331ceef1eb5f35b10c4', '[\"*\"]', '2022-10-24 10:39:27', '2022-10-24 10:39:16', '2022-10-24 10:39:27'),
(11, 'App\\Models\\User', 80, 'token', 'a73a3cc4cce4eae981bf5ea6517417bb549885c85fcd18f1777be33c7630ec23', '[\"*\"]', NULL, '2022-10-24 10:39:16', '2022-10-24 10:39:16'),
(12, 'App\\Models\\User', 80, 'token', 'a40b59939b0a130d59f7789444b75b18e4ff6374d864418c0121f84f4279d06e', '[\"*\"]', NULL, '2022-10-24 10:39:27', '2022-10-24 10:39:27'),
(13, 'App\\Models\\User', 80, 'token', 'c31a7177d0a92ef4e33e9ffe8b71be8e2e2ea1795fad00a6f852da46159b4714', '[\"*\"]', '2022-10-24 10:39:28', '2022-10-24 10:39:27', '2022-10-24 10:39:28'),
(14, 'App\\Models\\User', 80, 'token', '571549f444ae53a22da2a5a91743ffbe514eff45a46c02c2f8e9a89aa7c3d71c', '[\"*\"]', NULL, '2022-10-24 10:40:44', '2022-10-24 10:40:44'),
(15, 'App\\Models\\User', 80, 'token', '5fc666a6874000420a20828cba1b17892399bd80c92953096d2c02bd0b53b96d', '[\"*\"]', NULL, '2022-10-24 10:40:44', '2022-10-24 10:40:44'),
(16, 'App\\Models\\User', 80, 'token', '93cb50e179e3fdbae3b665eb8541c95139d683f27294dfe6817c8306ab64060a', '[\"*\"]', NULL, '2022-10-24 10:40:45', '2022-10-24 10:40:45'),
(17, 'App\\Models\\User', 80, 'token', 'ee50e19facb02fcdb9dade3a5cb6ae13e0b4a4a680f4cc426b7111e2fcf9f59b', '[\"*\"]', NULL, '2022-10-24 10:40:45', '2022-10-24 10:40:45'),
(18, 'App\\Models\\User', 80, 'token', '7029779bbfe46fc0f3cbede7caec034fff80d1ae0c38ee9a05f949ae0cae9f3f', '[\"*\"]', NULL, '2022-10-24 10:40:46', '2022-10-24 10:40:46'),
(19, 'App\\Models\\User', 80, 'token', 'f615d0c78039034a90fa96d5466a19181b2a34bb2080617716ff9e66953d7dc5', '[\"*\"]', NULL, '2022-10-24 10:40:46', '2022-10-24 10:40:46'),
(20, 'App\\Models\\User', 80, 'token', '813e92158f3262669c81b89f9d27c5042c2f7d95e67b8ba62b37fbaf6def208a', '[\"*\"]', NULL, '2022-10-24 10:40:48', '2022-10-24 10:40:48'),
(21, 'App\\Models\\User', 80, 'token', 'fd4a84bc598f7c3f554b107ab5a55822028ac0ef39bb9614af8ff04a5b41ed3a', '[\"*\"]', NULL, '2022-10-24 10:40:48', '2022-10-24 10:40:48'),
(22, 'App\\Models\\User', 80, 'token', 'b67afabce8be6031c4f8bade0a98179fb7916d6300c1381ef9e4c4f2eb3b4d1a', '[\"*\"]', NULL, '2022-10-24 10:40:49', '2022-10-24 10:40:49'),
(23, 'App\\Models\\User', 80, 'token', 'c8bd1c8f88dbc9172f4ea48811852929c8001d13592b2da2acc95efa6441d561', '[\"*\"]', NULL, '2022-10-24 10:40:49', '2022-10-24 10:40:49'),
(24, 'App\\Models\\User', 80, 'token', 'ee1a77d1074b04acfee5a7f8cc1e33816ec063f9752866ad279f2765d40882fa', '[\"*\"]', NULL, '2022-10-24 10:40:50', '2022-10-24 10:40:50'),
(25, 'App\\Models\\User', 80, 'token', '4f3020bb77569e72670031a8e1a171a4f4aebe1e72576aec2ba511a15d66bbdc', '[\"*\"]', NULL, '2022-10-24 10:40:50', '2022-10-24 10:40:50'),
(26, 'App\\Models\\User', 80, 'token', 'a20e39362123b977c30c52bd77bf352888d90d81abbac593f8ee8c5350898d9a', '[\"*\"]', NULL, '2022-10-24 10:40:51', '2022-10-24 10:40:51'),
(27, 'App\\Models\\User', 80, 'token', 'e48c842939262adb0b8c14725f06bd471cce50de2487ace2327931d768fd9eab', '[\"*\"]', NULL, '2022-10-24 10:40:51', '2022-10-24 10:40:51'),
(28, 'App\\Models\\User', 80, 'token', 'c01a0499b89db59f9b28e2940d701797b512f665ac108310f49e5072a15654d1', '[\"*\"]', NULL, '2022-10-24 10:40:52', '2022-10-24 10:40:52'),
(29, 'App\\Models\\User', 80, 'token', '9d663a5abde11937284751f86fb5416be424ae4e4e46c4be33da679bb357c87e', '[\"*\"]', NULL, '2022-10-24 10:40:52', '2022-10-24 10:40:52'),
(30, 'App\\Models\\User', 80, 'token', 'da66f1549a8ac607c70ace732e9111390d569f0cb104d17995c7cc3f9f56c992', '[\"*\"]', NULL, '2022-10-24 10:40:53', '2022-10-24 10:40:53'),
(31, 'App\\Models\\User', 80, 'token', '6e0d972f72bbd5e845734b57e185e60dea8496840e2b85d1341ba5fe46a56fb9', '[\"*\"]', NULL, '2022-10-24 10:40:54', '2022-10-24 10:40:54'),
(32, 'App\\Models\\User', 80, 'token', '5fcb8e8a949d4945bdbaa6d86cbf37a3f364d5d2566cf43fc6d66e1ba9df3099', '[\"*\"]', NULL, '2022-10-24 10:40:55', '2022-10-24 10:40:55'),
(33, 'App\\Models\\User', 80, 'token', '7cfef2dacbe6a88bdfe14353a2582fc1a18592140724aca5114f216ae7827727', '[\"*\"]', NULL, '2022-10-24 10:40:55', '2022-10-24 10:40:55'),
(34, 'App\\Models\\User', 80, 'token', '6791fe7455a9531cacf72a6d0427c2fecc33e37afca7f82e4e0e251df2909f55', '[\"*\"]', NULL, '2022-10-24 10:40:56', '2022-10-24 10:40:56'),
(35, 'App\\Models\\User', 80, 'token', 'd2dea5ff0a5e675ebafdfe1a2d76132ac9b2dcdc823640936dd7981946dd2c36', '[\"*\"]', NULL, '2022-10-24 10:40:56', '2022-10-24 10:40:56'),
(36, 'App\\Models\\User', 80, 'token', '2be151a1e73c33cd060b40e7d97368e38955c742bce2343fa2ff312bc88a9109', '[\"*\"]', NULL, '2022-10-24 10:40:57', '2022-10-24 10:40:57'),
(37, 'App\\Models\\User', 80, 'token', 'd675dfbe9c1f1be1f9e52b9d742de164e3edd2b69990d0cfd61a1ff0e9aed6b1', '[\"*\"]', NULL, '2022-10-24 10:40:57', '2022-10-24 10:40:57'),
(38, 'App\\Models\\User', 80, 'token', '13810e1f2fb0f59ab162cb895489d74739da572b310eae9b3939e72c52ab349e', '[\"*\"]', NULL, '2022-10-24 10:40:58', '2022-10-24 10:40:58'),
(39, 'App\\Models\\User', 80, 'token', '27ef8679c767c0711efa33a142461345ed13a0d58d75b8c3b4b27d61f56e504a', '[\"*\"]', NULL, '2022-10-24 10:40:58', '2022-10-24 10:40:58'),
(40, 'App\\Models\\User', 80, 'token', '35ff0bd1f161805bbd3a88b0932d8b821834e5e6c2171e9183b9894996ddd3c8', '[\"*\"]', NULL, '2022-10-24 10:41:02', '2022-10-24 10:41:02'),
(41, 'App\\Models\\User', 80, 'token', '1c3bebd934df5f681cb122f272135e244314ea41f811d334da97580c46046e15', '[\"*\"]', NULL, '2022-10-24 10:41:02', '2022-10-24 10:41:02'),
(42, 'App\\Models\\User', 80, 'token', '0102b9ed4e79667670005d4bf4754579f3650b3ebd23b35f002546745de887d0', '[\"*\"]', NULL, '2022-10-24 10:41:03', '2022-10-24 10:41:03'),
(43, 'App\\Models\\User', 80, 'token', 'f1fc3247cb3b721ff3785ca0567dc49d27536e7a022e45d44353f0969ebd2157', '[\"*\"]', NULL, '2022-10-24 10:41:03', '2022-10-24 10:41:03'),
(44, 'App\\Models\\User', 80, 'token', 'f4ded3cd7ed3ce3eabacfaa55f3d21530a83b87b7ce80c5df95e402158649507', '[\"*\"]', NULL, '2022-10-24 10:41:04', '2022-10-24 10:41:04'),
(45, 'App\\Models\\User', 80, 'token', 'e9d1b9ba3c04dee85270779dc348090d187dbd29a0aa97ab3378f41e27a5ef8c', '[\"*\"]', NULL, '2022-10-24 10:41:04', '2022-10-24 10:41:04'),
(46, 'App\\Models\\User', 80, 'token', '9566f18068502528ed27c45a23307f09a7cc38913d5db272b066d6591c4ca2e7', '[\"*\"]', NULL, '2022-10-24 10:42:13', '2022-10-24 10:42:13'),
(47, 'App\\Models\\User', 80, 'token', '12e1d4d274c88cc04b757b7b635ec792a4e6716f2e9ae8bf266a7fe25f7ff23c', '[\"*\"]', '2022-10-24 10:42:17', '2022-10-24 10:42:13', '2022-10-24 10:42:17'),
(48, 'App\\Models\\User', 80, 'token', '105d36bcac0802220d1782cbf5d46006237b27b1100ac49379bb479b47414cb1', '[\"*\"]', NULL, '2022-10-24 10:42:35', '2022-10-24 10:42:35'),
(49, 'App\\Models\\User', 80, 'token', '94f4b2aa7c9f39b5a52fae8c6c9ffe00ed71b8673a5ee9e1a743164dfcaf0409', '[\"*\"]', '2022-10-24 10:42:50', '2022-10-24 10:42:35', '2022-10-24 10:42:50'),
(50, 'App\\Models\\User', 80, 'token', '5cb83ba11538a32203c89e45ee895aeaf06ad77ab25651a22a9e9eb41af66c34', '[\"*\"]', NULL, '2022-10-24 10:42:50', '2022-10-24 10:42:50'),
(51, 'App\\Models\\User', 80, 'token', 'aceecad7d95bb125e55cecf83914c9348451b40b9c1782d90c30ce925da0e26c', '[\"*\"]', '2022-10-24 10:42:52', '2022-10-24 10:42:50', '2022-10-24 10:42:52'),
(52, 'App\\Models\\User', 80, 'token', 'c2cd2454786b340c3c9632d9c916dc85d41e05f68c2dadb81b311e83f3b08ff9', '[\"*\"]', NULL, '2022-10-24 10:42:56', '2022-10-24 10:42:56'),
(53, 'App\\Models\\User', 80, 'token', '68054f23e152cf4592f645dfda7dc9da7394faf39fecdd96885a9f90e7ec3774', '[\"*\"]', '2022-10-24 10:43:46', '2022-10-24 10:42:56', '2022-10-24 10:43:46'),
(54, 'App\\Models\\User', 80, 'token', 'b5016d547787a27773032d4dc38cf44e61a603e4688ae805b73c8cece9971c27', '[\"*\"]', '2022-10-24 10:43:48', '2022-10-24 10:43:45', '2022-10-24 10:43:48'),
(55, 'App\\Models\\User', 80, 'token', 'c0d580474af7878a0a5aea017f5361b127668daa3f1b6fc9d0410d6a70a72cfe', '[\"*\"]', NULL, '2022-10-24 10:43:45', '2022-10-24 10:43:45'),
(56, 'App\\Models\\User', 80, 'token', '73c051ace178cb5ff7d124d9c64588d46a75b6b6f139ac11db279cc80f510baa', '[\"*\"]', NULL, '2022-10-24 10:44:14', '2022-10-24 10:44:14'),
(57, 'App\\Models\\User', 80, 'token', 'f1e18fc6b6f7008d633efcac6b017ebc5b6dcf6e5d8edfdb7b70880e4a173c42', '[\"*\"]', '2022-10-24 10:47:17', '2022-10-24 10:44:14', '2022-10-24 10:47:17'),
(58, 'App\\Models\\User', 80, 'token', 'b09ab2a3776fd2acd6b3b1cf8a6fc29d2d78ac7f1757e9980875f03d36b25ac3', '[\"*\"]', NULL, '2022-10-24 10:47:17', '2022-10-24 10:47:17'),
(59, 'App\\Models\\User', 80, 'token', 'a66f0f50148b289fd76ae95e150bb7c5cfbe0ad86cc408ac0fd7cd41ee1136ae', '[\"*\"]', '2022-10-24 10:47:19', '2022-10-24 10:47:17', '2022-10-24 10:47:19'),
(60, 'App\\Models\\User', 80, 'token', '9fa70678910aaa358c1b5f0d56d91d90fb5dd36f7ad21a575cd0476074f5c051', '[\"*\"]', NULL, '2022-10-25 06:58:27', '2022-10-25 06:58:27'),
(61, 'App\\Models\\User', 80, 'token', '6e58b7c62a306e117287d5d8201a72f44c659d2f37612141449df984d0c01040', '[\"*\"]', '2022-10-25 07:49:44', '2022-10-25 06:58:31', '2022-10-25 07:49:44'),
(62, 'App\\Models\\User', 80, 'token', '0fef8934acb94e83b3558e0f66044821b9a0749b20bfe319bebd1c3b6a4fc7e3', '[\"*\"]', NULL, '2022-10-25 07:08:20', '2022-10-25 07:08:20'),
(63, 'App\\Models\\User', 80, 'token', 'c7cb04893eaa54f77a5567bcd7ba5f1148897476b0d799a424fae8d48c8f46c3', '[\"*\"]', '2022-10-25 07:08:23', '2022-10-25 07:08:20', '2022-10-25 07:08:23'),
(64, 'App\\Models\\User', 80, 'token', '9e70d72dbafb0a6cf73de8a1394c5e42c4ea358ea6159aa245c8f1b729482889', '[\"*\"]', '2022-10-25 07:08:24', '2022-10-25 07:08:22', '2022-10-25 07:08:24'),
(65, 'App\\Models\\User', 80, 'token', 'c973491bad969d151342693b4561f17b46fadbd6535d04cf7354eb95da24e098', '[\"*\"]', '2022-10-25 07:15:58', '2022-10-25 07:08:23', '2022-10-25 07:15:58'),
(66, 'App\\Models\\User', 80, 'token', 'f97d814b4a9ccf0b984045d18b806e94ed0b3835c5e761d268a3a7fb6b88f6ae', '[\"*\"]', NULL, '2022-10-25 07:49:35', '2022-10-25 07:49:35'),
(67, 'App\\Models\\User', 80, 'token', '8016d36708e2bcd55c882efb44e1763216b539e5be29a7384bb0d1d8034154be', '[\"*\"]', '2022-10-25 07:50:08', '2022-10-25 07:49:42', '2022-10-25 07:50:08'),
(68, 'App\\Models\\User', 80, 'token', 'e8a7251a84abf824d124188515bb88197f6eae748e6db0969652687db009c603', '[\"*\"]', '2022-10-25 07:50:46', '2022-10-25 07:50:07', '2022-10-25 07:50:46'),
(69, 'App\\Models\\User', 80, 'token', '0c94f05cc6dcc2a94312d3f9798ef5852258636e16661ca5d78bf548c64ebb3a', '[\"*\"]', NULL, '2022-10-25 07:50:23', '2022-10-25 07:50:23'),
(70, 'App\\Models\\User', 80, 'token', '04e24b44e6ccb00eca79c046d9df28f0f5a9beec440e6dd13a15c5641e9a8bcf', '[\"*\"]', '2022-10-25 07:50:36', '2022-10-25 07:50:31', '2022-10-25 07:50:36'),
(71, 'App\\Models\\User', 80, 'token', '73f730caa1a700526df7258875eba52f9472db76edf31840ac712913a58aa839', '[\"*\"]', '2022-10-25 08:19:07', '2022-10-25 07:50:46', '2022-10-25 08:19:07'),
(72, 'App\\Models\\User', 80, 'token', 'd559fc4ab7765a9924b14072b6540a2566240b3970b38a76bd296b36821db124', '[\"*\"]', '2022-10-25 07:58:18', '2022-10-25 07:58:03', '2022-10-25 07:58:18'),
(73, 'App\\Models\\User', 80, 'token', '66777edfaa2f5695719bcd7406f7ef132f0058bc738882adc657c40f0783776d', '[\"*\"]', '2022-10-25 07:58:20', '2022-10-25 07:58:18', '2022-10-25 07:58:20'),
(74, 'App\\Models\\User', 80, 'token', '86552486857074681db0b86a7ea457ce0fd50bba38e1e17071936af8b8b55698', '[\"*\"]', '2022-10-25 08:22:09', '2022-10-25 08:19:07', '2022-10-25 08:22:09'),
(75, 'App\\Models\\User', 80, 'token', 'f30f8661b447b3c097e97267a7c02ce4656f2fdf88b27571e9ef9d93efc94f92', '[\"*\"]', '2022-10-25 08:22:20', '2022-10-25 08:22:09', '2022-10-25 08:22:20'),
(76, 'App\\Models\\User', 80, 'token', '345316f16911d84d7bd586b1fb5992cc7b72dd63de446eb4155d39dc8fad400c', '[\"*\"]', '2022-10-25 08:23:16', '2022-10-25 08:22:20', '2022-10-25 08:23:16'),
(77, 'App\\Models\\User', 80, 'token', '639a9d12387630050392cebf7c542ec957ab8ae18de31a6c78186a7c0f4e4cf6', '[\"*\"]', '2022-10-25 08:23:59', '2022-10-25 08:23:16', '2022-10-25 08:23:59'),
(78, 'App\\Models\\User', 80, 'token', 'de5914eef112cbe663c2c9100439c94604fc3dd6aa442858bb836610c92d9bac', '[\"*\"]', '2022-10-25 08:24:00', '2022-10-25 08:23:59', '2022-10-25 08:24:00'),
(79, 'App\\Models\\User', 80, 'token', '67d1f42133fcceba7d17bb9933dd469742d16bc530498af87d12532d327efcc0', '[\"*\"]', '2022-10-25 08:35:40', '2022-10-25 08:32:29', '2022-10-25 08:35:40');

-- --------------------------------------------------------

--
-- Table structure for table `planos`
--

CREATE TABLE `planos` (
  `id` int(10) UNSIGNED NOT NULL,
  `user_id` bigint(20) UNSIGNED NOT NULL,
  `created_at` timestamp NULL DEFAULT NULL,
  `updated_at` timestamp NULL DEFAULT NULL
) ENGINE=MyISAM DEFAULT CHARSET=utf8mb4 COLLATE=utf8mb4_unicode_ci;

-- --------------------------------------------------------

--
-- Table structure for table `posts`
--

CREATE TABLE `posts` (
  `id` int(10) UNSIGNED NOT NULL,
  `author_id` int(11) NOT NULL,
  `category_id` int(11) DEFAULT NULL,
  `title` varchar(255) COLLATE utf8mb4_unicode_ci NOT NULL,
  `seo_title` varchar(255) COLLATE utf8mb4_unicode_ci DEFAULT NULL,
  `excerpt` text COLLATE utf8mb4_unicode_ci,
  `body` text COLLATE utf8mb4_unicode_ci NOT NULL,
  `image` varchar(255) COLLATE utf8mb4_unicode_ci DEFAULT NULL,
  `slug` varchar(255) COLLATE utf8mb4_unicode_ci NOT NULL,
  `meta_description` text COLLATE utf8mb4_unicode_ci,
  `meta_keywords` text COLLATE utf8mb4_unicode_ci,
  `status` enum('PUBLISHED','DRAFT','PENDING') COLLATE utf8mb4_unicode_ci NOT NULL DEFAULT 'DRAFT',
  `featured` tinyint(1) NOT NULL DEFAULT '0',
  `created_at` timestamp NULL DEFAULT NULL,
  `updated_at` timestamp NULL DEFAULT NULL
) ENGINE=InnoDB DEFAULT CHARSET=utf8mb4 COLLATE=utf8mb4_unicode_ci;

--
-- Dumping data for table `posts`
--

INSERT INTO `posts` (`id`, `author_id`, `category_id`, `title`, `seo_title`, `excerpt`, `body`, `image`, `slug`, `meta_description`, `meta_keywords`, `status`, `featured`, `created_at`, `updated_at`) VALUES
(1, 0, NULL, 'Lorem Ipsum Post', NULL, 'This is the excerpt for the Lorem Ipsum Post', '<p>This is the body of the lorem ipsum post</p>', 'posts/post1.jpg', 'lorem-ipsum-post', 'This is the meta description', 'keyword1, keyword2, keyword3', 'PUBLISHED', 0, '2020-10-12 06:28:07', '2020-10-12 06:28:07'),
(2, 0, NULL, 'My Sample Post', NULL, 'This is the excerpt for the sample Post', '<p>This is the body for the sample post, which includes the body.</p>\n                <h2>We can use all kinds of format!</h2>\n                <p>And include a bunch of other stuff.</p>', 'posts/post2.jpg', 'my-sample-post', 'Meta Description for sample post', 'keyword1, keyword2, keyword3', 'PUBLISHED', 0, '2020-10-12 06:28:07', '2020-10-12 06:28:07'),
(3, 0, NULL, 'Latest Post', NULL, 'This is the excerpt for the latest post', '<p>This is the body for the latest post</p>', 'posts/post3.jpg', 'latest-post', 'This is the meta description', 'keyword1, keyword2, keyword3', 'PUBLISHED', 0, '2020-10-12 06:28:07', '2020-10-12 06:28:07'),
(4, 0, NULL, 'Yarr Post', NULL, 'Reef sails nipperkin bring a spring upon her cable coffer jury mast spike marooned Pieces of Eight poop deck pillage. Clipper driver coxswain galleon hempen halter come about pressgang gangplank boatswain swing the lead. Nipperkin yard skysail swab lanyard Blimey bilge water ho quarter Buccaneer.', '<p>Swab deadlights Buccaneer fire ship square-rigged dance the hempen jig weigh anchor cackle fruit grog furl. Crack Jennys tea cup chase guns pressgang hearties spirits hogshead Gold Road six pounders fathom measured fer yer chains. Main sheet provost come about trysail barkadeer crimp scuttle mizzenmast brig plunder.</p>\n<p>Mizzen league keelhaul galleon tender cog chase Barbary Coast doubloon crack Jennys tea cup. Blow the man down lugsail fire ship pinnace cackle fruit line warp Admiral of the Black strike colors doubloon. Tackle Jack Ketch come about crimp rum draft scuppers run a shot across the bow haul wind maroon.</p>\n<p>Interloper heave down list driver pressgang holystone scuppers tackle scallywag bilged on her anchor. Jack Tar interloper draught grapple mizzenmast hulk knave cable transom hogshead. Gaff pillage to go on account grog aft chase guns piracy yardarm knave clap of thunder.</p>', 'posts/post4.jpg', 'yarr-post', 'this be a meta descript', 'keyword1, keyword2, keyword3', 'PUBLISHED', 0, '2020-10-12 06:28:07', '2020-10-12 06:28:07');

-- --------------------------------------------------------

--
-- Table structure for table `profiles`
--

CREATE TABLE `profiles` (
  `id` bigint(20) UNSIGNED NOT NULL,
  `user_id` bigint(20) UNSIGNED NOT NULL,
  `document_type` varchar(255) COLLATE utf8mb4_unicode_ci DEFAULT NULL,
  `document` varchar(255) COLLATE utf8mb4_unicode_ci DEFAULT NULL,
  `phone_number` varchar(255) COLLATE utf8mb4_unicode_ci DEFAULT NULL,
  `created_at` timestamp NULL DEFAULT NULL,
  `updated_at` timestamp NULL DEFAULT NULL
) ENGINE=InnoDB DEFAULT CHARSET=utf8mb4 COLLATE=utf8mb4_unicode_ci;

--
-- Dumping data for table `profiles`
--

INSERT INTO `profiles` (`id`, `user_id`, `document_type`, `document`, `phone_number`, `created_at`, `updated_at`) VALUES
(1, 311, NULL, 'users/merchantbuyer/19c3344b03344940b0501206445b892740f0c31f.png', NULL, '2021-08-05 22:46:03', '2021-08-05 22:46:03'),
(2, 2, NULL, 'users/Admin demo/c57559fde1ce16314e7ef2ee5812a4bcce40e0ec.png', NULL, '2022-12-08 06:05:31', '2022-12-08 06:05:31'),
(3, 1, NULL, 'users/demo/f14bfd9961aaf9011fe1bd4ff82f7ab59f36eca1.PNG', NULL, '2022-12-20 14:26:57', '2023-02-02 16:31:55'),
(4, 371, NULL, 'users/cyberfox11/092a36a60f6492063fee6dc82a91c440dce1f72b.png', NULL, '2022-12-20 14:33:07', '2022-12-20 14:33:07');

-- --------------------------------------------------------

--
-- Table structure for table `purchases`
--

CREATE TABLE `purchases` (
  `id` bigint(20) UNSIGNED NOT NULL,
  `user_id` bigint(20) UNSIGNED NOT NULL,
  `merchant_id` bigint(20) UNSIGNED NOT NULL,
  `transaction_state_id` int(11) NOT NULL,
  `gross` decimal(19,8) NOT NULL,
  `fee` decimal(16,8) NOT NULL,
  `net` decimal(19,8) NOT NULL,
  `json_data` text COLLATE utf8mb4_unicode_ci,
  `currency_id` bigint(20) UNSIGNED NOT NULL,
  `currency_symbol` varchar(255) COLLATE utf8mb4_unicode_ci DEFAULT NULL,
  `created_at` timestamp NULL DEFAULT NULL,
  `updated_at` timestamp NULL DEFAULT NULL,
  `sale_id` bigint(20) UNSIGNED DEFAULT NULL
) ENGINE=InnoDB DEFAULT CHARSET=utf8mb4 COLLATE=utf8mb4_unicode_ci;

--
-- Dumping data for table `purchases`
--

INSERT INTO `purchases` (`id`, `user_id`, `merchant_id`, `transaction_state_id`, `gross`, `fee`, `net`, `json_data`, `currency_id`, `currency_symbol`, `created_at`, `updated_at`, `sale_id`) VALUES
(1, 2, 6, 1, '40.00000000', '0.00000000', '40.00000000', '{\"items\":[{\"name\":\"Product 1\",\"price\":20,\"description\":\"Product 1 description\",\"qty\":1},{\"name\":\"Product 2\",\"price\":10,\"description\":\"Product 2 description\",\"qty\":1},{\"name\":\"Product 3\",\"price\":10,\"description\":\"Product 3 description\",\"qty\":1}],\"invoice_id\":12,\"invoice_description\":\"Order with Invoice 12\",\"total\":40,\"return_url\":\"https:\\/\\/bitmetical.com\\/success.php\",\"cancel_url\":\"fail.php\"}', 1, '$', '2021-03-18 14:41:00', '2021-03-18 14:41:00', 2),
(2, 2, 9, 1, '1908.88000000', '0.00000000', '1908.88000000', '{\"items\":[{\"name\":\"Shop\",\"price\":\"1908.88\",\"description\":\"order_id #43 Shop\",\"qty\":1}],\"invoice_id\":43,\"invoice_description\":\"Order with Invoice 43\",\"total\":\"1908.88\",\"return_url\":\"https:\\/\\/shop.dxtrader.xyz\\/phpwalletstatus\",\"cancel_url\":\"https:\\/\\/shop.dxtrader.xyz\\/phpwalletstatus\"}', 1, '$', '2021-07-26 17:26:48', '2021-07-26 17:26:48', 3),
(3, 2, 9, 1, '336.71000000', '0.00000000', '336.71000000', '{\"items\":[{\"name\":\"Shop\",\"price\":\"336.71\",\"description\":\"order_id #44 Shop\",\"qty\":1}],\"invoice_id\":44,\"invoice_description\":\"Order with Invoice 44\",\"total\":\"336.71\",\"return_url\":\"https:\\/\\/shop.dxtrader.xyz\\/phpwalletstatus\",\"cancel_url\":\"https:\\/\\/shop.dxtrader.xyz\\/phpwalletstatus\"}', 1, '$', '2021-07-27 20:39:18', '2021-07-27 20:39:18', 4),
(4, 2, 9, 1, '877.76000000', '0.00000000', '877.76000000', '{\"items\":[{\"name\":\"Shop\",\"price\":\"877.76\",\"description\":\"order_id #45 Shop\",\"qty\":1}],\"invoice_id\":45,\"invoice_description\":\"Order with Invoice 45\",\"total\":\"877.76\",\"return_url\":\"https:\\/\\/shop.dxtrader.xyz\\/phpwalletstatus\",\"cancel_url\":\"https:\\/\\/shop.dxtrader.xyz\\/phpwalletstatus\"}', 1, '$', '2021-07-28 11:28:53', '2021-07-28 11:28:53', 5),
(5, 2, 9, 1, '173.36000000', '0.00000000', '173.36000000', '{\"items\":[{\"name\":\"Shop\",\"price\":\"173.36\",\"description\":\"order_id #46 Shop\",\"qty\":1}],\"invoice_id\":46,\"invoice_description\":\"Order with Invoice 46\",\"total\":\"173.36\",\"return_url\":\"https:\\/\\/shop.dxtrader.xyz\\/phpwalletstatus\",\"cancel_url\":\"https:\\/\\/shop.dxtrader.xyz\\/phpwalletstatus\"}', 1, '$', '2021-07-28 12:13:11', '2021-07-28 12:13:11', 6),
(6, 2, 9, 1, '31.03000000', '0.00000000', '31.03000000', '{\"items\":[{\"name\":\"Shop\",\"price\":\"31.03\",\"description\":\"order_id #610 Shop\",\"qty\":1}],\"invoice_id\":610,\"invoice_description\":\"Order with Invoice 610\",\"total\":\"31.03\",\"return_url\":\"https:\\/\\/shop.dxtrader.xyz\\/phpwalletstatus\",\"cancel_url\":\"https:\\/\\/shop.dxtrader.xyz\\/phpwalletstatus\"}', 1, '$', '2021-08-05 12:09:08', '2021-08-05 12:09:08', 7),
(7, 311, 9, 1, '252.31000000', '0.00000000', '252.31000000', '{\"items\":[{\"name\":\"Shop\",\"price\":\"252.31\",\"description\":\"order_id #612 Shop\",\"qty\":1}],\"invoice_id\":612,\"invoice_description\":\"Order with Invoice 612\",\"total\":\"252.31\",\"return_url\":\"https:\\/\\/shop.dxtrader.xyz\\/phpwalletstatus\",\"cancel_url\":\"https:\\/\\/shop.dxtrader.xyz\\/phpwalletstatus\"}', 1, '$', '2021-08-07 09:07:31', '2021-08-07 09:07:31', 8),
(8, 311, 9, 1, '148.18000000', '0.00000000', '148.18000000', '{\"items\":[{\"name\":\"Shop\",\"price\":\"148.18\",\"description\":\"order_id #613 Shop\",\"qty\":1}],\"invoice_id\":613,\"invoice_description\":\"Order with Invoice 613\",\"total\":\"148.18\",\"return_url\":\"https:\\/\\/shop.dxtrader.xyz\\/phpwalletstatus\",\"cancel_url\":\"https:\\/\\/shop.dxtrader.xyz\\/phpwalletstatus\"}', 1, '$', '2021-08-07 16:12:25', '2021-08-07 16:12:25', 9),
(9, 311, 9, 1, '38.63000000', '0.00000000', '38.63000000', '{\"items\":[{\"name\":\"Shop\",\"price\":\"38.63\",\"description\":\"order_id #615 Shop\",\"qty\":1}],\"invoice_id\":615,\"invoice_description\":\"Order with Invoice 615\",\"total\":\"38.63\",\"return_url\":\"https:\\/\\/shop.dxtrader.xyz\\/phpwalletstatus\",\"cancel_url\":\"https:\\/\\/shop.dxtrader.xyz\\/phpwalletstatus\"}', 1, '$', '2021-08-07 22:03:00', '2021-08-07 22:03:00', 10),
(10, 311, 9, 1, '38.63000000', '0.00000000', '38.63000000', '{\"items\":[{\"name\":\"Shop\",\"price\":\"38.63\",\"description\":\"order_id #616 Shop\",\"qty\":1}],\"invoice_id\":616,\"invoice_description\":\"Order with Invoice 616\",\"total\":\"38.63\",\"return_url\":\"https:\\/\\/shop.dxtrader.xyz\\/phpwalletstatus\",\"cancel_url\":\"https:\\/\\/shop.dxtrader.xyz\\/phpwalletstatus\"}', 1, '$', '2021-08-08 03:11:01', '2021-08-08 03:11:01', 11),
(11, 311, 9, 1, '8.25000000', '0.00000000', '8.25000000', '{\"items\":[{\"name\":\"Shop\",\"price\":\"8.25\",\"description\":\"order_id #617 Shop\",\"qty\":1}],\"invoice_id\":617,\"invoice_description\":\"Order with Invoice 617\",\"total\":\"8.25\",\"return_url\":\"https:\\/\\/shop.dxtrader.xyz\\/phpwalletstatus\",\"cancel_url\":\"https:\\/\\/shop.dxtrader.xyz\\/phpwalletstatus\"}', 1, '$', '2021-08-08 20:48:45', '2021-08-08 20:48:45', 12),
(12, 311, 9, 1, '217.60000000', '0.00000000', '217.60000000', '{\"items\":[{\"name\":\"Shop\",\"price\":\"217.60\",\"description\":\"order_id #618 Shop\",\"qty\":1}],\"invoice_id\":618,\"invoice_description\":\"Order with Invoice 618\",\"total\":\"217.60\",\"return_url\":\"https:\\/\\/shop.dxtrader.xyz\\/phpwalletstatus\",\"cancel_url\":\"https:\\/\\/shop.dxtrader.xyz\\/phpwalletstatus\"}', 1, '$', '2021-08-09 10:32:11', '2021-08-09 10:32:11', 13),
(13, 311, 9, 1, '38.63000000', '0.00000000', '38.63000000', '{\"items\":[{\"name\":\"Shop\",\"price\":\"38.63\",\"description\":\"order_id #619 Shop\",\"qty\":1}],\"invoice_id\":619,\"invoice_description\":\"Order with Invoice 619\",\"total\":\"38.63\",\"return_url\":\"https:\\/\\/shop.dxtrader.xyz\\/phpwalletstatus\",\"cancel_url\":\"https:\\/\\/shop.dxtrader.xyz\\/phpwalletstatus\"}', 1, '$', '2021-08-09 12:08:11', '2021-08-09 12:08:11', 14),
(14, 311, 9, 1, '9.34000000', '0.00000000', '9.34000000', '{\"items\":[{\"name\":\"Shop\",\"price\":\"9.34\",\"description\":\"order_id #620 Shop\",\"qty\":1}],\"invoice_id\":620,\"invoice_description\":\"Order with Invoice 620\",\"total\":\"9.34\",\"return_url\":\"https:\\/\\/shop.dxtrader.xyz\\/phpwalletstatus\",\"cancel_url\":\"https:\\/\\/shop.dxtrader.xyz\\/phpwalletstatus\"}', 1, '$', '2021-08-09 19:35:58', '2021-08-09 19:35:58', 15),
(15, 311, 9, 1, '532.16000000', '0.00000000', '532.16000000', '{\"items\":[{\"name\":\"Shop\",\"price\":\"532.16\",\"description\":\"order_id #621 Shop\",\"qty\":1}],\"invoice_id\":621,\"invoice_description\":\"Order with Invoice 621\",\"total\":\"532.16\",\"return_url\":\"https:\\/\\/shop.dxtrader.xyz\\/phpwalletstatus\",\"cancel_url\":\"https:\\/\\/shop.dxtrader.xyz\\/phpwalletstatus\"}', 1, '$', '2021-08-10 00:34:32', '2021-08-10 00:34:32', 16),
(16, 311, 9, 1, '31.03000000', '0.00000000', '31.03000000', '{\"items\":[{\"name\":\"Shop\",\"price\":\"31.03\",\"description\":\"order_id #622 Shop\",\"qty\":1}],\"invoice_id\":622,\"invoice_description\":\"Order with Invoice 622\",\"total\":\"31.03\",\"return_url\":\"https:\\/\\/shop.dxtrader.xyz\\/phpwalletstatus\",\"cancel_url\":\"https:\\/\\/shop.dxtrader.xyz\\/phpwalletstatus\"}', 1, '$', '2021-08-10 11:51:18', '2021-08-10 11:51:18', 17),
(17, 311, 9, 1, '405.25000000', '0.00000000', '405.25000000', '{\"items\":[{\"name\":\"Shop\",\"price\":\"405.25\",\"description\":\"order_id #624 Shop\",\"qty\":1}],\"invoice_id\":624,\"invoice_description\":\"Order with Invoice 624\",\"total\":\"405.25\",\"return_url\":\"https:\\/\\/shop.dxtrader.xyz\\/phpwalletstatus\",\"cancel_url\":\"https:\\/\\/shop.dxtrader.xyz\\/phpwalletstatus\"}', 1, '$', '2021-08-10 22:45:10', '2021-08-10 22:45:10', 18),
(18, 311, 9, 1, '9.34000000', '0.00000000', '9.34000000', '{\"items\":[{\"name\":\"Shop\",\"price\":\"9.34\",\"description\":\"order_id #626 Shop\",\"qty\":1}],\"invoice_id\":626,\"invoice_description\":\"Order with Invoice 626\",\"total\":\"9.34\",\"return_url\":\"https:\\/\\/shop.dxtrader.xyz\\/phpwalletstatus\",\"cancel_url\":\"https:\\/\\/shop.dxtrader.xyz\\/phpwalletstatus\"}', 1, '$', '2021-08-11 16:47:59', '2021-08-11 16:47:59', 19),
(19, 311, 9, 1, '254.48000000', '0.00000000', '254.48000000', '{\"items\":[{\"name\":\"Shop\",\"price\":\"254.48\",\"description\":\"order_id #627 Shop\",\"qty\":1}],\"invoice_id\":627,\"invoice_description\":\"Order with Invoice 627\",\"total\":\"254.48\",\"return_url\":\"https:\\/\\/shop.dxtrader.xyz\\/phpwalletstatus\",\"cancel_url\":\"https:\\/\\/shop.dxtrader.xyz\\/phpwalletstatus\"}', 1, '$', '2021-08-11 22:47:08', '2021-08-11 22:47:08', 20),
(20, 311, 9, 1, '7.17000000', '0.00000000', '7.17000000', '{\"items\":[{\"name\":\"Shop\",\"price\":\"7.17\",\"description\":\"order_id #630 Shop\",\"qty\":1}],\"invoice_id\":630,\"invoice_description\":\"Order with Invoice 630\",\"total\":\"7.17\",\"return_url\":\"https:\\/\\/shop.dxtrader.xyz\\/phpwalletstatus\",\"cancel_url\":\"https:\\/\\/shop.dxtrader.xyz\\/phpwalletstatus\"}', 1, '$', '2021-08-13 01:19:25', '2021-08-13 01:19:25', 21),
(21, 311, 9, 1, '10.42000000', '0.00000000', '10.42000000', '{\"items\":[{\"name\":\"Shop\",\"price\":\"10.42\",\"description\":\"order_id #631 Shop\",\"qty\":1}],\"invoice_id\":631,\"invoice_description\":\"Order with Invoice 631\",\"total\":\"10.42\",\"return_url\":\"https:\\/\\/shop.dxtrader.xyz\\/phpwalletstatus\",\"cancel_url\":\"https:\\/\\/shop.dxtrader.xyz\\/phpwalletstatus\"}', 1, '$', '2021-08-13 01:25:06', '2021-08-13 01:25:06', 22),
(22, 311, 9, 1, '254.48000000', '0.00000000', '254.48000000', '{\"items\":[{\"name\":\"Shop\",\"price\":\"254.48\",\"description\":\"order_id #635 Shop\",\"qty\":1}],\"invoice_id\":635,\"invoice_description\":\"Order with Invoice 635\",\"total\":\"254.48\",\"return_url\":\"https:\\/\\/shop.dxtrader.xyz\\/phpwalletstatus\",\"cancel_url\":\"https:\\/\\/shop.dxtrader.xyz\\/phpwalletstatus\"}', 1, '$', '2021-08-14 10:46:30', '2021-08-14 10:46:30', 23),
(23, 311, 9, 1, '38.63000000', '0.00000000', '38.63000000', '{\"items\":[{\"name\":\"Shop\",\"price\":\"38.63\",\"description\":\"order_id #636 Shop\",\"qty\":1}],\"invoice_id\":636,\"invoice_description\":\"Order with Invoice 636\",\"total\":\"38.63\",\"return_url\":\"https:\\/\\/shop.dxtrader.xyz\\/phpwalletstatus\",\"cancel_url\":\"https:\\/\\/shop.dxtrader.xyz\\/phpwalletstatus\"}', 1, '$', '2021-08-15 09:01:56', '2021-08-15 09:01:56', 24),
(24, 311, 9, 1, '373.80000000', '0.00000000', '373.80000000', '{\"items\":[{\"name\":\"Shop\",\"price\":\"373.80\",\"description\":\"order_id #637 Shop\",\"qty\":1}],\"invoice_id\":637,\"invoice_description\":\"Order with Invoice 637\",\"total\":\"373.80\",\"return_url\":\"https:\\/\\/shop.dxtrader.xyz\\/phpwalletstatus\",\"cancel_url\":\"https:\\/\\/shop.dxtrader.xyz\\/phpwalletstatus\"}', 1, '$', '2021-08-16 14:06:56', '2021-08-16 14:06:56', 25),
(25, 311, 9, 1, '206.75000000', '0.00000000', '206.75000000', '{\"items\":[{\"name\":\"Shop\",\"price\":\"206.75\",\"description\":\"order_id #638 Shop\",\"qty\":1}],\"invoice_id\":638,\"invoice_description\":\"Order with Invoice 638\",\"total\":\"206.75\",\"return_url\":\"https:\\/\\/shop.dxtrader.xyz\\/phpwalletstatus\",\"cancel_url\":\"https:\\/\\/shop.dxtrader.xyz\\/phpwalletstatus\"}', 1, '$', '2021-08-16 14:30:16', '2021-08-16 14:30:16', 26),
(26, 311, 9, 1, '237.13000000', '0.00000000', '237.13000000', '{\"items\":[{\"name\":\"Shop\",\"price\":\"237.13\",\"description\":\"order_id #639 Shop\",\"qty\":1}],\"invoice_id\":639,\"invoice_description\":\"Order with Invoice 639\",\"total\":\"237.13\",\"return_url\":\"https:\\/\\/shop.dxtrader.xyz\\/phpwalletstatus\",\"cancel_url\":\"https:\\/\\/shop.dxtrader.xyz\\/phpwalletstatus\"}', 1, '$', '2021-08-17 01:01:08', '2021-08-17 01:01:08', 27),
(27, 311, 9, 1, '375.97000000', '0.00000000', '375.97000000', '{\"items\":[{\"name\":\"Shop\",\"price\":\"375.97\",\"description\":\"order_id #642 Shop\",\"qty\":1}],\"invoice_id\":642,\"invoice_description\":\"Order with Invoice 642\",\"total\":\"375.97\",\"return_url\":\"https:\\/\\/shop.dxtrader.xyz\\/phpwalletstatus\",\"cancel_url\":\"https:\\/\\/shop.dxtrader.xyz\\/phpwalletstatus\"}', 1, '$', '2021-08-17 15:30:03', '2021-08-17 15:30:03', 28),
(28, 311, 9, 1, '994.25000000', '0.00000000', '994.25000000', '{\"items\":[{\"name\":\"Shop\",\"price\":\"994.25\",\"description\":\"order_id #643 Shop\",\"qty\":1}],\"invoice_id\":643,\"invoice_description\":\"Order with Invoice 643\",\"total\":\"994.25\",\"return_url\":\"https:\\/\\/shop.dxtrader.xyz\\/phpwalletstatus\",\"cancel_url\":\"https:\\/\\/shop.dxtrader.xyz\\/phpwalletstatus\"}', 1, '$', '2021-08-18 18:31:24', '2021-08-18 18:31:24', 29),
(29, 311, 9, 1, '1243.73000000', '0.00000000', '1243.73000000', '{\"items\":[{\"name\":\"Shop\",\"price\":\"1243.73\",\"description\":\"order_id #645 Shop\",\"qty\":1}],\"invoice_id\":645,\"invoice_description\":\"Order with Invoice 645\",\"total\":\"1243.73\",\"return_url\":\"https:\\/\\/shop.dxtrader.xyz\\/phpwalletstatus\",\"cancel_url\":\"https:\\/\\/shop.dxtrader.xyz\\/phpwalletstatus\"}', 1, '$', '2021-08-20 06:53:59', '2021-08-20 06:53:59', 30),
(30, 311, 9, 1, '532.16000000', '0.00000000', '532.16000000', '{\"items\":[{\"name\":\"Shop\",\"price\":\"532.16\",\"description\":\"order_id #646 Shop\",\"qty\":1}],\"invoice_id\":646,\"invoice_description\":\"Order with Invoice 646\",\"total\":\"532.16\",\"return_url\":\"https:\\/\\/shop.dxtrader.xyz\\/phpwalletstatus\",\"cancel_url\":\"https:\\/\\/shop.dxtrader.xyz\\/phpwalletstatus\"}', 1, '$', '2021-08-20 14:38:01', '2021-08-20 14:38:01', 31),
(31, 311, 9, 1, '624.36000000', '0.00000000', '624.36000000', '{\"items\":[{\"name\":\"Shop\",\"price\":\"624.36\",\"description\":\"order_id #647 Shop\",\"qty\":1}],\"invoice_id\":647,\"invoice_description\":\"Order with Invoice 647\",\"total\":\"624.36\",\"return_url\":\"https:\\/\\/shop.dxtrader.xyz\\/phpwalletstatus\",\"cancel_url\":\"https:\\/\\/shop.dxtrader.xyz\\/phpwalletstatus\"}', 1, '$', '2021-08-20 14:41:24', '2021-08-20 14:41:24', 32),
(32, 2, 9, 1, '408.51000000', '0.00000000', '408.51000000', '{\"items\":[{\"name\":\"Shop\",\"price\":\"408.51\",\"description\":\"order_id #648 Shop\",\"qty\":1}],\"invoice_id\":648,\"invoice_description\":\"Order with Invoice 648\",\"total\":\"408.51\",\"return_url\":\"https:\\/\\/shop.dxtrader.xyz\\/phpwalletstatus\",\"cancel_url\":\"https:\\/\\/shop.dxtrader.xyz\\/phpwalletstatus\"}', 1, '$', '2021-08-20 16:35:11', '2021-08-20 16:35:11', 33),
(33, 2, 9, 1, '624.36000000', '0.00000000', '624.36000000', '{\"items\":[{\"name\":\"Shop\",\"price\":\"624.36\",\"description\":\"order_id #650 Shop\",\"qty\":1}],\"invoice_id\":650,\"invoice_description\":\"Order with Invoice 650\",\"total\":\"624.36\",\"return_url\":\"https:\\/\\/shop.dxtrader.xyz\\/phpwalletstatus\",\"cancel_url\":\"https:\\/\\/shop.dxtrader.xyz\\/phpwalletstatus\"}', 1, '$', '2021-08-23 00:40:53', '2021-08-23 00:40:53', 34),
(34, 311, 9, 1, '206.75000000', '0.00000000', '206.75000000', '{\"items\":[{\"name\":\"Shop\",\"price\":\"206.75\",\"description\":\"order_id #652 Shop\",\"qty\":1}],\"invoice_id\":652,\"invoice_description\":\"Order with Invoice 652\",\"total\":\"206.75\",\"return_url\":\"https:\\/\\/shop.dxtrader.xyz\\/phpwalletstatus\",\"cancel_url\":\"https:\\/\\/shop.dxtrader.xyz\\/phpwalletstatus\"}', 1, '$', '2021-08-23 15:16:24', '2021-08-23 15:16:24', 35),
(35, 311, 9, 1, '408.51000000', '0.00000000', '408.51000000', '{\"items\":[{\"name\":\"Shop\",\"price\":\"408.51\",\"description\":\"order_id #654 Shop\",\"qty\":1}],\"invoice_id\":654,\"invoice_description\":\"Order with Invoice 654\",\"total\":\"408.51\",\"return_url\":\"https:\\/\\/shop.dxtrader.xyz\\/phpwalletstatus\",\"cancel_url\":\"https:\\/\\/shop.dxtrader.xyz\\/phpwalletstatus\"}', 1, '$', '2021-08-23 20:10:24', '2021-08-23 20:10:24', 36),
(36, 311, 9, 1, '206.75000000', '0.00000000', '206.75000000', '{\"items\":[{\"name\":\"Shop\",\"price\":\"206.75\",\"description\":\"order_id #655 Shop\",\"qty\":1}],\"invoice_id\":655,\"invoice_description\":\"Order with Invoice 655\",\"total\":\"206.75\",\"return_url\":\"https:\\/\\/shop.dxtrader.xyz\\/phpwalletstatus\",\"cancel_url\":\"https:\\/\\/shop.dxtrader.xyz\\/phpwalletstatus\"}', 1, '$', '2021-08-24 05:12:09', '2021-08-24 05:12:09', 37),
(37, 311, 9, 1, '38.63000000', '0.00000000', '38.63000000', '{\"items\":[{\"name\":\"Shop\",\"price\":\"38.63\",\"description\":\"order_id #657 Shop\",\"qty\":1}],\"invoice_id\":657,\"invoice_description\":\"Order with Invoice 657\",\"total\":\"38.63\",\"return_url\":\"https:\\/\\/shop.dxtrader.xyz\\/phpwalletstatus\",\"cancel_url\":\"https:\\/\\/shop.dxtrader.xyz\\/phpwalletstatus\"}', 1, '$', '2021-08-24 22:33:10', '2021-08-24 22:33:10', 38),
(38, 311, 9, 1, '38.63000000', '0.00000000', '38.63000000', '{\"items\":[{\"name\":\"Shop\",\"price\":\"38.63\",\"description\":\"order_id #658 Shop\",\"qty\":1}],\"invoice_id\":658,\"invoice_description\":\"Order with Invoice 658\",\"total\":\"38.63\",\"return_url\":\"https:\\/\\/shop.dxtrader.xyz\\/phpwalletstatus\",\"cancel_url\":\"https:\\/\\/shop.dxtrader.xyz\\/phpwalletstatus\"}', 1, '$', '2021-08-24 22:33:44', '2021-08-24 22:33:44', 39),
(39, 311, 9, 1, '9.34000000', '0.00000000', '9.34000000', '{\"items\":[{\"name\":\"Shop\",\"price\":\"9.34\",\"description\":\"order_id #659 Shop\",\"qty\":1}],\"invoice_id\":659,\"invoice_description\":\"Order with Invoice 659\",\"total\":\"9.34\",\"return_url\":\"https:\\/\\/shop.dxtrader.xyz\\/phpwalletstatus\",\"cancel_url\":\"https:\\/\\/shop.dxtrader.xyz\\/phpwalletstatus\"}', 1, '$', '2021-08-25 10:15:06', '2021-08-25 10:15:06', 40),
(40, 311, 9, 1, '532.16000000', '0.00000000', '532.16000000', '{\"items\":[{\"name\":\"Shop\",\"price\":\"532.16\",\"description\":\"order_id #661 Shop\",\"qty\":1}],\"invoice_id\":661,\"invoice_description\":\"Order with Invoice 661\",\"total\":\"532.16\",\"return_url\":\"https:\\/\\/shop.dxtrader.xyz\\/phpwalletstatus\",\"cancel_url\":\"https:\\/\\/shop.dxtrader.xyz\\/phpwalletstatus\"}', 1, '$', '2021-08-26 18:11:31', '2021-08-26 18:11:31', 41),
(41, 311, 9, 1, '532.16000000', '0.00000000', '532.16000000', '{\"items\":[{\"name\":\"Shop\",\"price\":\"532.16\",\"description\":\"order_id #662 Shop\",\"qty\":1}],\"invoice_id\":662,\"invoice_description\":\"Order with Invoice 662\",\"total\":\"532.16\",\"return_url\":\"https:\\/\\/shop.dxtrader.xyz\\/phpwalletstatus\",\"cancel_url\":\"https:\\/\\/shop.dxtrader.xyz\\/phpwalletstatus\"}', 1, '$', '2021-08-28 01:26:01', '2021-08-28 01:26:01', 42),
(42, 311, 9, 1, '69.25000000', '0.00000000', '69.25000000', '{\"items\":[{\"name\":\"Shop\",\"price\":\"69.25\",\"description\":\"order_id #663 Shop\",\"qty\":1}],\"invoice_id\":663,\"invoice_description\":\"Order with Invoice 663\",\"total\":\"69.25\",\"return_url\":\"https:\\/\\/shop.dxtrader.xyz\\/phpwalletstatus\",\"cancel_url\":\"https:\\/\\/shop.dxtrader.xyz\\/phpwalletstatus\"}', 1, '$', '2021-08-29 19:40:33', '2021-08-29 19:40:33', 43),
(43, 311, 9, 1, '1059.33000000', '0.00000000', '1059.33000000', '{\"items\":[{\"name\":\"Shop\",\"price\":\"1059.33\",\"description\":\"order_id #664 Shop\",\"qty\":1}],\"invoice_id\":664,\"invoice_description\":\"Order with Invoice 664\",\"total\":\"1059.33\",\"return_url\":\"https:\\/\\/shop.dxtrader.xyz\\/phpwalletstatus\",\"cancel_url\":\"https:\\/\\/shop.dxtrader.xyz\\/phpwalletstatus\"}', 1, '$', '2021-08-29 19:45:23', '2021-08-29 19:45:23', 44),
(44, 311, 9, 1, '532.16000000', '0.00000000', '532.16000000', '{\"items\":[{\"name\":\"Shop\",\"price\":\"532.16\",\"description\":\"order_id #666 Shop\",\"qty\":1}],\"invoice_id\":666,\"invoice_description\":\"Order with Invoice 666\",\"total\":\"532.16\",\"return_url\":\"https:\\/\\/shop.dxtrader.xyz\\/phpwalletstatus\",\"cancel_url\":\"https:\\/\\/shop.dxtrader.xyz\\/phpwalletstatus\"}', 1, '$', '2021-08-30 12:08:53', '2021-08-30 12:08:53', 45),
(45, 311, 9, 1, '254.48000000', '0.00000000', '254.48000000', '{\"items\":[{\"name\":\"Shop\",\"price\":\"254.48\",\"description\":\"order_id #667 Shop\",\"qty\":1}],\"invoice_id\":667,\"invoice_description\":\"Order with Invoice 667\",\"total\":\"254.48\",\"return_url\":\"https:\\/\\/shop.dxtrader.xyz\\/phpwalletstatus\",\"cancel_url\":\"https:\\/\\/shop.dxtrader.xyz\\/phpwalletstatus\"}', 1, '$', '2021-08-30 22:55:29', '2021-08-30 22:55:29', 46),
(46, 311, 9, 1, '1501.89000000', '0.00000000', '1501.89000000', '{\"items\":[{\"name\":\"Shop\",\"price\":\"1501.89\",\"description\":\"order_id #670 Shop\",\"qty\":1}],\"invoice_id\":670,\"invoice_description\":\"Order with Invoice 670\",\"total\":\"1501.89\",\"return_url\":\"https:\\/\\/shop.dxtrader.xyz\\/phpwalletstatus\",\"cancel_url\":\"https:\\/\\/shop.dxtrader.xyz\\/phpwalletstatus\"}', 1, '$', '2021-09-01 00:46:29', '2021-09-01 00:46:29', 47),
(47, 311, 9, 1, '377.05000000', '0.00000000', '377.05000000', '{\"items\":[{\"name\":\"Shop\",\"price\":\"377.05\",\"description\":\"order_id #672 Shop\",\"qty\":1}],\"invoice_id\":672,\"invoice_description\":\"Order with Invoice 672\",\"total\":\"377.05\",\"return_url\":\"https:\\/\\/shop.dxtrader.xyz\\/phpwalletstatus\",\"cancel_url\":\"https:\\/\\/shop.dxtrader.xyz\\/phpwalletstatus\"}', 1, '$', '2021-09-01 20:09:17', '2021-09-01 20:09:17', 48),
(48, 311, 9, 1, '254.48000000', '0.00000000', '254.48000000', '{\"items\":[{\"name\":\"Shop\",\"price\":\"254.48\",\"description\":\"order_id #674 Shop\",\"qty\":1}],\"invoice_id\":674,\"invoice_description\":\"Order with Invoice 674\",\"total\":\"254.48\",\"return_url\":\"https:\\/\\/shop.dxtrader.xyz\\/phpwalletstatus\",\"cancel_url\":\"https:\\/\\/shop.dxtrader.xyz\\/phpwalletstatus\"}', 1, '$', '2021-09-03 03:56:10', '2021-09-03 03:56:10', 49),
(49, 311, 9, 1, '525.66000000', '0.00000000', '525.66000000', '{\"items\":[{\"name\":\"Shop\",\"price\":\"525.66\",\"description\":\"order_id #675 Shop\",\"qty\":1}],\"invoice_id\":675,\"invoice_description\":\"Order with Invoice 675\",\"total\":\"525.66\",\"return_url\":\"https:\\/\\/shop.dxtrader.xyz\\/phpwalletstatus\",\"cancel_url\":\"https:\\/\\/shop.dxtrader.xyz\\/phpwalletstatus\"}', 1, '$', '2021-09-03 03:58:01', '2021-09-03 03:58:01', 50),
(50, 311, 9, 1, '1586.49000000', '0.00000000', '1586.49000000', '{\"items\":[{\"name\":\"Shop\",\"price\":\"1586.49\",\"description\":\"order_id #678 Shop\",\"qty\":1}],\"invoice_id\":678,\"invoice_description\":\"Order with Invoice 678\",\"total\":\"1586.49\",\"return_url\":\"https:\\/\\/shop.dxtrader.xyz\\/phpwalletstatus\",\"cancel_url\":\"https:\\/\\/shop.dxtrader.xyz\\/phpwalletstatus\"}', 1, '$', '2021-09-03 09:04:52', '2021-09-03 09:04:52', 51),
(51, 311, 9, 1, '38.63000000', '0.00000000', '38.63000000', '{\"items\":[{\"name\":\"Shop\",\"price\":\"38.63\",\"description\":\"order_id #679 Shop\",\"qty\":1}],\"invoice_id\":679,\"invoice_description\":\"Order with Invoice 679\",\"total\":\"38.63\",\"return_url\":\"https:\\/\\/shop.dxtrader.xyz\\/phpwalletstatus\",\"cancel_url\":\"https:\\/\\/shop.dxtrader.xyz\\/phpwalletstatus\"}', 1, '$', '2021-09-04 06:08:45', '2021-09-04 06:08:45', 52),
(52, 311, 9, 1, '532.16000000', '0.00000000', '532.16000000', '{\"items\":[{\"name\":\"Shop\",\"price\":\"532.16\",\"description\":\"order_id #680 Shop\",\"qty\":1}],\"invoice_id\":680,\"invoice_description\":\"Order with Invoice 680\",\"total\":\"532.16\",\"return_url\":\"https:\\/\\/shop.dxtrader.xyz\\/phpwalletstatus\",\"cancel_url\":\"https:\\/\\/shop.dxtrader.xyz\\/phpwalletstatus\"}', 1, '$', '2021-09-04 18:46:36', '2021-09-04 18:46:36', 53),
(53, 311, 9, 1, '83.10000000', '0.00000000', '83.10000000', '{\"items\":[{\"name\":\"Shop\",\"price\":\"83.10\",\"description\":\"order_id #681 Shop\",\"qty\":1}],\"invoice_id\":681,\"invoice_description\":\"Order with Invoice 681\",\"total\":\"83.10\",\"return_url\":\"https:\\/\\/shop.dxtrader.xyz\\/phpwalletstatus\",\"cancel_url\":\"https:\\/\\/shop.dxtrader.xyz\\/phpwalletstatus\"}', 1, '$', '2021-09-05 07:35:13', '2021-09-05 07:35:13', 54),
(54, 311, 9, 1, '9.34000000', '0.00000000', '9.34000000', '{\"items\":[{\"name\":\"Shop\",\"price\":\"9.34\",\"description\":\"order_id #682 Shop\",\"qty\":1}],\"invoice_id\":682,\"invoice_description\":\"Order with Invoice 682\",\"total\":\"9.34\",\"return_url\":\"https:\\/\\/shop.dxtrader.xyz\\/phpwalletstatus\",\"cancel_url\":\"https:\\/\\/shop.dxtrader.xyz\\/phpwalletstatus\"}', 1, '$', '2021-09-06 00:22:12', '2021-09-06 00:22:12', 55),
(55, 311, 9, 1, '532.16000000', '0.00000000', '532.16000000', '{\"items\":[{\"name\":\"Shop\",\"price\":\"532.16\",\"description\":\"order_id #683 Shop\",\"qty\":1}],\"invoice_id\":683,\"invoice_description\":\"Order with Invoice 683\",\"total\":\"532.16\",\"return_url\":\"https:\\/\\/shop.dxtrader.xyz\\/phpwalletstatus\",\"cancel_url\":\"https:\\/\\/shop.dxtrader.xyz\\/phpwalletstatus\"}', 1, '$', '2021-09-06 17:46:18', '2021-09-06 17:46:18', 56),
(56, 311, 9, 1, '1310.54000000', '0.00000000', '1310.54000000', '{\"items\":[{\"name\":\"Shop\",\"price\":\"1310.54\",\"description\":\"order_id #684 Shop\",\"qty\":1}],\"invoice_id\":684,\"invoice_description\":\"Order with Invoice 684\",\"total\":\"1310.54\",\"return_url\":\"https:\\/\\/shop.dxtrader.xyz\\/phpwalletstatus\",\"cancel_url\":\"https:\\/\\/shop.dxtrader.xyz\\/phpwalletstatus\"}', 1, '$', '2021-09-06 19:48:26', '2021-09-06 19:48:26', 57),
(57, 311, 9, 1, '44.05000000', '0.00000000', '44.05000000', '{\"items\":[{\"name\":\"Shop\",\"price\":\"44.05\",\"description\":\"order_id #687 Shop\",\"qty\":1}],\"invoice_id\":687,\"invoice_description\":\"Order with Invoice 687\",\"total\":\"44.05\",\"return_url\":\"https:\\/\\/shop.dxtrader.xyz\\/phpwalletstatus\",\"cancel_url\":\"https:\\/\\/shop.dxtrader.xyz\\/phpwalletstatus\"}', 1, '$', '2021-09-07 12:48:47', '2021-09-07 12:48:47', 58),
(58, 311, 9, 1, '353.19000000', '0.00000000', '353.19000000', '{\"items\":[{\"name\":\"Shop\",\"price\":\"353.19\",\"description\":\"order_id #689 Shop\",\"qty\":1}],\"invoice_id\":689,\"invoice_description\":\"Order with Invoice 689\",\"total\":\"353.19\",\"return_url\":\"https:\\/\\/shop.dxtrader.xyz\\/phpwalletstatus\",\"cancel_url\":\"https:\\/\\/shop.dxtrader.xyz\\/phpwalletstatus\"}', 1, '$', '2021-09-10 22:03:24', '2021-09-10 22:03:24', 59),
(59, 311, 9, 1, '44.05000000', '0.00000000', '44.05000000', '{\"items\":[{\"name\":\"Shop\",\"price\":\"44.05\",\"description\":\"order_id #692 Shop\",\"qty\":1}],\"invoice_id\":692,\"invoice_description\":\"Order with Invoice 692\",\"total\":\"44.05\",\"return_url\":\"https:\\/\\/shop.dxtrader.xyz\\/phpwalletstatus\",\"cancel_url\":\"https:\\/\\/shop.dxtrader.xyz\\/phpwalletstatus\"}', 1, '$', '2021-09-14 02:31:05', '2021-09-14 02:31:05', 60),
(60, 352, 18, 1, '20.00000000', '0.00000000', '20.00000000', '{\"items\":[{\"name\":\"Demo product\",\"price\":20,\"qty\":1,\"description\":\"Demo product\"}],\"invoice_id\":14,\"invoice_description\":\"Order with Invoice 14\",\"total\":\"20.00\",\"return_url\":\"https:\\/\\/wordpress.codesviral.com\\/wc-api\\/payzoft-payment-complete?id=14\",\"cancel_url\":\"https:\\/\\/wordpress.codesviral.com\"}', 1, '$', '2023-01-01 16:09:43', '2023-01-01 16:09:43', 61),
(61, 1, 18, 1, '5.00000000', '0.00000000', '5.00000000', '{\"items\":[{\"name\":\"Demo product\",\"price\":1,\"qty\":5,\"description\":\"Demo product\"}],\"invoice_id\":23,\"invoice_description\":\"Order with Invoice 23\",\"total\":\"5.00\",\"return_url\":\"https:\\/\\/wordpress.codesviral.com\\/wc-api\\/payzoft-payment-complete?id=23\",\"cancel_url\":\"https:\\/\\/wordpress.codesviral.com\"}', 1, '$', '2023-01-03 05:33:56', '2023-01-03 05:33:56', 62),
(62, 1, 18, 1, '100.00000000', '0.00000000', '100.00000000', '{\"items\":[{\"name\":\"Demo product\",\"price\":1,\"qty\":100,\"description\":\"Demo product\"}],\"invoice_id\":26,\"invoice_description\":\"Order with Invoice 26\",\"total\":\"100.00\",\"return_url\":\"https:\\/\\/wordpress.codesviral.com\\/wc-api\\/payzoft-payment-complete?id=26\",\"cancel_url\":\"https:\\/\\/wordpress.codesviral.com\"}', 1, '$', '2023-01-04 18:48:06', '2023-01-04 18:48:06', 63),
(63, 1, 20, 1, '6.00000000', '0.00000000', '6.00000000', '{\"items\":[{\"name\":\"Demo product\",\"price\":1,\"qty\":6,\"description\":\"Demo product\"}],\"invoice_id\":35,\"invoice_description\":\"Order with Invoice 35\",\"total\":\"6.00\",\"return_url\":\"https:\\/\\/wordpress.codesviral.com\\/wc-api\\/payzoft-payment-complete?id=35\",\"cancel_url\":\"https:\\/\\/wordpress.codesviral.com\"}', 1, '$', '2023-04-07 12:09:45', '2023-04-07 12:09:45', 64),
(64, 1, 20, 1, '100.00000000', '0.00000000', '100.00000000', '{\"items\":[{\"name\":\"Demo product\",\"price\":100,\"qty\":1,\"description\":\"Demo product\"}],\"invoice_id\":46,\"invoice_description\":\"Order with Invoice 46\",\"total\":\"100.00\",\"return_url\":\"https:\\/\\/wordpress.codesviral.com\\/wc-api\\/payzoft-payment-complete?id=46\",\"cancel_url\":\"https:\\/\\/wordpress.codesviral.com\"}', 1, '$', '2023-04-11 18:48:02', '2023-04-11 18:48:02', 65),
(65, 1, 20, 1, '100.00000000', '0.00000000', '100.00000000', '{\"items\":[{\"name\":\"Demo product\",\"price\":100,\"qty\":1,\"description\":\"Demo product\"}],\"invoice_id\":55,\"invoice_description\":\"Order with Invoice 55\",\"total\":\"100.00\",\"return_url\":\"https:\\/\\/wordpress.codesviral.com\\/wc-api\\/payzoft-payment-complete?id=55\",\"cancel_url\":\"https:\\/\\/wordpress.codesviral.com\"}', 1, '$', '2023-04-16 15:22:40', '2023-04-16 15:22:40', 66),
(66, 1, 20, 1, '100.00000000', '0.00000000', '100.00000000', '{\"items\":[{\"name\":\"Demo product\",\"price\":100,\"qty\":1,\"description\":\"Demo product\"}],\"invoice_id\":67,\"invoice_description\":\"Order with Invoice 67\",\"total\":\"100.00\",\"return_url\":\"https:\\/\\/wordpress.codesviral.com\\/wc-api\\/payzoft-payment-complete?id=67\",\"cancel_url\":\"https:\\/\\/wordpress.codesviral.com\"}', 1, '$', '2023-04-23 23:51:44', '2023-04-23 23:51:44', 67);

-- --------------------------------------------------------

--
-- Table structure for table `receives`
--

CREATE TABLE `receives` (
  `id` bigint(20) UNSIGNED NOT NULL,
  `user_id` bigint(20) UNSIGNED NOT NULL,
  `from_id` bigint(20) UNSIGNED NOT NULL,
  `transaction_state_id` int(11) NOT NULL,
  `gross` decimal(19,8) NOT NULL,
  `fee` decimal(16,8) NOT NULL,
  `net` decimal(19,8) NOT NULL,
  `description` text COLLATE utf8mb4_unicode_ci NOT NULL,
  `json_data` text COLLATE utf8mb4_unicode_ci,
  `currency_id` bigint(20) UNSIGNED NOT NULL,
  `currency_symbol` varchar(255) COLLATE utf8mb4_unicode_ci DEFAULT NULL,
  `created_at` timestamp NULL DEFAULT NULL,
  `updated_at` timestamp NULL DEFAULT NULL,
  `send_id` bigint(20) UNSIGNED DEFAULT NULL
) ENGINE=InnoDB DEFAULT CHARSET=utf8mb4 COLLATE=utf8mb4_unicode_ci;

-- --------------------------------------------------------

--
-- Table structure for table `repay_loans`
--

CREATE TABLE `repay_loans` (
  `id` int(11) NOT NULL,
  `user_id` bigint(20) DEFAULT NULL,
  `loan_id` bigint(20) DEFAULT NULL,
  `trx` text,
  `payback` varchar(255) DEFAULT NULL,
  `amount` decimal(18,2) NOT NULL DEFAULT '0.00',
  `due_date` date DEFAULT NULL,
  `repay_date` date DEFAULT NULL,
  `status` int(11) NOT NULL DEFAULT '0',
  `created_at` timestamp NOT NULL DEFAULT CURRENT_TIMESTAMP,
  `updated_at` timestamp NOT NULL DEFAULT CURRENT_TIMESTAMP ON UPDATE CURRENT_TIMESTAMP
) ENGINE=InnoDB DEFAULT CHARSET=latin1;

--
-- Dumping data for table `repay_loans`
--

INSERT INTO `repay_loans` (`id`, `user_id`, `loan_id`, `trx`, `payback`, `amount`, `due_date`, `repay_date`, `status`, `created_at`, `updated_at`) VALUES
(1, 352, 6, 'AC6MCDRSFOH9', 'daily', '73.33', '2022-12-04', '2022-12-03', 1, '2022-12-03 00:00:00', '2022-12-03 10:07:08'),
(2, 352, 6, 'AC6MCDRSFOH9', 'daily', '73.33', '2022-12-05', '2022-12-03', 1, '2022-12-03 00:00:00', '2022-12-03 10:08:54'),
(3, 352, 6, 'AC6MCDRSFOH9', 'daily', '73.33', '2022-12-03', '2022-12-03', 1, '2022-12-03 00:00:00', '2022-12-03 10:33:01'),
(4, 352, 6, 'AC6MCDRSFOH9', 'daily', '73.33', '2022-12-07', '2022-12-03', 1, '2022-12-03 00:00:00', '2022-12-03 19:44:48'),
(5, 352, 6, 'AC6MCDRSFOH9', 'daily', '73.33', '2022-12-08', '2022-12-03', 1, '2022-12-03 00:00:00', '2022-12-03 19:45:07'),
(6, 352, 6, 'AC6MCDRSFOH9', 'daily', '73.33', '2022-12-09', '2022-12-03', 1, '2022-12-03 00:00:00', '2022-12-03 19:46:22'),
(7, 352, 6, 'AC6MCDRSFOH9', 'daily', '73.33', '2022-12-10', '2022-12-03', 1, '2022-12-03 00:00:00', '2022-12-03 19:48:25'),
(8, 352, 6, 'AC6MCDRSFOH9', 'daily', '73.33', '2022-12-11', '2022-12-03', 1, '2022-12-03 00:00:00', '2022-12-03 19:46:27'),
(9, 352, 6, 'AC6MCDRSFOH9', 'daily', '73.33', '2022-12-12', '2022-12-03', 1, '2022-12-03 00:00:00', '2022-12-03 19:47:51'),
(10, 352, 6, 'AC6MCDRSFOH9', 'daily', '73.33', '2022-12-13', '2022-12-03', 1, '2022-12-03 00:00:00', '2022-12-03 19:45:51'),
(11, 352, 6, 'AC6MCDRSFOH9', 'daily', '73.33', '2022-12-14', '2022-12-03', 1, '2022-12-03 00:00:00', '2022-12-03 19:50:11'),
(12, 352, 6, 'AC6MCDRSFOH9', 'daily', '73.33', '2022-12-15', '2022-12-03', 1, '2022-12-03 00:00:00', '2022-12-03 19:46:44'),
(13, 352, 6, 'AC6MCDRSFOH9', 'daily', '73.33', '2022-12-16', '2022-12-03', 1, '2022-12-03 00:00:00', '2022-12-03 19:49:06'),
(14, 352, 6, 'AC6MCDRSFOH9', 'daily', '73.33', '2022-12-17', '2022-12-03', 1, '2022-12-03 00:00:00', '2022-12-03 19:47:35'),
(15, 352, 6, 'AC6MCDRSFOH9', 'daily', '73.33', '2022-12-18', '2022-12-03', 1, '2022-12-03 00:00:00', '2022-12-03 19:47:06'),
(16, 352, 6, 'AC6MCDRSFOH9', 'daily', '73.33', '2022-12-19', '2022-12-03', 1, '2022-12-03 00:00:00', '2022-12-03 19:50:42'),
(17, 352, 6, 'AC6MCDRSFOH9', 'daily', '73.33', '2022-12-20', '2022-12-03', 1, '2022-12-03 00:00:00', '2022-12-03 19:46:38'),
(18, 352, 6, 'AC6MCDRSFOH9', 'daily', '73.33', '2022-12-21', '2022-12-03', 1, '2022-12-03 00:00:00', '2022-12-03 19:51:06'),
(19, 352, 6, 'AC6MCDRSFOH9', 'daily', '73.33', '2022-12-22', '2022-12-03', 1, '2022-12-03 00:00:00', '2022-12-03 19:47:13'),
(20, 352, 6, 'AC6MCDRSFOH9', 'daily', '73.33', '2022-12-23', '2022-12-03', 1, '2022-12-03 00:00:00', '2022-12-03 20:47:46'),
(21, 352, 6, 'AC6MCDRSFOH9', 'daily', '73.33', '2022-12-24', '2022-12-03', 1, '2022-12-03 00:00:00', '2022-12-03 19:50:56'),
(22, 352, 6, 'AC6MCDRSFOH9', 'daily', '73.33', '2022-12-25', '2022-12-03', 1, '2022-12-03 00:00:00', '2022-12-03 19:46:33'),
(23, 352, 6, 'AC6MCDRSFOH9', 'daily', '73.33', '2022-12-26', '2022-12-03', 1, '2022-12-03 00:00:00', '2022-12-03 20:48:41'),
(24, 352, 6, 'AC6MCDRSFOH9', 'daily', '73.33', '2022-12-27', '2022-12-03', 1, '2022-12-03 00:00:00', '2022-12-03 20:48:34'),
(25, 352, 6, 'AC6MCDRSFOH9', 'daily', '73.33', '2022-12-28', '2022-12-03', 1, '2022-12-03 00:00:00', '2022-12-03 20:48:28'),
(26, 352, 6, 'AC6MCDRSFOH9', 'daily', '73.33', '2022-12-29', '2022-12-03', 1, '2022-12-03 00:00:00', '2022-12-03 19:46:59'),
(27, 352, 6, 'AC6MCDRSFOH9', 'daily', '73.33', '2022-12-30', '2022-12-03', 1, '2022-12-03 00:00:00', '2022-12-03 20:47:59'),
(28, 352, 6, 'AC6MCDRSFOH9', 'daily', '73.33', '2022-12-31', '2022-12-03', 1, '2022-12-03 00:00:00', '2022-12-03 20:48:08'),
(29, 352, 6, 'AC6MCDRSFOH9', 'daily', '73.33', '2023-01-01', '2022-12-03', 1, '2022-12-03 00:00:00', '2022-12-03 20:48:21'),
(30, 352, 6, 'AC6MCDRSFOH9', 'daily', '73.33', '2023-01-02', '2022-12-03', 1, '2022-12-03 00:00:00', '2022-12-03 19:46:50'),
(31, 352, 6, '2W42O8VFDM9W', 'daily', '73.33', '2022-12-04', '2022-12-03', 1, '2022-12-03 00:00:00', '2022-12-03 20:48:16'),
(32, 352, 6, '2W42O8VFDM9W', 'daily', '73.33', '2022-12-05', '2022-12-03', 1, '2022-12-03 00:00:00', '2022-12-03 19:51:37'),
(33, 352, 6, '2W42O8VFDM9W', 'daily', '73.33', '2022-12-06', '2022-12-03', 1, '2022-12-03 00:00:00', '2022-12-03 19:51:16'),
(34, 352, 6, '2W42O8VFDM9W', 'daily', '73.33', '2022-12-07', '2022-12-03', 1, '2022-12-03 00:00:00', '2022-12-03 21:05:05'),
(35, 352, 6, '2W42O8VFDM9W', 'daily', '73.33', '2022-12-08', '2022-12-03', 1, '2022-12-03 00:00:00', '2022-12-03 19:47:29'),
(36, 352, 6, '2W42O8VFDM9W', 'daily', '73.33', '2022-12-09', '2022-12-03', 1, '2022-12-03 00:00:00', '2022-12-03 21:00:00'),
(37, 352, 6, '2W42O8VFDM9W', 'daily', '73.33', '2022-12-10', '2022-12-03', 1, '2022-12-03 00:00:00', '2022-12-03 20:48:58'),
(38, 352, 6, '2W42O8VFDM9W', 'daily', '73.33', '2022-12-11', '2022-12-03', 1, '2022-12-03 00:00:00', '2022-12-03 20:48:50'),
(39, 352, 6, '2W42O8VFDM9W', 'daily', '73.33', '2022-12-12', '2022-12-03', 1, '2022-12-03 00:00:00', '2022-12-03 19:51:43'),
(40, 352, 6, '2W42O8VFDM9W', 'daily', '73.33', '2022-12-13', '2022-12-03', 1, '2022-12-03 00:00:00', '2022-12-03 21:00:39'),
(41, 352, 6, '2W42O8VFDM9W', 'daily', '73.33', '2022-12-14', '2022-12-03', 1, '2022-12-03 00:00:00', '2022-12-03 21:08:00'),
(42, 352, 6, '2W42O8VFDM9W', 'daily', '73.33', '2022-12-15', '2022-12-03', 1, '2022-12-03 00:00:00', '2022-12-03 21:10:04'),
(43, 352, 6, '2W42O8VFDM9W', 'daily', '73.33', '2022-12-16', '2022-12-03', 1, '2022-12-03 00:00:00', '2022-12-03 21:06:08'),
(44, 352, 6, '2W42O8VFDM9W', 'daily', '73.33', '2022-12-17', '2022-12-03', 1, '2022-12-03 00:00:00', '2022-12-03 21:27:28'),
(45, 352, 6, '2W42O8VFDM9W', 'daily', '73.33', '2022-12-18', '2022-12-03', 1, '2022-12-03 00:00:00', '2022-12-03 21:09:23'),
(46, 352, 6, '2W42O8VFDM9W', 'daily', '73.33', '2022-12-19', '2022-12-03', 1, '2022-12-03 00:00:00', '2022-12-03 21:07:36'),
(47, 352, 6, '2W42O8VFDM9W', 'daily', '73.33', '2022-12-20', '2022-12-03', 1, '2022-12-03 00:00:00', '2022-12-03 21:09:12'),
(48, 352, 6, '2W42O8VFDM9W', 'daily', '73.33', '2022-12-21', '2022-12-03', 1, '2022-12-03 00:00:00', '2022-12-03 21:01:11'),
(49, 352, 6, '2W42O8VFDM9W', 'daily', '73.33', '2022-12-22', '2022-12-03', 1, '2022-12-03 00:00:00', '2022-12-03 21:09:00'),
(50, 352, 6, '2W42O8VFDM9W', 'daily', '73.33', '2022-12-23', '2022-12-03', 1, '2022-12-03 00:00:00', '2022-12-03 21:09:31'),
(51, 352, 6, '2W42O8VFDM9W', 'daily', '73.33', '2022-12-24', '2022-12-03', 1, '2022-12-03 00:00:00', '2022-12-03 21:08:39'),
(52, 352, 6, '2W42O8VFDM9W', 'daily', '73.33', '2022-12-25', '2022-12-03', 1, '2022-12-03 00:00:00', '2022-12-03 21:05:49'),
(53, 352, 6, '2W42O8VFDM9W', 'daily', '73.33', '2022-12-26', '2022-12-03', 1, '2022-12-03 00:00:00', '2022-12-03 21:03:52'),
(54, 352, 6, '2W42O8VFDM9W', 'daily', '73.33', '2022-12-27', '2022-12-03', 1, '2022-12-03 00:00:00', '2022-12-03 21:04:30'),
(55, 352, 6, '2W42O8VFDM9W', 'daily', '73.33', '2022-12-28', '2022-12-03', 1, '2022-12-03 00:00:00', '2022-12-03 21:00:26'),
(56, 352, 6, '2W42O8VFDM9W', 'daily', '73.33', '2022-12-29', '2022-12-03', 1, '2022-12-03 00:00:00', '2022-12-03 21:01:25'),
(57, 352, 6, '2W42O8VFDM9W', 'daily', '73.33', '2022-12-30', '2022-12-03', 1, '2022-12-03 00:00:00', '2022-12-03 21:07:21'),
(58, 352, 6, '2W42O8VFDM9W', 'daily', '73.33', '2022-12-31', '2022-12-03', 1, '2022-12-03 00:00:00', '2022-12-03 21:07:46'),
(59, 352, 6, '2W42O8VFDM9W', 'daily', '73.33', '2023-01-01', '2022-12-03', 1, '2022-12-03 00:00:00', '2022-12-03 21:07:00'),
(60, 352, 6, '2W42O8VFDM9W', 'daily', '73.33', '2023-01-02', '2022-12-03', 1, '2022-12-03 00:00:00', '2022-12-03 21:06:22'),
(61, 352, 6, 'BYJRYDX4N7XT', 'daily', '73.33', '2022-12-04', '2022-12-03', 1, '2022-12-03 00:00:00', '2022-12-03 21:03:42'),
(62, 352, 6, 'BYJRYDX4N7XT', 'daily', '73.33', '2022-12-05', '2022-12-03', 1, '2022-12-03 00:00:00', '2022-12-03 21:00:34'),
(63, 352, 6, 'BYJRYDX4N7XT', 'daily', '73.33', '2022-12-06', '2022-12-03', 1, '2022-12-03 00:00:00', '2022-12-03 21:00:09'),
(64, 352, 6, 'BYJRYDX4N7XT', 'daily', '73.33', '2022-12-07', '2022-12-03', 1, '2022-12-03 00:00:00', '2022-12-03 21:06:35'),
(65, 352, 6, 'BYJRYDX4N7XT', 'daily', '73.33', '2022-12-08', '2022-12-03', 1, '2022-12-03 00:00:00', '2022-12-03 21:03:14'),
(66, 352, 6, 'BYJRYDX4N7XT', 'daily', '73.33', '2022-12-09', '2022-12-03', 1, '2022-12-03 00:00:00', '2022-12-03 21:02:57'),
(67, 352, 6, 'BYJRYDX4N7XT', 'daily', '73.33', '2022-12-10', '2022-12-03', 1, '2022-12-03 00:00:00', '2022-12-03 21:02:42'),
(68, 352, 6, 'BYJRYDX4N7XT', 'daily', '73.33', '2022-12-11', '2022-12-03', 1, '2022-12-03 00:00:00', '2022-12-03 21:00:59'),
(69, 352, 6, 'BYJRYDX4N7XT', 'daily', '73.33', '2022-12-12', '2022-12-03', 1, '2022-12-03 00:00:00', '2022-12-03 21:00:54'),
(70, 352, 6, 'BYJRYDX4N7XT', 'daily', '73.33', '2022-12-13', '2022-12-03', 1, '2022-12-03 00:00:00', '2022-12-03 21:02:34'),
(71, 352, 6, 'BYJRYDX4N7XT', 'daily', '73.33', '2022-12-14', '2022-12-03', 1, '2022-12-03 00:00:00', '2022-12-03 21:04:35'),
(72, 352, 6, 'BYJRYDX4N7XT', 'daily', '73.33', '2022-12-15', '2022-12-03', 1, '2022-12-03 00:00:00', '2022-12-03 21:06:15'),
(73, 352, 6, 'BYJRYDX4N7XT', 'daily', '73.33', '2022-12-16', '2022-12-03', 1, '2022-12-03 00:00:00', '2022-12-03 21:03:47'),
(74, 352, 6, 'BYJRYDX4N7XT', 'daily', '73.33', '2022-12-17', '2022-12-03', 1, '2022-12-03 00:00:00', '2022-12-03 21:03:27'),
(75, 352, 6, 'BYJRYDX4N7XT', 'daily', '73.33', '2022-12-18', '2022-12-03', 1, '2022-12-03 00:00:00', '2022-12-03 21:01:41'),
(76, 352, 6, 'BYJRYDX4N7XT', 'daily', '73.33', '2022-12-19', '2022-12-03', 1, '2022-12-03 00:00:00', '2022-12-03 21:00:49'),
(77, 352, 6, 'BYJRYDX4N7XT', 'daily', '73.33', '2022-12-20', '2022-12-03', 1, '2022-12-03 00:00:00', '2022-12-03 21:00:44'),
(78, 352, 6, 'BYJRYDX4N7XT', 'daily', '73.33', '2022-12-21', '2022-12-03', 1, '2022-12-03 00:00:00', '2022-12-03 21:02:51'),
(79, 352, 6, 'BYJRYDX4N7XT', 'daily', '73.33', '2022-12-22', '2022-12-03', 1, '2022-12-03 00:00:00', '2022-12-03 21:03:07'),
(80, 352, 6, 'BYJRYDX4N7XT', 'daily', '73.33', '2022-12-23', '2022-12-03', 1, '2022-12-03 00:00:00', '2022-12-03 19:51:29'),
(81, 352, 6, 'BYJRYDX4N7XT', 'daily', '73.33', '2022-12-24', '2022-12-03', 1, '2022-12-03 00:00:00', '2022-12-03 21:03:37'),
(82, 352, 6, 'BYJRYDX4N7XT', 'daily', '73.33', '2022-12-25', '2022-12-03', 1, '2022-12-03 00:00:00', '2022-12-03 21:00:21'),
(83, 352, 6, 'BYJRYDX4N7XT', 'daily', '73.33', '2022-12-26', '2022-12-03', 1, '2022-12-03 00:00:00', '2022-12-03 21:03:22'),
(84, 352, 6, 'BYJRYDX4N7XT', 'daily', '73.33', '2022-12-27', '2022-12-03', 1, '2022-12-03 00:00:00', '2022-12-03 21:01:51'),
(85, 352, 6, 'BYJRYDX4N7XT', 'daily', '73.33', '2022-12-28', '2022-12-03', 1, '2022-12-03 00:00:00', '2022-12-03 21:01:37'),
(86, 352, 6, 'BYJRYDX4N7XT', 'daily', '73.33', '2022-12-29', '2022-12-03', 1, '2022-12-03 00:00:00', '2022-12-03 21:01:19'),
(87, 352, 6, 'BYJRYDX4N7XT', 'daily', '73.33', '2022-12-30', '2022-12-03', 1, '2022-12-03 00:00:00', '2022-12-03 20:46:30'),
(88, 352, 6, 'BYJRYDX4N7XT', 'daily', '73.33', '2022-12-31', '2022-12-03', 1, '2022-12-03 00:00:00', '2022-12-03 21:01:06'),
(89, 352, 6, 'BYJRYDX4N7XT', 'daily', '73.33', '2023-01-01', '2022-12-03', 1, '2022-12-03 00:00:00', '2022-12-03 19:51:23'),
(90, 352, 6, 'BYJRYDX4N7XT', 'daily', '73.33', '2023-01-02', '2022-12-03', 1, '2022-12-03 00:00:00', '2022-12-03 19:45:40'),
(91, 352, 14, 'PNEXARG8G1DJ', 'weekly', '275.00', '2022-12-11', '2022-12-04', 1, '2022-12-04 00:00:00', '2022-12-04 12:33:29'),
(92, 352, 14, 'PNEXARG8G1DJ', 'weekly', '275.00', '2022-12-18', '2022-12-04', 1, '2022-12-04 00:00:00', '2022-12-04 12:34:09'),
(93, 352, 14, 'PNEXARG8G1DJ', 'weekly', '275.00', '2022-12-25', '2022-12-04', 1, '2022-12-04 00:00:00', '2022-12-04 12:34:16'),
(94, 352, 14, 'PNEXARG8G1DJ', 'weekly', '275.00', '2023-01-01', '2022-12-04', 1, '2022-12-04 00:00:00', '2022-12-04 12:34:50');

-- --------------------------------------------------------

--
-- Table structure for table `requests`
--

CREATE TABLE `requests` (
  `id` bigint(20) UNSIGNED NOT NULL,
  `attempts` int(11) NOT NULL DEFAULT '0',
  `merchant_key` varchar(191) COLLATE utf8mb4_unicode_ci NOT NULL,
  `ref` varchar(191) COLLATE utf8mb4_unicode_ci NOT NULL,
  `is_expired` tinyint(1) NOT NULL,
  `data` text COLLATE utf8mb4_unicode_ci NOT NULL,
  `currency_code` varchar(255) COLLATE utf8mb4_unicode_ci DEFAULT NULL,
  `currency_id` bigint(20) UNSIGNED NOT NULL,
  `created_at` timestamp NULL DEFAULT NULL,
  `updated_at` timestamp NULL DEFAULT NULL
) ENGINE=InnoDB DEFAULT CHARSET=utf8mb4 COLLATE=utf8mb4_unicode_ci;

-- --------------------------------------------------------

--
-- Table structure for table `roles`
--

CREATE TABLE `roles` (
  `id` bigint(20) UNSIGNED NOT NULL,
  `name` varchar(255) COLLATE utf8mb4_unicode_ci NOT NULL,
  `display_name` varchar(255) COLLATE utf8mb4_unicode_ci NOT NULL,
  `created_at` timestamp NULL DEFAULT NULL,
  `updated_at` timestamp NULL DEFAULT NULL
) ENGINE=InnoDB DEFAULT CHARSET=utf8mb4 COLLATE=utf8mb4_unicode_ci;

--
-- Dumping data for table `roles`
--

INSERT INTO `roles` (`id`, `name`, `display_name`, `created_at`, `updated_at`) VALUES
(1, 'admin', 'Administrator', '2020-10-12 06:28:01', '2020-10-12 06:28:01'),
(2, 'user', 'Normal User', '2020-10-12 06:28:01', '2020-10-12 06:28:01'),
(3, 'voucher agent', 'agent', '2021-06-08 21:22:33', '2021-06-08 21:23:10'),
(4, 'demo-admin', 'demo-admin', '2022-01-31 14:58:46', '2022-01-31 14:58:46');

-- --------------------------------------------------------

--
-- Table structure for table `sales`
--

CREATE TABLE `sales` (
  `id` bigint(20) UNSIGNED NOT NULL,
  `user_id` bigint(20) UNSIGNED NOT NULL,
  `merchant_id` bigint(20) UNSIGNED NOT NULL,
  `transaction_state_id` int(11) NOT NULL,
  `gross` decimal(19,8) NOT NULL,
  `fee` decimal(16,8) NOT NULL,
  `net` decimal(19,8) NOT NULL,
  `json_data` text COLLATE utf8mb4_unicode_ci,
  `currency_symbol` varchar(255) COLLATE utf8mb4_unicode_ci DEFAULT NULL,
  `currency_id` bigint(20) UNSIGNED NOT NULL,
  `created_at` timestamp NULL DEFAULT NULL,
  `updated_at` timestamp NULL DEFAULT NULL,
  `purchase_id` bigint(20) UNSIGNED DEFAULT NULL
) ENGINE=InnoDB DEFAULT CHARSET=utf8mb4 COLLATE=utf8mb4_unicode_ci;

--
-- Dumping data for table `sales`
--

INSERT INTO `sales` (`id`, `user_id`, `merchant_id`, `transaction_state_id`, `gross`, `fee`, `net`, `json_data`, `currency_symbol`, `currency_id`, `created_at`, `updated_at`, `purchase_id`) VALUES
(1, 1, 6, 1, '40.00000000', '4.16000000', '35.84000000', '{\"items\":[{\"name\":\"Product 1\",\"price\":20,\"description\":\"Product 1 description\",\"qty\":1},{\"name\":\"Product 2\",\"price\":10,\"description\":\"Product 2 description\",\"qty\":1},{\"name\":\"Product 3\",\"price\":10,\"description\":\"Product 3 description\",\"qty\":1}],\"invoice_id\":38,\"invoice_description\":\"Order with Invoice 38\",\"total\":40,\"return_url\":\"https:\\/\\/bitmetical.com\\/success.php\",\"cancel_url\":\"fail.php\"}', '$', 1, '2021-03-18 14:39:43', '2021-03-18 14:39:43', NULL),
(2, 1, 6, 1, '40.00000000', '4.16000000', '35.84000000', '{\"items\":[{\"name\":\"Product 1\",\"price\":20,\"description\":\"Product 1 description\",\"qty\":1},{\"name\":\"Product 2\",\"price\":10,\"description\":\"Product 2 description\",\"qty\":1},{\"name\":\"Product 3\",\"price\":10,\"description\":\"Product 3 description\",\"qty\":1}],\"invoice_id\":12,\"invoice_description\":\"Order with Invoice 12\",\"total\":40,\"return_url\":\"https:\\/\\/bitmetical.com\\/success.php\",\"cancel_url\":\"fail.php\"}', '$', 1, '2021-03-18 14:41:00', '2021-03-18 14:41:14', 1),
(3, 1, 9, 1, '1908.88000000', '58.35000000', '1850.53000000', '{\"items\":[{\"name\":\"Shop\",\"price\":\"1908.88\",\"description\":\"order_id #43 Shop\",\"qty\":1}],\"invoice_id\":43,\"invoice_description\":\"Order with Invoice 43\",\"total\":\"1908.88\",\"return_url\":\"https:\\/\\/shop.dxtrader.xyz\\/phpwalletstatus\",\"cancel_url\":\"https:\\/\\/shop.dxtrader.xyz\\/phpwalletstatus\"}', '$', 1, '2021-07-26 17:26:48', '2021-07-26 17:27:00', 2),
(4, 1, 9, 1, '336.71000000', '12.76000000', '323.95000000', '{\"items\":[{\"name\":\"Shop\",\"price\":\"336.71\",\"description\":\"order_id #44 Shop\",\"qty\":1}],\"invoice_id\":44,\"invoice_description\":\"Order with Invoice 44\",\"total\":\"336.71\",\"return_url\":\"https:\\/\\/shop.dxtrader.xyz\\/phpwalletstatus\",\"cancel_url\":\"https:\\/\\/shop.dxtrader.xyz\\/phpwalletstatus\"}', '$', 1, '2021-07-27 20:39:18', '2021-07-27 20:39:26', 3),
(5, 1, 9, 1, '877.76000000', '28.45000000', '849.31000000', '{\"items\":[{\"name\":\"Shop\",\"price\":\"877.76\",\"description\":\"order_id #45 Shop\",\"qty\":1}],\"invoice_id\":45,\"invoice_description\":\"Order with Invoice 45\",\"total\":\"877.76\",\"return_url\":\"https:\\/\\/shop.dxtrader.xyz\\/phpwalletstatus\",\"cancel_url\":\"https:\\/\\/shop.dxtrader.xyz\\/phpwalletstatus\"}', '$', 1, '2021-07-28 11:28:53', '2021-07-28 11:28:58', 4),
(6, 1, 9, 1, '173.36000000', '8.02000000', '165.34000000', '{\"items\":[{\"name\":\"Shop\",\"price\":\"173.36\",\"description\":\"order_id #46 Shop\",\"qty\":1}],\"invoice_id\":46,\"invoice_description\":\"Order with Invoice 46\",\"total\":\"173.36\",\"return_url\":\"https:\\/\\/shop.dxtrader.xyz\\/phpwalletstatus\",\"cancel_url\":\"https:\\/\\/shop.dxtrader.xyz\\/phpwalletstatus\"}', '$', 1, '2021-07-28 12:13:11', '2021-07-28 12:13:15', 5),
(7, 1, 9, 1, '31.03000000', '3.89000000', '27.14000000', '{\"items\":[{\"name\":\"Shop\",\"price\":\"31.03\",\"description\":\"order_id #610 Shop\",\"qty\":1}],\"invoice_id\":610,\"invoice_description\":\"Order with Invoice 610\",\"total\":\"31.03\",\"return_url\":\"https:\\/\\/shop.dxtrader.xyz\\/phpwalletstatus\",\"cancel_url\":\"https:\\/\\/shop.dxtrader.xyz\\/phpwalletstatus\"}', '$', 1, '2021-08-05 12:09:08', '2021-08-05 12:09:15', 6),
(8, 1, 9, 1, '252.31000000', '10.31000000', '242.00000000', '{\"items\":[{\"name\":\"Shop\",\"price\":\"252.31\",\"description\":\"order_id #612 Shop\",\"qty\":1}],\"invoice_id\":612,\"invoice_description\":\"Order with Invoice 612\",\"total\":\"252.31\",\"return_url\":\"https:\\/\\/shop.dxtrader.xyz\\/phpwalletstatus\",\"cancel_url\":\"https:\\/\\/shop.dxtrader.xyz\\/phpwalletstatus\"}', '$', 1, '2021-08-07 09:07:31', '2021-08-07 09:08:44', 7),
(9, 1, 9, 1, '148.18000000', '7.29000000', '140.89000000', '{\"items\":[{\"name\":\"Shop\",\"price\":\"148.18\",\"description\":\"order_id #613 Shop\",\"qty\":1}],\"invoice_id\":613,\"invoice_description\":\"Order with Invoice 613\",\"total\":\"148.18\",\"return_url\":\"https:\\/\\/shop.dxtrader.xyz\\/phpwalletstatus\",\"cancel_url\":\"https:\\/\\/shop.dxtrader.xyz\\/phpwalletstatus\"}', '$', 1, '2021-08-07 16:12:25', '2021-08-07 16:12:54', 8),
(10, 1, 9, 1, '38.63000000', '4.12000000', '34.51000000', '{\"items\":[{\"name\":\"Shop\",\"price\":\"38.63\",\"description\":\"order_id #615 Shop\",\"qty\":1}],\"invoice_id\":615,\"invoice_description\":\"Order with Invoice 615\",\"total\":\"38.63\",\"return_url\":\"https:\\/\\/shop.dxtrader.xyz\\/phpwalletstatus\",\"cancel_url\":\"https:\\/\\/shop.dxtrader.xyz\\/phpwalletstatus\"}', '$', 1, '2021-08-07 22:03:00', '2021-08-07 22:03:22', 9),
(11, 1, 9, 1, '38.63000000', '4.12000000', '34.51000000', '{\"items\":[{\"name\":\"Shop\",\"price\":\"38.63\",\"description\":\"order_id #616 Shop\",\"qty\":1}],\"invoice_id\":616,\"invoice_description\":\"Order with Invoice 616\",\"total\":\"38.63\",\"return_url\":\"https:\\/\\/shop.dxtrader.xyz\\/phpwalletstatus\",\"cancel_url\":\"https:\\/\\/shop.dxtrader.xyz\\/phpwalletstatus\"}', '$', 1, '2021-08-08 03:11:01', '2021-08-08 03:11:01', NULL),
(12, 1, 9, 1, '8.25000000', '3.23000000', '5.02000000', '{\"items\":[{\"name\":\"Shop\",\"price\":\"8.25\",\"description\":\"order_id #617 Shop\",\"qty\":1}],\"invoice_id\":617,\"invoice_description\":\"Order with Invoice 617\",\"total\":\"8.25\",\"return_url\":\"https:\\/\\/shop.dxtrader.xyz\\/phpwalletstatus\",\"cancel_url\":\"https:\\/\\/shop.dxtrader.xyz\\/phpwalletstatus\"}', '$', 1, '2021-08-08 20:48:45', '2021-08-08 20:49:33', 11),
(13, 1, 9, 1, '217.60000000', '9.31000000', '208.29000000', '{\"items\":[{\"name\":\"Shop\",\"price\":\"217.60\",\"description\":\"order_id #618 Shop\",\"qty\":1}],\"invoice_id\":618,\"invoice_description\":\"Order with Invoice 618\",\"total\":\"217.60\",\"return_url\":\"https:\\/\\/shop.dxtrader.xyz\\/phpwalletstatus\",\"cancel_url\":\"https:\\/\\/shop.dxtrader.xyz\\/phpwalletstatus\"}', '$', 1, '2021-08-09 10:32:11', '2021-08-09 10:32:37', 12),
(14, 1, 9, 1, '38.63000000', '4.12000000', '34.51000000', '{\"items\":[{\"name\":\"Shop\",\"price\":\"38.63\",\"description\":\"order_id #619 Shop\",\"qty\":1}],\"invoice_id\":619,\"invoice_description\":\"Order with Invoice 619\",\"total\":\"38.63\",\"return_url\":\"https:\\/\\/shop.dxtrader.xyz\\/phpwalletstatus\",\"cancel_url\":\"https:\\/\\/shop.dxtrader.xyz\\/phpwalletstatus\"}', '$', 1, '2021-08-09 12:08:11', '2021-08-09 12:08:25', 13),
(15, 1, 9, 1, '9.34000000', '3.27000000', '6.07000000', '{\"items\":[{\"name\":\"Shop\",\"price\":\"9.34\",\"description\":\"order_id #620 Shop\",\"qty\":1}],\"invoice_id\":620,\"invoice_description\":\"Order with Invoice 620\",\"total\":\"9.34\",\"return_url\":\"https:\\/\\/shop.dxtrader.xyz\\/phpwalletstatus\",\"cancel_url\":\"https:\\/\\/shop.dxtrader.xyz\\/phpwalletstatus\"}', '$', 1, '2021-08-09 19:35:58', '2021-08-09 19:36:11', 14),
(16, 1, 9, 1, '532.16000000', '18.43000000', '513.73000000', '{\"items\":[{\"name\":\"Shop\",\"price\":\"532.16\",\"description\":\"order_id #621 Shop\",\"qty\":1}],\"invoice_id\":621,\"invoice_description\":\"Order with Invoice 621\",\"total\":\"532.16\",\"return_url\":\"https:\\/\\/shop.dxtrader.xyz\\/phpwalletstatus\",\"cancel_url\":\"https:\\/\\/shop.dxtrader.xyz\\/phpwalletstatus\"}', '$', 1, '2021-08-10 00:34:32', '2021-08-10 00:34:57', 15),
(17, 1, 9, 1, '31.03000000', '3.89000000', '27.14000000', '{\"items\":[{\"name\":\"Shop\",\"price\":\"31.03\",\"description\":\"order_id #622 Shop\",\"qty\":1}],\"invoice_id\":622,\"invoice_description\":\"Order with Invoice 622\",\"total\":\"31.03\",\"return_url\":\"https:\\/\\/shop.dxtrader.xyz\\/phpwalletstatus\",\"cancel_url\":\"https:\\/\\/shop.dxtrader.xyz\\/phpwalletstatus\"}', '$', 1, '2021-08-10 11:51:18', '2021-08-10 11:51:26', 16),
(18, 1, 9, 1, '405.25000000', '14.75000000', '390.50000000', '{\"items\":[{\"name\":\"Shop\",\"price\":\"405.25\",\"description\":\"order_id #624 Shop\",\"qty\":1}],\"invoice_id\":624,\"invoice_description\":\"Order with Invoice 624\",\"total\":\"405.25\",\"return_url\":\"https:\\/\\/shop.dxtrader.xyz\\/phpwalletstatus\",\"cancel_url\":\"https:\\/\\/shop.dxtrader.xyz\\/phpwalletstatus\"}', '$', 1, '2021-08-10 22:45:09', '2021-08-10 22:45:22', 17),
(19, 1, 9, 1, '9.34000000', '3.27000000', '6.07000000', '{\"items\":[{\"name\":\"Shop\",\"price\":\"9.34\",\"description\":\"order_id #626 Shop\",\"qty\":1}],\"invoice_id\":626,\"invoice_description\":\"Order with Invoice 626\",\"total\":\"9.34\",\"return_url\":\"https:\\/\\/shop.dxtrader.xyz\\/phpwalletstatus\",\"cancel_url\":\"https:\\/\\/shop.dxtrader.xyz\\/phpwalletstatus\"}', '$', 1, '2021-08-11 16:47:59', '2021-08-11 16:48:12', 18),
(20, 1, 9, 1, '254.48000000', '10.37000000', '244.11000000', '{\"items\":[{\"name\":\"Shop\",\"price\":\"254.48\",\"description\":\"order_id #627 Shop\",\"qty\":1}],\"invoice_id\":627,\"invoice_description\":\"Order with Invoice 627\",\"total\":\"254.48\",\"return_url\":\"https:\\/\\/shop.dxtrader.xyz\\/phpwalletstatus\",\"cancel_url\":\"https:\\/\\/shop.dxtrader.xyz\\/phpwalletstatus\"}', '$', 1, '2021-08-11 22:47:08', '2021-08-11 22:47:20', 19),
(21, 1, 9, 1, '7.17000000', '3.20000000', '3.97000000', '{\"items\":[{\"name\":\"Shop\",\"price\":\"7.17\",\"description\":\"order_id #630 Shop\",\"qty\":1}],\"invoice_id\":630,\"invoice_description\":\"Order with Invoice 630\",\"total\":\"7.17\",\"return_url\":\"https:\\/\\/shop.dxtrader.xyz\\/phpwalletstatus\",\"cancel_url\":\"https:\\/\\/shop.dxtrader.xyz\\/phpwalletstatus\"}', '$', 1, '2021-08-13 01:19:25', '2021-08-13 01:21:57', 20),
(22, 1, 9, 1, '10.42000000', '3.30000000', '7.12000000', '{\"items\":[{\"name\":\"Shop\",\"price\":\"10.42\",\"description\":\"order_id #631 Shop\",\"qty\":1}],\"invoice_id\":631,\"invoice_description\":\"Order with Invoice 631\",\"total\":\"10.42\",\"return_url\":\"https:\\/\\/shop.dxtrader.xyz\\/phpwalletstatus\",\"cancel_url\":\"https:\\/\\/shop.dxtrader.xyz\\/phpwalletstatus\"}', '$', 1, '2021-08-13 01:25:06', '2021-08-13 01:25:38', 21),
(23, 1, 9, 1, '254.48000000', '10.37000000', '244.11000000', '{\"items\":[{\"name\":\"Shop\",\"price\":\"254.48\",\"description\":\"order_id #635 Shop\",\"qty\":1}],\"invoice_id\":635,\"invoice_description\":\"Order with Invoice 635\",\"total\":\"254.48\",\"return_url\":\"https:\\/\\/shop.dxtrader.xyz\\/phpwalletstatus\",\"cancel_url\":\"https:\\/\\/shop.dxtrader.xyz\\/phpwalletstatus\"}', '$', 1, '2021-08-14 10:46:30', '2021-08-14 10:46:45', 22),
(24, 1, 9, 1, '38.63000000', '4.12000000', '34.51000000', '{\"items\":[{\"name\":\"Shop\",\"price\":\"38.63\",\"description\":\"order_id #636 Shop\",\"qty\":1}],\"invoice_id\":636,\"invoice_description\":\"Order with Invoice 636\",\"total\":\"38.63\",\"return_url\":\"https:\\/\\/shop.dxtrader.xyz\\/phpwalletstatus\",\"cancel_url\":\"https:\\/\\/shop.dxtrader.xyz\\/phpwalletstatus\"}', '$', 1, '2021-08-15 09:01:56', '2021-08-15 09:02:16', 23),
(25, 1, 9, 1, '373.80000000', '13.84000000', '359.96000000', '{\"items\":[{\"name\":\"Shop\",\"price\":\"373.80\",\"description\":\"order_id #637 Shop\",\"qty\":1}],\"invoice_id\":637,\"invoice_description\":\"Order with Invoice 637\",\"total\":\"373.80\",\"return_url\":\"https:\\/\\/shop.dxtrader.xyz\\/phpwalletstatus\",\"cancel_url\":\"https:\\/\\/shop.dxtrader.xyz\\/phpwalletstatus\"}', '$', 1, '2021-08-16 14:06:56', '2021-08-16 14:07:14', 24),
(26, 1, 9, 1, '206.75000000', '8.99000000', '197.76000000', '{\"items\":[{\"name\":\"Shop\",\"price\":\"206.75\",\"description\":\"order_id #638 Shop\",\"qty\":1}],\"invoice_id\":638,\"invoice_description\":\"Order with Invoice 638\",\"total\":\"206.75\",\"return_url\":\"https:\\/\\/shop.dxtrader.xyz\\/phpwalletstatus\",\"cancel_url\":\"https:\\/\\/shop.dxtrader.xyz\\/phpwalletstatus\"}', '$', 1, '2021-08-16 14:30:16', '2021-08-16 14:30:31', 25),
(27, 1, 9, 1, '237.13000000', '9.87000000', '227.26000000', '{\"items\":[{\"name\":\"Shop\",\"price\":\"237.13\",\"description\":\"order_id #639 Shop\",\"qty\":1}],\"invoice_id\":639,\"invoice_description\":\"Order with Invoice 639\",\"total\":\"237.13\",\"return_url\":\"https:\\/\\/shop.dxtrader.xyz\\/phpwalletstatus\",\"cancel_url\":\"https:\\/\\/shop.dxtrader.xyz\\/phpwalletstatus\"}', '$', 1, '2021-08-17 01:01:08', '2021-08-17 01:01:08', NULL),
(28, 1, 9, 1, '375.97000000', '13.90000000', '362.07000000', '{\"items\":[{\"name\":\"Shop\",\"price\":\"375.97\",\"description\":\"order_id #642 Shop\",\"qty\":1}],\"invoice_id\":642,\"invoice_description\":\"Order with Invoice 642\",\"total\":\"375.97\",\"return_url\":\"https:\\/\\/shop.dxtrader.xyz\\/phpwalletstatus\",\"cancel_url\":\"https:\\/\\/shop.dxtrader.xyz\\/phpwalletstatus\"}', '$', 1, '2021-08-17 15:30:03', '2021-08-17 15:30:20', 27),
(29, 1, 9, 1, '994.25000000', '31.83000000', '962.42000000', '{\"items\":[{\"name\":\"Shop\",\"price\":\"994.25\",\"description\":\"order_id #643 Shop\",\"qty\":1}],\"invoice_id\":643,\"invoice_description\":\"Order with Invoice 643\",\"total\":\"994.25\",\"return_url\":\"https:\\/\\/shop.dxtrader.xyz\\/phpwalletstatus\",\"cancel_url\":\"https:\\/\\/shop.dxtrader.xyz\\/phpwalletstatus\"}', '$', 1, '2021-08-18 18:31:24', '2021-08-18 18:31:24', NULL),
(30, 1, 9, 1, '1243.73000000', '39.06000000', '1204.67000000', '{\"items\":[{\"name\":\"Shop\",\"price\":\"1243.73\",\"description\":\"order_id #645 Shop\",\"qty\":1}],\"invoice_id\":645,\"invoice_description\":\"Order with Invoice 645\",\"total\":\"1243.73\",\"return_url\":\"https:\\/\\/shop.dxtrader.xyz\\/phpwalletstatus\",\"cancel_url\":\"https:\\/\\/shop.dxtrader.xyz\\/phpwalletstatus\"}', '$', 1, '2021-08-20 06:53:59', '2021-08-20 06:53:59', NULL),
(31, 1, 9, 1, '532.16000000', '18.43000000', '513.73000000', '{\"items\":[{\"name\":\"Shop\",\"price\":\"532.16\",\"description\":\"order_id #646 Shop\",\"qty\":1}],\"invoice_id\":646,\"invoice_description\":\"Order with Invoice 646\",\"total\":\"532.16\",\"return_url\":\"https:\\/\\/shop.dxtrader.xyz\\/phpwalletstatus\",\"cancel_url\":\"https:\\/\\/shop.dxtrader.xyz\\/phpwalletstatus\"}', '$', 1, '2021-08-20 14:38:01', '2021-08-20 14:38:23', 30),
(32, 1, 9, 1, '624.36000000', '21.10000000', '603.26000000', '{\"items\":[{\"name\":\"Shop\",\"price\":\"624.36\",\"description\":\"order_id #647 Shop\",\"qty\":1}],\"invoice_id\":647,\"invoice_description\":\"Order with Invoice 647\",\"total\":\"624.36\",\"return_url\":\"https:\\/\\/shop.dxtrader.xyz\\/phpwalletstatus\",\"cancel_url\":\"https:\\/\\/shop.dxtrader.xyz\\/phpwalletstatus\"}', '$', 1, '2021-08-20 14:41:24', '2021-08-20 14:41:36', 31),
(33, 1, 9, 1, '408.51000000', '14.84000000', '393.67000000', '{\"items\":[{\"name\":\"Shop\",\"price\":\"408.51\",\"description\":\"order_id #648 Shop\",\"qty\":1}],\"invoice_id\":648,\"invoice_description\":\"Order with Invoice 648\",\"total\":\"408.51\",\"return_url\":\"https:\\/\\/shop.dxtrader.xyz\\/phpwalletstatus\",\"cancel_url\":\"https:\\/\\/shop.dxtrader.xyz\\/phpwalletstatus\"}', '$', 1, '2021-08-20 16:35:11', '2021-08-20 16:35:22', 32),
(34, 1, 9, 1, '624.36000000', '21.10000000', '603.26000000', '{\"items\":[{\"name\":\"Shop\",\"price\":\"624.36\",\"description\":\"order_id #650 Shop\",\"qty\":1}],\"invoice_id\":650,\"invoice_description\":\"Order with Invoice 650\",\"total\":\"624.36\",\"return_url\":\"https:\\/\\/shop.dxtrader.xyz\\/phpwalletstatus\",\"cancel_url\":\"https:\\/\\/shop.dxtrader.xyz\\/phpwalletstatus\"}', '$', 1, '2021-08-23 00:40:53', '2021-08-23 00:41:00', 33),
(35, 1, 9, 1, '206.75000000', '8.99000000', '197.76000000', '{\"items\":[{\"name\":\"Shop\",\"price\":\"206.75\",\"description\":\"order_id #652 Shop\",\"qty\":1}],\"invoice_id\":652,\"invoice_description\":\"Order with Invoice 652\",\"total\":\"206.75\",\"return_url\":\"https:\\/\\/shop.dxtrader.xyz\\/phpwalletstatus\",\"cancel_url\":\"https:\\/\\/shop.dxtrader.xyz\\/phpwalletstatus\"}', '$', 1, '2021-08-23 15:16:24', '2021-08-23 15:16:40', 34),
(36, 1, 9, 1, '408.51000000', '14.84000000', '393.67000000', '{\"items\":[{\"name\":\"Shop\",\"price\":\"408.51\",\"description\":\"order_id #654 Shop\",\"qty\":1}],\"invoice_id\":654,\"invoice_description\":\"Order with Invoice 654\",\"total\":\"408.51\",\"return_url\":\"https:\\/\\/shop.dxtrader.xyz\\/phpwalletstatus\",\"cancel_url\":\"https:\\/\\/shop.dxtrader.xyz\\/phpwalletstatus\"}', '$', 1, '2021-08-23 20:10:24', '2021-08-23 20:10:35', 35),
(37, 1, 9, 1, '206.75000000', '8.99000000', '197.76000000', '{\"items\":[{\"name\":\"Shop\",\"price\":\"206.75\",\"description\":\"order_id #655 Shop\",\"qty\":1}],\"invoice_id\":655,\"invoice_description\":\"Order with Invoice 655\",\"total\":\"206.75\",\"return_url\":\"https:\\/\\/shop.dxtrader.xyz\\/phpwalletstatus\",\"cancel_url\":\"https:\\/\\/shop.dxtrader.xyz\\/phpwalletstatus\"}', '$', 1, '2021-08-24 05:12:09', '2021-08-24 05:14:29', 36),
(38, 1, 9, 1, '38.63000000', '4.12000000', '34.51000000', '{\"items\":[{\"name\":\"Shop\",\"price\":\"38.63\",\"description\":\"order_id #657 Shop\",\"qty\":1}],\"invoice_id\":657,\"invoice_description\":\"Order with Invoice 657\",\"total\":\"38.63\",\"return_url\":\"https:\\/\\/shop.dxtrader.xyz\\/phpwalletstatus\",\"cancel_url\":\"https:\\/\\/shop.dxtrader.xyz\\/phpwalletstatus\"}', '$', 1, '2021-08-24 22:33:10', '2021-08-24 22:33:10', NULL),
(39, 1, 9, 1, '38.63000000', '4.12000000', '34.51000000', '{\"items\":[{\"name\":\"Shop\",\"price\":\"38.63\",\"description\":\"order_id #658 Shop\",\"qty\":1}],\"invoice_id\":658,\"invoice_description\":\"Order with Invoice 658\",\"total\":\"38.63\",\"return_url\":\"https:\\/\\/shop.dxtrader.xyz\\/phpwalletstatus\",\"cancel_url\":\"https:\\/\\/shop.dxtrader.xyz\\/phpwalletstatus\"}', '$', 1, '2021-08-24 22:33:44', '2021-08-24 22:33:54', 38),
(40, 1, 9, 1, '9.34000000', '3.27000000', '6.07000000', '{\"items\":[{\"name\":\"Shop\",\"price\":\"9.34\",\"description\":\"order_id #659 Shop\",\"qty\":1}],\"invoice_id\":659,\"invoice_description\":\"Order with Invoice 659\",\"total\":\"9.34\",\"return_url\":\"https:\\/\\/shop.dxtrader.xyz\\/phpwalletstatus\",\"cancel_url\":\"https:\\/\\/shop.dxtrader.xyz\\/phpwalletstatus\"}', '$', 1, '2021-08-25 10:15:06', '2021-08-25 10:15:16', 39),
(41, 1, 9, 1, '532.16000000', '18.43000000', '513.73000000', '{\"items\":[{\"name\":\"Shop\",\"price\":\"532.16\",\"description\":\"order_id #661 Shop\",\"qty\":1}],\"invoice_id\":661,\"invoice_description\":\"Order with Invoice 661\",\"total\":\"532.16\",\"return_url\":\"https:\\/\\/shop.dxtrader.xyz\\/phpwalletstatus\",\"cancel_url\":\"https:\\/\\/shop.dxtrader.xyz\\/phpwalletstatus\"}', '$', 1, '2021-08-26 18:11:31', '2021-08-26 18:11:47', 40),
(42, 1, 9, 1, '532.16000000', '18.43000000', '513.73000000', '{\"items\":[{\"name\":\"Shop\",\"price\":\"532.16\",\"description\":\"order_id #662 Shop\",\"qty\":1}],\"invoice_id\":662,\"invoice_description\":\"Order with Invoice 662\",\"total\":\"532.16\",\"return_url\":\"https:\\/\\/shop.dxtrader.xyz\\/phpwalletstatus\",\"cancel_url\":\"https:\\/\\/shop.dxtrader.xyz\\/phpwalletstatus\"}', '$', 1, '2021-08-28 01:26:01', '2021-08-28 01:26:21', 41),
(43, 1, 9, 1, '69.25000000', '5.00000000', '64.25000000', '{\"items\":[{\"name\":\"Shop\",\"price\":\"69.25\",\"description\":\"order_id #663 Shop\",\"qty\":1}],\"invoice_id\":663,\"invoice_description\":\"Order with Invoice 663\",\"total\":\"69.25\",\"return_url\":\"https:\\/\\/shop.dxtrader.xyz\\/phpwalletstatus\",\"cancel_url\":\"https:\\/\\/shop.dxtrader.xyz\\/phpwalletstatus\"}', '$', 1, '2021-08-29 19:40:33', '2021-08-29 19:40:54', 42),
(44, 1, 9, 1, '1059.33000000', '33.72000000', '1025.61000000', '{\"items\":[{\"name\":\"Shop\",\"price\":\"1059.33\",\"description\":\"order_id #664 Shop\",\"qty\":1}],\"invoice_id\":664,\"invoice_description\":\"Order with Invoice 664\",\"total\":\"1059.33\",\"return_url\":\"https:\\/\\/shop.dxtrader.xyz\\/phpwalletstatus\",\"cancel_url\":\"https:\\/\\/shop.dxtrader.xyz\\/phpwalletstatus\"}', '$', 1, '2021-08-29 19:45:23', '2021-08-29 19:45:42', 43),
(45, 1, 9, 1, '532.16000000', '18.43000000', '513.73000000', '{\"items\":[{\"name\":\"Shop\",\"price\":\"532.16\",\"description\":\"order_id #666 Shop\",\"qty\":1}],\"invoice_id\":666,\"invoice_description\":\"Order with Invoice 666\",\"total\":\"532.16\",\"return_url\":\"https:\\/\\/shop.dxtrader.xyz\\/phpwalletstatus\",\"cancel_url\":\"https:\\/\\/shop.dxtrader.xyz\\/phpwalletstatus\"}', '$', 1, '2021-08-30 12:08:53', '2021-08-30 12:09:21', 44),
(46, 1, 9, 1, '254.48000000', '10.37000000', '244.11000000', '{\"items\":[{\"name\":\"Shop\",\"price\":\"254.48\",\"description\":\"order_id #667 Shop\",\"qty\":1}],\"invoice_id\":667,\"invoice_description\":\"Order with Invoice 667\",\"total\":\"254.48\",\"return_url\":\"https:\\/\\/shop.dxtrader.xyz\\/phpwalletstatus\",\"cancel_url\":\"https:\\/\\/shop.dxtrader.xyz\\/phpwalletstatus\"}', '$', 1, '2021-08-30 22:55:29', '2021-08-30 22:55:57', 45),
(47, 1, 9, 1, '1501.89000000', '46.55000000', '1455.34000000', '{\"items\":[{\"name\":\"Shop\",\"price\":\"1501.89\",\"description\":\"order_id #670 Shop\",\"qty\":1}],\"invoice_id\":670,\"invoice_description\":\"Order with Invoice 670\",\"total\":\"1501.89\",\"return_url\":\"https:\\/\\/shop.dxtrader.xyz\\/phpwalletstatus\",\"cancel_url\":\"https:\\/\\/shop.dxtrader.xyz\\/phpwalletstatus\"}', '$', 1, '2021-09-01 00:46:29', '2021-09-01 00:46:29', NULL),
(48, 1, 9, 1, '377.05000000', '13.93000000', '363.12000000', '{\"items\":[{\"name\":\"Shop\",\"price\":\"377.05\",\"description\":\"order_id #672 Shop\",\"qty\":1}],\"invoice_id\":672,\"invoice_description\":\"Order with Invoice 672\",\"total\":\"377.05\",\"return_url\":\"https:\\/\\/shop.dxtrader.xyz\\/phpwalletstatus\",\"cancel_url\":\"https:\\/\\/shop.dxtrader.xyz\\/phpwalletstatus\"}', '$', 1, '2021-09-01 20:09:17', '2021-09-01 20:09:17', NULL),
(49, 1, 9, 1, '254.48000000', '10.37000000', '244.11000000', '{\"items\":[{\"name\":\"Shop\",\"price\":\"254.48\",\"description\":\"order_id #674 Shop\",\"qty\":1}],\"invoice_id\":674,\"invoice_description\":\"Order with Invoice 674\",\"total\":\"254.48\",\"return_url\":\"https:\\/\\/shop.dxtrader.xyz\\/phpwalletstatus\",\"cancel_url\":\"https:\\/\\/shop.dxtrader.xyz\\/phpwalletstatus\"}', '$', 1, '2021-09-03 03:56:10', '2021-09-03 03:56:10', NULL),
(50, 1, 9, 1, '525.66000000', '18.24000000', '507.42000000', '{\"items\":[{\"name\":\"Shop\",\"price\":\"525.66\",\"description\":\"order_id #675 Shop\",\"qty\":1}],\"invoice_id\":675,\"invoice_description\":\"Order with Invoice 675\",\"total\":\"525.66\",\"return_url\":\"https:\\/\\/shop.dxtrader.xyz\\/phpwalletstatus\",\"cancel_url\":\"https:\\/\\/shop.dxtrader.xyz\\/phpwalletstatus\"}', '$', 1, '2021-09-03 03:58:01', '2021-09-03 03:58:01', NULL),
(51, 1, 9, 1, '1586.49000000', '49.00000000', '1537.49000000', '{\"items\":[{\"name\":\"Shop\",\"price\":\"1586.49\",\"description\":\"order_id #678 Shop\",\"qty\":1}],\"invoice_id\":678,\"invoice_description\":\"Order with Invoice 678\",\"total\":\"1586.49\",\"return_url\":\"https:\\/\\/shop.dxtrader.xyz\\/phpwalletstatus\",\"cancel_url\":\"https:\\/\\/shop.dxtrader.xyz\\/phpwalletstatus\"}', '$', 1, '2021-09-03 09:04:52', '2021-09-03 09:05:20', 50),
(52, 1, 9, 1, '38.63000000', '4.12000000', '34.51000000', '{\"items\":[{\"name\":\"Shop\",\"price\":\"38.63\",\"description\":\"order_id #679 Shop\",\"qty\":1}],\"invoice_id\":679,\"invoice_description\":\"Order with Invoice 679\",\"total\":\"38.63\",\"return_url\":\"https:\\/\\/shop.dxtrader.xyz\\/phpwalletstatus\",\"cancel_url\":\"https:\\/\\/shop.dxtrader.xyz\\/phpwalletstatus\"}', '$', 1, '2021-09-04 06:08:45', '2021-09-04 06:08:45', NULL),
(53, 1, 9, 1, '532.16000000', '18.43000000', '513.73000000', '{\"items\":[{\"name\":\"Shop\",\"price\":\"532.16\",\"description\":\"order_id #680 Shop\",\"qty\":1}],\"invoice_id\":680,\"invoice_description\":\"Order with Invoice 680\",\"total\":\"532.16\",\"return_url\":\"https:\\/\\/shop.dxtrader.xyz\\/phpwalletstatus\",\"cancel_url\":\"https:\\/\\/shop.dxtrader.xyz\\/phpwalletstatus\"}', '$', 1, '2021-09-04 18:46:36', '2021-09-04 18:46:52', 52),
(54, 1, 9, 1, '83.10000000', '5.40000000', '77.70000000', '{\"items\":[{\"name\":\"Shop\",\"price\":\"83.10\",\"description\":\"order_id #681 Shop\",\"qty\":1}],\"invoice_id\":681,\"invoice_description\":\"Order with Invoice 681\",\"total\":\"83.10\",\"return_url\":\"https:\\/\\/shop.dxtrader.xyz\\/phpwalletstatus\",\"cancel_url\":\"https:\\/\\/shop.dxtrader.xyz\\/phpwalletstatus\"}', '$', 1, '2021-09-05 07:35:13', '2021-09-05 07:35:48', 53),
(55, 1, 9, 1, '9.34000000', '3.27000000', '6.07000000', '{\"items\":[{\"name\":\"Shop\",\"price\":\"9.34\",\"description\":\"order_id #682 Shop\",\"qty\":1}],\"invoice_id\":682,\"invoice_description\":\"Order with Invoice 682\",\"total\":\"9.34\",\"return_url\":\"https:\\/\\/shop.dxtrader.xyz\\/phpwalletstatus\",\"cancel_url\":\"https:\\/\\/shop.dxtrader.xyz\\/phpwalletstatus\"}', '$', 1, '2021-09-06 00:22:12', '2021-09-06 00:22:31', 54),
(56, 1, 9, 1, '532.16000000', '18.43000000', '513.73000000', '{\"items\":[{\"name\":\"Shop\",\"price\":\"532.16\",\"description\":\"order_id #683 Shop\",\"qty\":1}],\"invoice_id\":683,\"invoice_description\":\"Order with Invoice 683\",\"total\":\"532.16\",\"return_url\":\"https:\\/\\/shop.dxtrader.xyz\\/phpwalletstatus\",\"cancel_url\":\"https:\\/\\/shop.dxtrader.xyz\\/phpwalletstatus\"}', '$', 1, '2021-09-06 17:46:18', '2021-09-06 17:46:18', NULL),
(57, 1, 9, 1, '1310.54000000', '41.00000000', '1269.54000000', '{\"items\":[{\"name\":\"Shop\",\"price\":\"1310.54\",\"description\":\"order_id #684 Shop\",\"qty\":1}],\"invoice_id\":684,\"invoice_description\":\"Order with Invoice 684\",\"total\":\"1310.54\",\"return_url\":\"https:\\/\\/shop.dxtrader.xyz\\/phpwalletstatus\",\"cancel_url\":\"https:\\/\\/shop.dxtrader.xyz\\/phpwalletstatus\"}', '$', 1, '2021-09-06 19:48:26', '2021-09-06 19:49:10', 56),
(58, 1, 9, 1, '44.05000000', '4.27000000', '39.78000000', '{\"items\":[{\"name\":\"Shop\",\"price\":\"44.05\",\"description\":\"order_id #687 Shop\",\"qty\":1}],\"invoice_id\":687,\"invoice_description\":\"Order with Invoice 687\",\"total\":\"44.05\",\"return_url\":\"https:\\/\\/shop.dxtrader.xyz\\/phpwalletstatus\",\"cancel_url\":\"https:\\/\\/shop.dxtrader.xyz\\/phpwalletstatus\"}', '$', 1, '2021-09-07 12:48:47', '2021-09-07 12:49:08', 57),
(59, 1, 9, 1, '353.19000000', '13.24000000', '339.95000000', '{\"items\":[{\"name\":\"Shop\",\"price\":\"353.19\",\"description\":\"order_id #689 Shop\",\"qty\":1}],\"invoice_id\":689,\"invoice_description\":\"Order with Invoice 689\",\"total\":\"353.19\",\"return_url\":\"https:\\/\\/shop.dxtrader.xyz\\/phpwalletstatus\",\"cancel_url\":\"https:\\/\\/shop.dxtrader.xyz\\/phpwalletstatus\"}', '$', 1, '2021-09-10 22:03:24', '2021-09-10 22:03:59', 58),
(60, 1, 9, 1, '44.05000000', '4.27000000', '39.78000000', '{\"items\":[{\"name\":\"Shop\",\"price\":\"44.05\",\"description\":\"order_id #692 Shop\",\"qty\":1}],\"invoice_id\":692,\"invoice_description\":\"Order with Invoice 692\",\"total\":\"44.05\",\"return_url\":\"https:\\/\\/shop.dxtrader.xyz\\/phpwalletstatus\",\"cancel_url\":\"https:\\/\\/shop.dxtrader.xyz\\/phpwalletstatus\"}', '$', 1, '2021-09-14 02:31:05', '2021-09-14 02:31:48', 59),
(61, 414, 18, 1, '20.00000000', '3.58000000', '16.42000000', '{\"items\":[{\"name\":\"Demo product\",\"price\":20,\"qty\":1,\"description\":\"Demo product\"}],\"invoice_id\":14,\"invoice_description\":\"Order with Invoice 14\",\"total\":\"20.00\",\"return_url\":\"https:\\/\\/wordpress.codesviral.com\\/wc-api\\/payzoft-payment-complete?id=14\",\"cancel_url\":\"https:\\/\\/wordpress.codesviral.com\"}', '$', 1, '2023-01-01 16:09:43', '2023-01-01 16:09:59', 60),
(62, 414, 18, 1, '5.00000000', '3.14000000', '1.86000000', '{\"items\":[{\"name\":\"Demo product\",\"price\":1,\"qty\":5,\"description\":\"Demo product\"}],\"invoice_id\":23,\"invoice_description\":\"Order with Invoice 23\",\"total\":\"5.00\",\"return_url\":\"https:\\/\\/wordpress.codesviral.com\\/wc-api\\/payzoft-payment-complete?id=23\",\"cancel_url\":\"https:\\/\\/wordpress.codesviral.com\"}', '$', 1, '2023-01-03 05:33:56', '2023-01-03 05:33:56', NULL),
(63, 414, 18, 1, '100.00000000', '5.90000000', '94.10000000', '{\"items\":[{\"name\":\"Demo product\",\"price\":1,\"qty\":100,\"description\":\"Demo product\"}],\"invoice_id\":26,\"invoice_description\":\"Order with Invoice 26\",\"total\":\"100.00\",\"return_url\":\"https:\\/\\/wordpress.codesviral.com\\/wc-api\\/payzoft-payment-complete?id=26\",\"cancel_url\":\"https:\\/\\/wordpress.codesviral.com\"}', '$', 1, '2023-01-04 18:48:06', '2023-01-04 18:48:06', NULL),
(64, 489, 20, 1, '6.00000000', '3.17000000', '2.83000000', '{\"items\":[{\"name\":\"Demo product\",\"price\":1,\"qty\":6,\"description\":\"Demo product\"}],\"invoice_id\":35,\"invoice_description\":\"Order with Invoice 35\",\"total\":\"6.00\",\"return_url\":\"https:\\/\\/wordpress.codesviral.com\\/wc-api\\/payzoft-payment-complete?id=35\",\"cancel_url\":\"https:\\/\\/wordpress.codesviral.com\"}', '$', 1, '2023-04-07 12:09:45', '2023-04-07 12:09:45', NULL),
(65, 489, 20, 1, '100.00000000', '5.90000000', '94.10000000', '{\"items\":[{\"name\":\"Demo product\",\"price\":100,\"qty\":1,\"description\":\"Demo product\"}],\"invoice_id\":46,\"invoice_description\":\"Order with Invoice 46\",\"total\":\"100.00\",\"return_url\":\"https:\\/\\/wordpress.codesviral.com\\/wc-api\\/payzoft-payment-complete?id=46\",\"cancel_url\":\"https:\\/\\/wordpress.codesviral.com\"}', '$', 1, '2023-04-11 18:48:02', '2023-04-11 18:48:02', NULL),
(66, 489, 20, 1, '100.00000000', '5.90000000', '94.10000000', '{\"items\":[{\"name\":\"Demo product\",\"price\":100,\"qty\":1,\"description\":\"Demo product\"}],\"invoice_id\":55,\"invoice_description\":\"Order with Invoice 55\",\"total\":\"100.00\",\"return_url\":\"https:\\/\\/wordpress.codesviral.com\\/wc-api\\/payzoft-payment-complete?id=55\",\"cancel_url\":\"https:\\/\\/wordpress.codesviral.com\"}', '$', 1, '2023-04-16 15:22:40', '2023-04-16 15:22:40', NULL),
(67, 489, 20, 1, '100.00000000', '5.90000000', '94.10000000', '{\"items\":[{\"name\":\"Demo product\",\"price\":100,\"qty\":1,\"description\":\"Demo product\"}],\"invoice_id\":67,\"invoice_description\":\"Order with Invoice 67\",\"total\":\"100.00\",\"return_url\":\"https:\\/\\/wordpress.codesviral.com\\/wc-api\\/payzoft-payment-complete?id=67\",\"cancel_url\":\"https:\\/\\/wordpress.codesviral.com\"}', '$', 1, '2023-04-23 23:51:44', '2023-04-23 23:51:44', NULL);

-- --------------------------------------------------------

--
-- Table structure for table `sends`
--

CREATE TABLE `sends` (
  `id` bigint(20) UNSIGNED NOT NULL,
  `user_id` bigint(20) UNSIGNED NOT NULL,
  `to_id` bigint(20) UNSIGNED NOT NULL,
  `transaction_state_id` int(11) NOT NULL,
  `gross` decimal(19,8) NOT NULL,
  `fee` decimal(16,8) NOT NULL,
  `net` decimal(19,8) NOT NULL,
  `description` text COLLATE utf8mb4_unicode_ci NOT NULL,
  `json_data` text COLLATE utf8mb4_unicode_ci,
  `currency_symbol` varchar(255) COLLATE utf8mb4_unicode_ci DEFAULT NULL,
  `currency_id` bigint(20) UNSIGNED NOT NULL,
  `created_at` timestamp NULL DEFAULT NULL,
  `updated_at` timestamp NULL DEFAULT NULL,
  `receive_id` bigint(20) UNSIGNED DEFAULT NULL
) ENGINE=InnoDB DEFAULT CHARSET=utf8mb4 COLLATE=utf8mb4_unicode_ci;

--
-- Dumping data for table `sends`
--

INSERT INTO `sends` (`id`, `user_id`, `to_id`, `transaction_state_id`, `gross`, `fee`, `net`, `description`, `json_data`, `currency_symbol`, `currency_id`, `created_at`, `updated_at`, `receive_id`) VALUES
(1, 1, 2, 1, '0.00470000', '0.00000000', '0.00470000', 'yo', NULL, '(BTC)', 6, '2020-10-16 12:08:41', '2020-10-16 12:08:52', 2),
(2, 1, 2, 1, '5.00000000', '0.00000000', '5.00000000', 'yo', NULL, '$', 1, '2020-10-16 12:11:41', '2020-10-16 12:11:46', 3),
(5, 1, 2, 1, '8.03000000', '5.00000000', '3.03000000', 'wrer', NULL, '$', 1, '2020-10-22 11:04:44', '2020-10-22 11:04:44', 7),
(7, 1, 2, 1, '0.00300000', '0.00000000', '0.00300000', 'take it', NULL, '(BTC)', 6, '2020-10-22 11:13:50', '2020-10-22 11:13:53', 9),
(33, 1, 2, 1, '25.20000000', '5.00000000', '20.20000000', 'test', NULL, '$', 1, '2020-12-01 00:34:14', '2020-12-01 00:34:14', 35),
(34, 1, 2, 1, '25.20000000', '5.00000000', '20.20000000', 'test', NULL, '$', 1, '2020-12-01 00:34:20', '2020-12-01 00:34:20', 36),
(37, 1, 2, 1, '10.00000000', '0.00000000', '10.00000000', 'buy a coffe', NULL, '$', 1, '2021-01-27 17:46:33', '2021-01-27 17:46:33', 39),
(38, 1, 2, 1, '10.00000000', '0.00000000', '10.00000000', 'buy a coffe', NULL, '$', 1, '2021-01-27 18:01:17', '2021-01-27 18:01:17', 40),
(39, 1, 2, 1, '10.00000000', '0.00000000', '10.00000000', 'buy a coffe', NULL, '$', 1, '2021-01-27 18:01:19', '2021-01-27 18:01:19', 41),
(40, 1, 2, 1, '10.00000000', '0.00000000', '10.00000000', 'buy a coffe', NULL, '$', 1, '2021-01-27 18:01:26', '2021-01-27 18:01:26', 42),
(41, 1, 2, 1, '10.00000000', '0.00000000', '10.00000000', 'buy a coffe', NULL, '$', 1, '2021-01-27 18:02:00', '2021-01-27 18:02:00', 43),
(42, 1, 2, 1, '10.00000000', '0.00000000', '10.00000000', 'buy a coffe', NULL, '$', 1, '2021-01-27 18:02:22', '2021-01-27 18:02:22', 44),
(43, 1, 2, 1, '10.00000000', '0.00000000', '10.00000000', 'buy a coffe', NULL, '$', 1, '2021-01-27 18:04:12', '2021-01-27 18:04:12', 45),
(44, 1, 2, 1, '10.00000000', '0.00000000', '10.00000000', 'buy a coffe', NULL, '$', 1, '2021-01-27 18:04:22', '2021-01-27 18:04:22', 46),
(45, 1, 2, 1, '10.00000000', '0.00000000', '10.00000000', 'buy a coffe', NULL, '$', 1, '2021-01-27 18:04:42', '2021-01-27 18:04:42', 47),
(46, 1, 2, 1, '900.00000000', '0.00000000', '900.00000000', 'buy a coffe', NULL, '$', 1, '2021-01-27 18:07:43', '2021-01-27 18:07:43', 48),
(47, 2, 1, 1, '900.00000000', '0.00000000', '900.00000000', 'buy a coffe', NULL, '$', 1, '2021-01-27 18:29:10', '2021-01-27 18:29:10', 49),
(48, 2, 1, 1, '10.00000000', '0.00000000', '10.00000000', 'fdasfs', NULL, '$', 1, '2021-01-27 19:02:06', '2021-01-27 19:02:06', 50),
(49, 2, 1, 1, '10.00000000', '0.00000000', '10.00000000', 'fdasfs', NULL, '$', 1, '2021-01-27 19:03:47', '2021-01-27 19:03:47', 51),
(50, 2, 1, 1, '10.00000000', '0.00000000', '10.00000000', 'password', NULL, '$', 1, '2021-01-27 19:06:51', '2021-01-27 19:06:51', 52),
(51, 1, 2, 1, '2000.00000000', '0.00000000', '2000.00000000', 'buy a coffe', NULL, '$', 1, '2021-01-27 19:46:39', '2021-01-27 19:46:39', 53),
(52, 2, 1, 1, '100.00000000', '0.00000000', '100.00000000', 'get a job and stop asking for my money 💰.', NULL, '$', 1, '2021-01-28 15:01:34', '2021-01-28 15:01:34', 54),
(53, 2, 1, 1, '50.00000000', '0.00000000', '50.00000000', '10', NULL, '$', 1, '2021-02-07 23:55:56', '2021-02-07 23:55:56', 55),
(54, 2, 1, 1, '50.00000000', '0.00000000', '50.00000000', 'password', NULL, '$', 1, '2021-02-09 13:27:11', '2021-02-09 13:27:11', 56),
(55, 2, 1, 1, '150.00000000', '0.00000000', '150.00000000', 'password', NULL, '$', 1, '2021-02-09 13:55:24', '2021-02-09 13:55:24', 57),
(57, 2, 1, 1, '150.00000000', '0.00000000', '150.00000000', 'sasd', NULL, '$', 1, '2021-02-09 14:10:24', '2021-02-09 14:10:24', 59),
(58, 2, 1, 1, '100.00000000', '0.00000000', '100.00000000', 'yo', NULL, '$', 1, '2021-02-09 16:25:04', '2021-02-09 16:25:04', 60),
(59, 2, 1, 1, '0.00023000', '0.00000000', '0.00023000', 'Yes', NULL, '(BTC)', 6, '2021-02-09 22:49:49', '2021-02-09 22:49:49', 61),
(60, 2, 1, 1, '100.00000000', '0.00000000', '100.00000000', 'take it', NULL, '$', 1, '2021-02-11 14:10:12', '2021-02-11 14:10:12', 62),
(61, 2, 1, 1, '150.00000000', '0.00000000', '150.00000000', 'password', NULL, '$', 1, '2021-02-11 16:49:50', '2021-02-11 16:49:50', 63),
(62, 2, 1, 1, '100.00000000', '0.00000000', '100.00000000', 'kiud', NULL, '$', 1, '2021-02-19 18:56:08', '2021-02-19 18:56:08', 64),
(63, 1, 97, 1, '1000.00000000', '0.00000000', '1000.00000000', 'Test', NULL, '$', 1, '2021-02-22 17:48:53', '2021-02-22 17:48:53', 65),
(64, 2, 2, 1, '60.00000000', '0.00000000', '60.00000000', 'hujg', NULL, '$', 1, '2021-02-23 14:04:20', '2021-09-26 13:53:54', 66),
(65, 2, 2, 1, '660.00000000', '0.00000000', '660.00000000', 'ti', NULL, '$', 1, '2021-02-23 14:04:48', '2021-09-26 13:53:47', 67),
(66, 1, 97, 1, '150.00000000', '0.00000000', '150.00000000', '6y', NULL, '(BTC)', 6, '2021-02-23 15:23:55', '2021-02-23 15:23:55', 68),
(67, 1, 97, 1, '100.00000000', '0.00000000', '100.00000000', 'hjuijjjj', NULL, '$', 1, '2021-02-28 06:18:17', '2021-02-28 06:18:17', 69),
(68, 1, 115, 1, '200.00000000', '0.00000000', '200.00000000', 'Test', NULL, '$', 1, '2021-03-05 14:39:28', '2021-03-05 14:39:28', 70),
(69, 1, 127, 1, '50.00000000', '0.00000000', '50.00000000', 'hii', NULL, '$', 1, '2021-03-16 09:45:53', '2021-03-16 09:45:53', 71),
(70, 1, 128, 1, '50.00000000', '0.00000000', '50.00000000', 'test', NULL, '$', 1, '2021-03-18 03:23:39', '2021-03-18 03:23:39', 72),
(71, 1, 128, 1, '50000.00000000', '0.00000000', '50000.00000000', 'still testing', NULL, '(BTC)', 6, '2021-03-18 03:26:16', '2021-03-18 03:26:16', 73),
(72, 1, 128, 1, '50000.00000000', '0.00000000', '50000.00000000', 'again', NULL, '$', 1, '2021-03-18 03:27:06', '2021-03-18 03:27:06', 74),
(73, 1, 132, 1, '200.00000000', '0.00000000', '200.00000000', 'hey', NULL, '$', 1, '2021-03-20 10:55:36', '2021-03-20 10:55:36', 75),
(74, 1, 132, 1, '200.00000000', '0.00000000', '200.00000000', 'hey', NULL, '$', 1, '2021-03-22 12:00:08', '2021-03-22 12:00:08', 76),
(75, 1, 132, 1, '200.00000000', '0.00000000', '200.00000000', 'hey', NULL, '$', 1, '2021-03-22 20:50:27', '2021-03-22 20:50:27', 77),
(76, 1, 170, 1, '150.00000000', '0.00000000', '150.00000000', 'bereket versin', NULL, '$', 1, '2021-03-30 10:18:42', '2021-03-30 10:18:42', 78),
(77, 1, 170, 1, '200.00000000', '0.00000000', '200.00000000', 'jn', NULL, '$', 1, '2021-04-02 14:11:02', '2021-04-02 14:11:02', 79),
(78, 1, 170, 1, '800786.56000000', '0.00000000', '800786.56000000', 'b', NULL, '$', 1, '2021-04-02 14:11:43', '2021-04-02 14:11:43', 80),
(79, 2, 224, 1, '20.00000000', '0.00000000', '20.00000000', 'dsqw', NULL, 'KSh', 11, '2021-05-08 18:12:34', '2021-05-08 18:14:04', 81),
(80, 2, 80, 1, '20.00000000', '0.00000000', '20.00000000', 'sgfds', NULL, 'KSh', 11, '2021-06-06 17:47:51', '2021-06-06 17:48:01', 82),
(81, 2, 1, 1, '10.00000000', '0.00000000', '10.00000000', 'get the txi bro', NULL, 'KSh', 11, '2021-06-12 15:52:40', '2021-06-12 15:52:40', 83),
(82, 2, 1, 1, '10.00000000', '0.00000000', '10.00000000', 'eq', NULL, 'KSh', 11, '2021-06-20 23:30:47', '2021-06-20 23:30:47', 84),
(83, 1, 281, 1, '20.00000000', '0.00000000', '20.00000000', 'buying guchi', NULL, 'KSh', 11, '2021-06-25 22:09:02', '2021-06-25 22:09:02', 85),
(84, 1, 311, 1, '25.20000000', '5.00000000', '20.20000000', 'Uee', NULL, '$', 1, '2021-08-09 19:12:02', '2021-08-09 19:12:02', 86),
(85, 1, 2, 1, '5000.00000000', '0.00000000', '5000.00000000', 'sas', NULL, '$', 1, '2021-08-18 12:43:03', '2021-08-18 12:43:25', 87),
(86, 1, 321, 1, '100.00000000', '0.00000000', '100.00000000', 'This is test payment transfer!', NULL, '$', 1, '2021-08-26 11:59:19', '2021-08-26 11:59:36', 88),
(87, 1, 311, 1, '50.00000000', '0.00000000', '50.00000000', 'ervgerve', NULL, '$', 1, '2021-08-26 16:32:57', '2021-08-26 16:34:56', 89),
(88, 311, 321, 1, '100.00000000', '0.00000000', '100.00000000', 'sdf', NULL, '$', 1, '2021-08-27 10:53:01', '2021-08-29 19:45:34', 90),
(89, 311, 1, 1, '1000.00000000', '0.00000000', '1000.00000000', 'sda', NULL, '$', 1, '2021-08-27 10:57:06', '2021-08-27 10:59:12', 91),
(90, 1, 2, 1, '80.00000000', '0.00000000', '80.00000000', 'expenses', NULL, '$', 1, '2021-09-04 17:01:08', '2021-09-04 17:01:21', 92),
(91, 1, 2, 1, '30.00000000', '0.00000000', '30.00000000', 'more expenses', NULL, '$', 1, '2021-09-04 17:02:24', '2021-09-04 17:02:30', 93),
(92, 311, 329, 3, '50.00000000', '0.00000000', '50.00000000', 'Ggd', NULL, '$', 1, '2021-09-05 13:44:01', '2021-09-05 13:44:01', 94),
(93, 1, 207, 1, '100.00000000', '0.00000000', '100.00000000', 'vgg', NULL, '$', 1, '2021-09-06 23:25:52', '2021-09-06 23:25:52', 95),
(94, 2, 333, 1, '20.00000000', '0.00000000', '20.00000000', 'asasda', NULL, '$', 1, '2021-09-10 12:55:55', '2021-09-10 12:55:55', 96),
(95, 2, 1, 1, '70.00000000', '0.00000000', '70.00000000', 'yo', NULL, '$', 1, '2021-09-24 11:33:34', '2021-09-24 11:33:59', 97),
(96, 2, 346, 1, '5.00000000', '0.00000000', '5.00000000', 'i want a coffy man', NULL, '$', 1, '2022-01-27 15:13:42', '2022-01-27 15:16:57', 98),
(97, 2, 1, 1, '50.00000000', '0.00000000', '50.00000000', 'note', NULL, '$', 1, '2022-02-11 12:57:07', '2022-02-11 12:57:13', 99),
(99, 2, 1, 1, '30.00000000', '0.00000000', '30.00000000', 'qwe', NULL, 'KSh', 11, '2022-02-28 14:13:59', '2022-02-28 14:15:22', 101),
(100, 360, 1, 1, '100.00000000', '0.00000000', '100.00000000', 'Testing', NULL, '$', 1, '2022-12-11 18:26:52', '2022-12-11 18:30:21', 102),
(101, 1, 360, 1, '1250.00000000', '0.00000000', '1250.00000000', 'Hello', NULL, '$', 1, '2022-12-11 18:32:48', '2022-12-11 18:33:08', 103),
(102, 1, 360, 1, '5000.00000000', '0.00000000', '5000.00000000', 'Hello', NULL, '$', 1, '2022-12-13 18:02:05', '2022-12-13 18:02:21', 104),
(103, 1, 2, 1, '31.00000000', '0.00000000', '31.00000000', 'assas', NULL, '$', 1, '2022-12-14 06:41:48', '2022-12-14 06:42:09', 105),
(104, 1, 367, 1, '1000.00000000', '0.00000000', '1000.00000000', 'Hi', NULL, '$', 1, '2022-12-15 20:48:29', '2022-12-15 20:49:28', 106),
(105, 1, 2, 1, '5.00000000', '0.00000000', '5.00000000', 'test', NULL, '$', 1, '2022-12-26 05:16:16', '2022-12-26 05:16:26', 107),
(106, 1, 360, 1, '5.00000000', '0.00000000', '5.00000000', 'Okay', NULL, 'KSh', 11, '2022-12-28 09:56:21', '2022-12-28 10:49:26', 108),
(107, 360, 1, 1, '5.00000000', '0.00000000', '5.00000000', 'Thanks', NULL, '$', 1, '2022-12-28 10:07:04', '2022-12-28 10:07:25', 109),
(108, 1, 412, 1, '10.00000000', '0.00000000', '10.00000000', 'gg', NULL, '$', 1, '2022-12-29 16:28:40', '2022-12-29 16:29:41', 110),
(109, 1, 412, 1, '100.00000000', '0.00000000', '100.00000000', 'hh', NULL, '$', 1, '2022-12-29 16:30:20', '2022-12-29 16:30:25', 111),
(110, 412, 1, 1, '5.00000000', '0.00000000', '5.00000000', 'gh', NULL, '$', 1, '2022-12-29 16:33:39', '2022-12-29 16:34:02', 112),
(111, 352, 414, 1, '10.05000000', '5.00000000', '5.05000000', 'good', NULL, '$', 1, '2022-12-30 23:27:19', '2022-12-30 23:27:19', 113),
(112, 2, 1, 1, '16.00000000', '0.00000000', '16.00000000', 'for my', NULL, '$', 1, '2023-01-22 21:18:06', '2023-01-22 21:18:13', 114),
(113, 1, 352, 1, '100.00000000', '0.00000000', '100.00000000', 'deneme', NULL, '$', 1, '2023-01-22 21:38:58', '2023-01-22 21:39:07', 115),
(114, 2, 462, 1, '106.00000000', '5.00000000', '101.00000000', 'Buyer releases payment to seller', NULL, '$', 1, '2023-01-24 20:10:55', '2023-01-24 20:10:55', 116),
(115, 524, 1, 1, '5.00000000', '0.00000000', '5.00000000', 'هه', NULL, '$', 1, '2023-02-21 22:28:14', '2023-02-21 22:29:16', 117),
(116, 524, 1, 3, '50.00000000', '0.00000000', '50.00000000', 'sadas', NULL, '$', 1, '2023-02-27 13:46:53', '2023-02-27 13:46:53', 118),
(117, 524, 566, 1, '100.00000000', '0.00000000', '100.00000000', 'hy', NULL, '$', 1, '2023-03-04 19:26:22', '2023-03-05 22:43:50', 119),
(118, 1, 524, 1, '16.00000000', '0.00000000', '16.00000000', 'get that coffe', NULL, '₦', 10, '2023-03-11 14:10:42', '2023-03-11 14:10:42', 120),
(119, 1, 524, 1, '134.00000000', '0.00000000', '134.00000000', 'get to the coffe shop', NULL, '₦', 10, '2023-03-11 14:12:35', '2023-03-11 14:12:35', 121),
(120, 1, 524, 1, '134.00000000', '0.00000000', '134.00000000', 'get to the coffe shop', NULL, '₦', 10, '2023-03-11 14:12:38', '2023-03-11 14:12:38', 122),
(121, 1, 524, 1, '1343.00000000', '0.00000000', '1343.00000000', 'mackbook pro', NULL, '₦', 10, '2023-03-11 14:14:17', '2023-03-11 14:14:17', 123),
(122, 1, 597, 1, '10.00000000', '0.00000000', '10.00000000', 'Here is my request from', NULL, '$', 1, '2023-03-13 19:14:02', '2023-03-13 19:18:26', 124),
(123, 1, 597, 1, '10.00000000', '0.00000000', '10.00000000', 'Here', NULL, '$', 1, '2023-03-13 19:18:07', '2023-03-13 19:18:17', 125),
(124, 1, 597, 1, '20000.00000000', '0.00000000', '20000.00000000', 'Here is the money', NULL, '₦', 10, '2023-03-13 19:19:37', '2023-03-13 19:19:44', 126),
(125, 1, 615, 1, '20.00000000', '0.00000000', '20.00000000', 'testing the system Ala', NULL, '$', 1, '2023-03-20 07:06:07', '2023-03-20 07:06:21', 127),
(126, 1, 615, 1, '9.04000000', '5.00000000', '4.04000000', 'testw', NULL, '$', 1, '2023-03-20 07:21:09', '2023-03-20 07:21:09', 128),
(127, 1, 489, 1, '10.00000000', '0.00000000', '10.00000000', 'This is tset', NULL, '$', 1, '2023-03-26 12:37:14', '2023-03-26 12:37:33', 129),
(128, 1, 489, 1, '10.00000000', '0.00000000', '10.00000000', 'This is test by dev to check endpoint', NULL, '$', 1, '2023-03-26 12:49:43', '2023-03-26 12:49:43', 130),
(131, 489, 1, 1, '10.00000000', '0.00000000', '10.00000000', 'This is test by dev to check endpoint', NULL, '$', 1, '2023-03-27 11:40:31', '2023-03-30 16:38:45', 133),
(132, 1, 524, 1, '10.00000000', '0.00000000', '10.00000000', '123456', NULL, '$', 1, '2023-03-29 13:10:43', '2023-03-29 13:10:43', 134),
(133, 524, 1, 3, '6.00000000', '0.00000000', '6.00000000', 'wedqw', NULL, '$', 1, '2023-03-29 13:13:51', '2023-03-29 13:13:51', 135),
(134, 524, 1, 3, '6.00000000', '0.00000000', '6.00000000', 'wedqw', NULL, '$', 1, '2023-03-29 15:56:38', '2023-03-29 15:56:38', 136),
(135, 524, 1, 3, '6.00000000', '0.00000000', '6.00000000', 'wedqw', NULL, '$', 1, '2023-03-29 16:22:44', '2023-03-29 16:22:44', 137),
(136, 524, 1, 3, '6.00000000', '0.00000000', '6.00000000', 'wedqw', NULL, '$', 1, '2023-03-29 16:22:47', '2023-03-29 16:22:47', 138),
(137, 524, 1, 3, '6.00000000', '0.00000000', '6.00000000', 'sdqweqwe', NULL, '$', 1, '2023-03-29 16:47:33', '2023-03-29 16:47:33', 139),
(138, 524, 1, 1, '6.00000000', '0.00000000', '6.00000000', 'dfs', NULL, '$', 1, '2023-04-01 08:31:23', '2023-04-01 09:45:40', 140),
(139, 1, 524, 1, '188.00000000', '0.00000000', '188.00000000', 'dasdasd', NULL, '$', 1, '2023-04-03 15:41:11', '2023-04-03 15:41:11', 141),
(140, 1, 524, 1, '500.00000000', '0.00000000', '500.00000000', 'dsfdfdsfsdfs', NULL, '$', 1, '2023-04-03 21:42:41', '2023-04-03 21:42:52', 142),
(141, 1, 524, 1, '500.00000000', '0.00000000', '500.00000000', 'dsasdasdasds', NULL, '$', 1, '2023-04-03 21:43:19', '2023-04-08 09:36:23', 143),
(142, 1, 524, 1, '235.00000000', '0.00000000', '235.00000000', 'asdasfd', NULL, '$', 1, '2023-04-05 13:14:38', '2023-04-05 13:14:38', 144),
(143, 1, 524, 1, '45.00000000', '0.00000000', '45.00000000', 'dfsdf', NULL, '$', 1, '2023-04-05 13:15:06', '2023-04-05 13:15:06', 145),
(144, 1, 524, 1, '45.00000000', '0.00000000', '45.00000000', 'dfsdf', NULL, '$', 1, '2023-04-05 13:15:08', '2023-04-05 13:15:08', 146),
(145, 489, 524, 1, '3.00000000', '0.00000000', '3.00000000', 'good', NULL, '$', 1, '2023-04-06 08:56:35', '2023-04-06 08:56:35', 147),
(146, 524, 686, 1, '50.00000000', '0.00000000', '50.00000000', 'dsfsdf', NULL, '$', 1, '2023-04-20 21:18:12', '2023-04-20 21:18:27', 148),
(147, 1, 524, 3, '20000.00000000', '0.00000000', '20000.00000000', '3we', NULL, '$', 1, '2023-04-25 07:02:42', '2023-04-25 07:02:42', 149),
(148, 1, 524, 3, '23113.00000000', '0.00000000', '23113.00000000', 'dsaadsasd', NULL, '$', 1, '2023-04-25 07:03:06', '2023-04-25 07:03:06', 150);

-- --------------------------------------------------------

--
-- Table structure for table `sessions`
--

CREATE TABLE `sessions` (
  `id` varchar(255) COLLATE utf8mb4_unicode_ci NOT NULL,
  `user_id` bigint(20) UNSIGNED DEFAULT NULL,
  `ip_address` varchar(45) COLLATE utf8mb4_unicode_ci DEFAULT NULL,
  `user_agent` text COLLATE utf8mb4_unicode_ci,
  `payload` text COLLATE utf8mb4_unicode_ci NOT NULL,
  `last_activity` int(11) NOT NULL
) ENGINE=InnoDB DEFAULT CHARSET=utf8mb4 COLLATE=utf8mb4_unicode_ci;

-- --------------------------------------------------------

--
-- Table structure for table `settings`
--

CREATE TABLE `settings` (
  `id` int(10) UNSIGNED NOT NULL,
  `key` varchar(255) COLLATE utf8mb4_unicode_ci NOT NULL,
  `display_name` varchar(255) COLLATE utf8mb4_unicode_ci DEFAULT NULL,
  `value` text COLLATE utf8mb4_unicode_ci,
  `details` text COLLATE utf8mb4_unicode_ci,
  `type` varchar(255) COLLATE utf8mb4_unicode_ci DEFAULT NULL,
  `order` int(11) NOT NULL DEFAULT '1',
  `group` varchar(255) COLLATE utf8mb4_unicode_ci DEFAULT NULL
) ENGINE=InnoDB DEFAULT CHARSET=utf8mb4 COLLATE=utf8mb4_unicode_ci;

--
-- Dumping data for table `settings`
--

INSERT INTO `settings` (`id`, `key`, `display_name`, `value`, `details`, `type`, `order`, `group`) VALUES
(1, 'site.title', 'Site Title', 'phpWallet', '', 'text', 2, 'Site'),
(2, 'site.description', 'Site Description', 'Site Description', '', 'text', 23, 'Site'),
(4, 'site.google_analytics_tracking_id', 'Google Analytics Tracking ID', NULL, '', 'text', 24, 'Site'),
(5, 'admin.bg_image', 'Admin Background Image', NULL, '', 'image', 5, 'Admin'),
(6, 'admin.title', 'Admin Title', 'phpWallet', '', 'text', 1, 'Admin'),
(7, 'admin.description', 'Admin Description', 'Welcome to phpWallet Backend. The Admininstration Area.', '', 'text', 2, 'Admin'),
(8, 'admin.loader', 'Admin Loader', NULL, '', 'image', 3, 'Admin'),
(9, 'admin.icon_image', 'Admin Icon Image', NULL, '', 'image', 4, 'Admin'),
(10, 'admin.google_analytics_client_id', 'Google Analytics Client ID (used for admin dashboard)', '106437665209-iqdqs0rgg4sumhi7oc039k6s0i5hvm88.apps.googleusercontent.com', '', 'text', 1, 'Admin'),
(11, 'site.site_name', 'Site Name', 'phpWallet', NULL, 'text', 22, 'Site'),
(13, 'merchant.merchant_fixed_fee', 'Merchant Fixed Fee', '3', NULL, 'text', 7, 'Merchant'),
(14, 'money-transfers.mt_percentage_fee', 'Money Transfer Percentage Fee', '2.9', NULL, 'text', 9, 'Money Transfers'),
(15, 'money-transfers.mt_fixed_fee', 'Money Transfer Fixed Fee', '3', NULL, 'text', 10, 'Money Transfers'),
(16, 'merchant.merchant_percentage_fee', 'Merchant Percentage Fee', '2.9', NULL, 'text', 11, 'Merchant'),
(18, 'footer.footer_text', 'Footer Text', '<p><a href=\"https://codecanyon.net/item/phpwallet-ewallet-and-online-payment-gateway-system/22049979\">phpWallet</a> is a Registered ICO, Inc. Georgia [a wholly owned subsidiary of U.S. Bancorp, Minneapolis, MN]</p>\r\n<p class=\"h6\">&copy; All right Reversed.<a class=\"text-green ml-2\" href=\"https://codecanyon.net/item/phpwallet-ewallet-and-online-payment-gateway-system/22049979\" target=\"_blank\" rel=\"noopener\">phpwallet</a></p>', NULL, 'rich_text_box', 12, 'Footer'),
(19, 'site.mobile_version_url', 'Mobile version URL', NULL, NULL, 'text', 30, 'Site'),
(21, 'site.color_theme', 'Color Theme', 'theme-green', '{\r\n    \"default\" : \"theme-green\",\r\n    \"options\" : {\r\n        \"theme-green\": \"Green\",\r\n        \"theme-blue\": \"Blue\",\r\n        \"theme-cyan\": \"Cyan\",\r\n        \"theme-blush\": \"Blush\",\r\n        \"theme-orange\": \"Orange\",\r\n        \"theme-purple\": \"Purple\"\r\n    }\r\n}', 'select_dropdown', 1, 'Site'),
(22, 'landing-page.headline_title', 'Headline Title', NULL, NULL, 'text', 16, 'Landing Page'),
(23, 'landing-page.headline_subtitle', 'Headline Subtitle', NULL, NULL, 'text', 17, 'Landing Page'),
(24, 'landing-page.headline_paragraph', 'Headline Paragraph', NULL, NULL, 'text_area', 18, 'Landing Page'),
(30, 'site.enable_text_logo', 'Enable Text Logo', '1', NULL, 'checkbox', 3, 'Site'),
(31, 'site.welcome_page_logo_url', 'Welcome Page Logo Url', 'https://lokzopay.xyz/storage/imgs/o0iL1zOlblp2NGoSpRfwFrfYkpUZn2PqDHEB5UGB.png', NULL, 'text', 15, 'Site'),
(33, 'admin.admin_email', 'Admin Email', 'pixelotetm@gmail.com', NULL, 'text', 25, 'Admin'),
(35, 'escrows.fixed_fee', 'Fixed Fee', '5', NULL, 'text', 26, 'Escrows'),
(36, 'escrows.percent_fee', 'Percent Fee', '1', NULL, 'text', 27, 'Escrows'),
(37, 'escrows.explainer_to_users', 'Explainer To Users', '<blockquote>\r\n<p style=\"box-sizing: inherit; font-family: Roboto, Helvetica, Arial, \'Microsoft Yahei\', 微软雅黑, STXihei, 华文细黑, sans-serif; margin: 0px 0px 2.4rem; padding: 0px; border: 0px; font-variant-numeric: inherit; font-variant-east-asian: inherit; font-stretch: inherit; font-size: 16px; line-height: inherit; vertical-align: baseline; color: #4f5759;\">An escrow is a financial arrangement where a third party holds and regulates payment of the funds required for two parties involved in a given transaction. It helps make transactions more secure by keeping the payment in a secure escrow account which is only released when all of the terms of an agreement are met as overseen by the escrow company.</p>\r\n</blockquote>\r\n<p style=\"box-sizing: inherit; font-family: Roboto, Helvetica, Arial, \'Microsoft Yahei\', 微软雅黑, STXihei, 华文细黑, sans-serif; margin: 0px 0px 2.4rem; padding: 0px; border: 0px; font-variant-numeric: inherit; font-variant-east-asian: inherit; font-stretch: inherit; font-size: 16px; line-height: inherit; vertical-align: baseline; color: #4f5759;\">&nbsp;</p>\r\n<ol style=\"box-sizing: inherit; font-family: Roboto, Helvetica, Arial, \'Microsoft Yahei\', 微软雅黑, STXihei, 华文细黑, sans-serif; margin: 0px 0px 2.4rem; padding: 0px 0px 0px 2.8rem; border: 0px; font-variant-numeric: inherit; font-variant-east-asian: inherit; font-stretch: inherit; font-size: 16px; line-height: inherit; vertical-align: baseline; list-style-position: initial; list-style-image: initial; color: #4f5759;\" type=\"1\">\r\n<li style=\"box-sizing: inherit; font-family: inherit; margin: 0px; padding: 0px 0px 0px 0.8rem; border: 0px; font-style: inherit; font-variant: inherit; font-weight: inherit; font-stretch: inherit; font-size: inherit; line-height: 1.75; vertical-align: baseline;\"><span style=\"box-sizing: inherit; font-family: inherit; margin: 0px; padding: 0px; border: 0px; font-style: inherit; font-variant: inherit; font-stretch: inherit; font-size: inherit; line-height: inherit; vertical-align: baseline;\">Buyer and Seller agree to terms -</span>&nbsp;the Buyer begins a transaction. After creating an Escrow, all parties have agreed before to the terms of the transaction.</li>\r\n<li style=\"box-sizing: inherit; font-family: inherit; margin: 0px; padding: 0px 0px 0px 0.8rem; border: 0px; font-style: inherit; font-variant: inherit; font-weight: inherit; font-stretch: inherit; font-size: inherit; line-height: 1.75; vertical-align: baseline;\"><span style=\"box-sizing: inherit; font-family: inherit; margin: 0px; padding: 0px; border: 0px; font-style: inherit; font-variant: inherit; font-stretch: inherit; font-size: inherit; line-height: inherit; vertical-align: baseline;\">Buyer sends payment to seller -</span>&nbsp;The Buyer submits a payment by existing seller wallet account, we verifie the payment, the Seller is notified that funds have been secured \'In Escrow\'.</li>\r\n<li style=\"box-sizing: inherit; font-family: inherit; margin: 0px; padding: 0px 0px 0px 0.8rem; border: 0px; font-style: inherit; font-variant: inherit; font-weight: inherit; font-stretch: inherit; font-size: inherit; line-height: 1.75; vertical-align: baseline;\"><span style=\"box-sizing: inherit; font-family: inherit; margin: 0px; padding: 0px; border: 0px; font-style: inherit; font-variant: inherit; font-stretch: inherit; font-size: inherit; line-height: inherit; vertical-align: baseline;\">Seller ships merchandise to Buyer -</span>&nbsp;Upon payment verification, the Seller is authorised to send the merchandise and submit tracking information. we verifie that the Buyer receives the merchandise.</li>\r\n<li style=\"box-sizing: inherit; font-family: inherit; margin: 0px; padding: 0px 0px 0px 0.8rem; border: 0px; font-style: inherit; font-variant: inherit; font-weight: inherit; font-stretch: inherit; font-size: inherit; line-height: 1.75; vertical-align: baseline;\"><span style=\"box-sizing: inherit; font-family: inherit; margin: 0px; padding: 0px; border: 0px; font-style: inherit; font-variant: inherit; font-stretch: inherit; font-size: inherit; line-height: inherit; vertical-align: baseline;\">Buyer accepts merchandise -</span>&nbsp;The Buyer has a set number of days to inspect the merchandise and the option to accept or reject it. The Buyer accepts the merchandise</li>\r\n<li style=\"box-sizing: inherit; font-family: inherit; margin: 0px; padding: 0px 0px 0px 0.8rem; border: 0px; font-style: inherit; font-variant: inherit; font-weight: inherit; font-stretch: inherit; font-size: inherit; line-height: 1.75; vertical-align: baseline;\"><span style=\"box-sizing: inherit; font-family: inherit; margin: 0px; padding: 0px; border: 0px; font-style: inherit; font-variant: inherit; font-stretch: inherit; font-size: inherit; line-height: inherit; vertical-align: baseline;\">Buyer releases payment to seller -</span>&nbsp;we release the holded funds to the seller from the Escrow Account.</li>\r\n</ol>\r\n<p><strong>&nbsp;</strong></p>', NULL, 'rich_text_box', 29, 'Escrows'),
(38, 'escrows.hpd', 'Holding Period in Days', '21', NULL, 'text', 28, 'Escrows'),
(39, 'site.logo_url', 'Site Logo URL ( 90x40 )', 'https://lokzopay.xyz/storage/imgs/o0iL1zOlblp2NGoSpRfwFrfYkpUZn2PqDHEB5UGB.png', NULL, 'text', 6, 'Site'),
(40, 'site.demo_mode', 'Demo Mode', '1', NULL, 'checkbox', 31, 'Site'),
(41, 'site.voucher_subdomain', 'Voucher Subdomain', 'https://vouchers.dxtrader.xyz/public', NULL, 'text', 32, 'Site'),
(42, 'pages.faq', 'FAQ', '<p>Editable Content !s</p>', NULL, 'rich_text_box', 33, 'pages'),
(43, 'pages.about', 'About', '<p>Editable Content !</p>', NULL, 'rich_text_box', 34, 'pages'),
(44, 'pages.terms_of_use', 'Terms of Use', '<p>Editable Content !</p>', NULL, 'rich_text_box', 35, 'pages'),
(45, 'pages.privacy_policy', 'Privacy Policy', '<p>Editable Content !</p>', NULL, 'rich_text_box', 36, 'pages'),
(46, 'pages.tutorials', 'Tutorials', '<p>Editable Content !</p>', NULL, 'rich_text_box', 37, 'pages'),
(47, 'cards.vt_fixed_fee', 'virtual card fixed fee', '5', NULL, 'text', 38, 'Cards'),
(48, 'cards.vt_fercentage_fee', 'virtual card percentage fee', '2', NULL, 'text', 39, 'Cards'),
(49, 'cards.vt_min', 'minimum virtual card amount', '10', NULL, 'text', 40, 'Cards'),
(50, 'cards.vt_max', 'maximum virtual card amount', '2000', NULL, 'text', 41, 'Cards'),
(52, 'general.gift_card_fee', 'general', '', NULL, 'text', 42, 'general'),
(84, 'site_name', NULL, 'phpwallet', NULL, NULL, 1, NULL),
(85, 'site_url', NULL, 'https://phpwallet.codesviral.com/', NULL, NULL, 1, NULL),
(86, 'admin_email', NULL, 'admin@admin.com', NULL, NULL, 1, NULL),
(87, 'title', NULL, 'e-wallet and online payment gateway system', NULL, NULL, 1, NULL),
(88, 'merchant_fixed_fee', NULL, '5', NULL, NULL, 1, NULL),
(89, 'merchant_percentage_fee', NULL, '5', NULL, NULL, 1, NULL),
(90, 'mt_percentage_fee', NULL, '5', NULL, NULL, 1, NULL),
(91, 'mt_fixed_fee', NULL, '5', NULL, NULL, 1, NULL),
(92, 'fixed_fee', NULL, '5', NULL, NULL, 1, NULL),
(93, 'percent_fee', NULL, '0', NULL, NULL, 1, NULL),
(94, 'deposit_fixed_fee', NULL, '2', NULL, NULL, 1, NULL),
(95, 'deposit_percentage_fee', NULL, '3', NULL, NULL, 1, NULL),
(96, 'withdraw_percentage_fee', NULL, '5', NULL, NULL, 1, NULL),
(97, 'withdraw_fixed_fee', NULL, '4', NULL, NULL, 1, NULL),
(98, 'site_icon', NULL, 'https://phpwallet.codesviral.com/assets/newfront/img/icon.png', NULL, NULL, 1, NULL),
(99, 'site_logo', NULL, 'https://phpwallet.codesviral.com/assets/newfront/img/phpwallet-logo.png', NULL, NULL, 1, NULL),
(100, 'stro_publickey', NULL, 'EOX2HRN', NULL, NULL, 1, NULL),
(101, 'paypal_email', NULL, 'sb-sscmj25444437@business.example.com', NULL, NULL, 1, NULL),
(102, 'stripe_secret', NULL, 'sk_test_1DHMuvCSVv10AyzRZ6uJyDR4', NULL, NULL, 1, NULL),
(103, 'stripe_public', NULL, 'pk_test_4jnujvHvzp94MxzAlC6oNdJo', NULL, NULL, 1, NULL),
(104, 'flutter_public', NULL, 'FLWPUBK_TEST-b4ef43cbbf5c226c36abca4bc8923884-X', NULL, NULL, 1, NULL),
(105, 'flutter_secret', NULL, 'FLWSECK_TEST-616c46021d624a568ce6a1414229ae15-X', NULL, NULL, 1, NULL),
(106, 'paystack_secret', NULL, 'sk_test_f78b7e8f1b9adc6a83ba14280587be219f340437', NULL, NULL, 1, NULL),
(107, 'paystack_public', NULL, 'pk_test_6b043013d490136699a209ebeec1203650107b0a', NULL, NULL, 1, NULL),
(108, 'instamojo_ApiKey', NULL, 'test_2241633c3bc44a3de84a3b33969', NULL, NULL, 1, NULL),
(109, 'instamojo_AuthTokenKey', NULL, 'test_279f083f7bebefd35217feef22d', NULL, NULL, 1, NULL),
(110, 'razorpay_keyId', NULL, 'rzp_test_kiOtejPbRZU90E', NULL, NULL, 1, NULL),
(111, 'razorpay_Secretkey', NULL, 'osRDebzEqbsE1kbyQJ4y0re7', NULL, NULL, 1, NULL),
(112, 'Mollie_ApiKey', NULL, 'test_cucfwKTWfft9s337qsVfn5CC4vNkrn', NULL, NULL, 1, NULL),
(113, 'reloadly_client_id', NULL, '9i6KpWSlPhE6GS1kaxaxWZLcJVPCOAAj', NULL, NULL, 1, NULL),
(114, 'reloadly_client_secret', NULL, 'h94yXg02wF0iKXbu_H1gz50b8RKAUmVj3JKzPBQyfYckN_wQESxOeoRq1KFrLm_h', NULL, NULL, 1, NULL);

-- --------------------------------------------------------

--
-- Table structure for table `ticketcategories`
--

CREATE TABLE `ticketcategories` (
  `id` bigint(20) UNSIGNED NOT NULL,
  `name` varchar(255) COLLATE utf8mb4_unicode_ci DEFAULT NULL,
  `created_at` timestamp NULL DEFAULT NULL,
  `updated_at` timestamp NULL DEFAULT NULL
) ENGINE=InnoDB DEFAULT CHARSET=utf8mb4 COLLATE=utf8mb4_unicode_ci;

--
-- Dumping data for table `ticketcategories`
--

INSERT INTO `ticketcategories` (`id`, `name`, `created_at`, `updated_at`) VALUES
(1, 'Virtul card', '2022-12-30 22:26:11', '2022-12-30 22:26:11'),
(2, 'Billing', '2022-12-30 22:26:26', '2022-12-30 22:26:26'),
(3, 'Merchant', '2022-12-30 22:26:40', '2022-12-30 22:26:40'),
(4, 'General Support', '2022-12-30 22:26:54', '2022-12-30 22:26:54');

-- --------------------------------------------------------

--
-- Table structure for table `ticketcomments`
--

CREATE TABLE `ticketcomments` (
  `id` bigint(20) UNSIGNED NOT NULL,
  `user_id` bigint(20) UNSIGNED NOT NULL,
  `ticket_id` text COLLATE utf8mb4_unicode_ci,
  `comment` text COLLATE utf8mb4_unicode_ci,
  `created_at` timestamp NULL DEFAULT NULL,
  `updated_at` timestamp NULL DEFAULT NULL
) ENGINE=InnoDB DEFAULT CHARSET=utf8mb4 COLLATE=utf8mb4_unicode_ci;

--
-- Dumping data for table `ticketcomments`
--

INSERT INTO `ticketcomments` (`id`, `user_id`, `ticket_id`, `comment`, `created_at`, `updated_at`) VALUES
(1, 352, 'I2EHURQYTO', 'thanks for his', '2023-02-05 16:41:23', '2023-02-05 16:41:23'),
(2, 352, '1', 'sadsadsa', '2023-02-05 17:10:42', '2023-02-05 17:10:42'),
(3, 352, '3', 'ggggggggggggggggg', '2023-02-05 17:11:16', '2023-02-05 17:11:16'),
(4, 352, '5', 'ggggggggggggggggggggg', '2023-02-05 17:11:29', '2023-02-05 17:11:29'),
(5, 352, '5', 'good', '2023-02-05 17:18:39', '2023-02-05 17:18:39'),
(6, 1, '6', '77777', '2023-04-17 08:41:36', '2023-04-17 08:41:36');

-- --------------------------------------------------------

--
-- Table structure for table `tickets`
--

CREATE TABLE `tickets` (
  `id` bigint(20) UNSIGNED NOT NULL,
  `user_id` bigint(20) UNSIGNED NOT NULL,
  `ticketcategory_id` bigint(20) UNSIGNED NOT NULL,
  `ticket_id` text COLLATE utf8mb4_unicode_ci,
  `title` varchar(255) COLLATE utf8mb4_unicode_ci DEFAULT NULL,
  `priority` varchar(255) COLLATE utf8mb4_unicode_ci DEFAULT NULL,
  `message` text COLLATE utf8mb4_unicode_ci,
  `status` varchar(255) COLLATE utf8mb4_unicode_ci DEFAULT NULL,
  `created_at` timestamp NULL DEFAULT NULL,
  `updated_at` timestamp NULL DEFAULT NULL
) ENGINE=InnoDB DEFAULT CHARSET=utf8mb4 COLLATE=utf8mb4_unicode_ci;

--
-- Dumping data for table `tickets`
--

INSERT INTO `tickets` (`id`, `user_id`, `ticketcategory_id`, `ticket_id`, `title`, `priority`, `message`, `status`, `created_at`, `updated_at`) VALUES
(1, 352, 1, 'ZF93XNHRMR', 'Demo', 'medium', 'fsafsafsdf', 'Closed', '2023-02-05 16:22:50', '2023-02-05 17:15:40'),
(2, 352, 1, 'LHTPCQITJ7', 'Demo', 'medium', 'fsafsafsdf', 'Open', '2023-02-05 16:26:03', '2023-02-05 16:26:03'),
(3, 352, 1, 'SMMYCTBU6E', 'Demo', 'medium', 'gdfsgsdfgdfgfsdg', 'Open', '2023-02-05 16:26:29', '2023-02-05 16:26:29'),
(4, 352, 1, 'FUEXYPWQQQ', 'Demo', 'medium', 'fsafsafsdf', 'Open', '2023-02-05 16:28:58', '2023-02-05 16:28:58'),
(5, 352, 1, 'I2EHURQYTO', 'wow', 'high', 'Good', 'Closed', '2023-02-05 16:30:31', '2023-02-05 17:18:57'),
(6, 1, 4, 'EWPZ4RPJP9', 'Test', 'high', 'Test', 'Open', '2023-02-07 15:26:27', '2023-02-07 15:26:27'),
(7, 520, 1, 'Y72BNTHSLY', 'Card', 'high', 'Hello', 'Open', '2023-02-18 12:41:13', '2023-02-18 12:41:13'),
(8, 1, 1, 'LOV9CE8UKQ', 'Abv', 'high', 'Abv', 'Open', '2023-02-19 12:24:04', '2023-02-19 12:24:04'),
(9, 1, 3, 'ADTNGSFBPM', 'ss', 'medium', 'sss', 'Open', '2023-02-19 19:50:25', '2023-02-19 19:50:25'),
(10, 1, 3, 'JOZUDJQZDW', 'luna gaming', 'high', 'someone cheated me', 'Open', '2023-03-05 23:06:45', '2023-03-05 23:06:45'),
(11, 1, 1, 'TKKUSLYNBQ', 'hgtytrtrtry', 'high', 'y--uythgtrythyt', 'Open', '2023-03-24 18:06:12', '2023-03-24 18:06:12');

-- --------------------------------------------------------

--
-- Table structure for table `trades`
--

CREATE TABLE `trades` (
  `id` bigint(20) UNSIGNED NOT NULL,
  `user_id` bigint(20) UNSIGNED NOT NULL,
  `trader_id` bigint(20) UNSIGNED DEFAULT NULL,
  `currency_id` bigint(20) UNSIGNED NOT NULL,
  `wallet_id` bigint(20) UNSIGNED NOT NULL,
  `buy_sell` tinyint(1) NOT NULL,
  `price` decimal(16,8) NOT NULL DEFAULT '0.00000000',
  `quantity` decimal(16,8) NOT NULL DEFAULT '0.00000000',
  `is_crypto` tinyint(1) NOT NULL DEFAULT '0',
  `status_name` varchar(191) COLLATE utf8mb4_unicode_ci NOT NULL DEFAULT 'active',
  `state` int(11) NOT NULL DEFAULT '1',
  `created_at` timestamp NULL DEFAULT NULL,
  `updated_at` timestamp NULL DEFAULT NULL
) ENGINE=MyISAM DEFAULT CHARSET=utf8mb4 COLLATE=utf8mb4_unicode_ci;

--
-- Dumping data for table `trades`
--

INSERT INTO `trades` (`id`, `user_id`, `trader_id`, `currency_id`, `wallet_id`, `buy_sell`, `price`, `quantity`, `is_crypto`, `status_name`, `state`, `created_at`, `updated_at`) VALUES
(75, 1, NULL, 6, 25, 1, '5.00000000', '60.00000000', 1, 'Removed from the market', 0, '2023-04-20 20:23:21', '2023-04-21 19:40:57'),
(74, 1, NULL, 2, 35, 0, '600.00000000', '500.00000000', 0, 'Removed from the market', 0, '2023-04-14 12:19:59', '2023-04-20 20:18:39'),
(73, 1, NULL, 2, 35, 0, '5.00000000', '5.00000000', 0, 'Removed from the market', 0, '2023-04-09 19:43:48', '2023-04-20 20:18:34'),
(72, 1, NULL, 4, 43, 1, '5.00000000', '5.00000000', 0, 'Removed from the market', 0, '2023-04-09 10:47:25', '2023-04-09 10:47:36'),
(71, 1, NULL, 2, 35, 0, '58.00000000', '50.00000000', 0, 'Removed from the market', 0, '2023-04-08 14:24:07', '2023-04-09 09:30:32'),
(70, 1, NULL, 2, 35, 0, '10.00000000', '10.00000000', 0, 'Removed from the market', 0, '2023-04-08 03:04:39', '2023-04-08 16:36:21'),
(69, 1, NULL, 2, 35, 0, '5.00000000', '5.00000000', 0, 'Removed from the market', 0, '2023-04-06 18:11:24', '2023-04-08 16:36:17'),
(68, 1, NULL, 13, 71, 1, '2.00000000', '2.00000000', 0, 'Removed from the market', 0, '2023-04-05 16:05:17', '2023-04-05 16:05:34'),
(67, 1, NULL, 2, 35, 0, '6.00000000', '5.00000000', 0, 'Removed from the market', 0, '2023-04-02 13:41:37', '2023-04-06 06:58:17'),
(66, 1, NULL, 2, 35, 0, '5.00000000', '5.02000000', 0, 'Removed from the market', 0, '2023-04-01 08:34:07', '2023-04-02 13:42:18'),
(65, 1, NULL, 2, 35, 1, '5.00000000', '5.00000000', 0, 'Removed from the market', 0, '2023-03-30 22:17:28', '2023-03-31 10:37:08'),
(64, 1, NULL, 2, 35, 0, '1.50000000', '2.00000000', 0, 'Removed from the market', 0, '2023-03-26 20:43:47', '2023-03-27 02:30:38'),
(62, 1, NULL, 4, 43, 0, '2.00000000', '0.00000000', 0, 'Liquidated', 2, '2023-03-21 20:14:07', '2023-03-21 20:20:54'),
(63, 1, NULL, 2, 35, 0, '5.00000000', '5.00000000', 0, 'Removed from the market', 0, '2023-03-26 10:13:56', '2023-03-26 10:14:46'),
(61, 1, NULL, 2, 35, 1, '5.00000000', '4.00000000', 0, 'Removed from the market', 0, '2023-03-19 05:45:13', '2023-03-20 07:32:22'),
(60, 1, NULL, 10, 41, 0, '5.00000000', '1.00000000', 0, 'Removed from the market', 0, '2023-03-15 12:14:30', '2023-03-15 12:14:50'),
(59, 1, NULL, 4, 43, 1, '5.00000000', '5.00000000', 0, 'Removed from the market', 0, '2023-03-12 02:13:10', '2023-03-12 23:39:16'),
(58, 1, NULL, 4, 43, 0, '5.00000000', '100.00000000', 0, 'Removed from the market', 0, '2023-03-05 23:00:06', '2023-03-07 18:38:48'),
(57, 1, NULL, 6, 25, 1, '1.00000000', '123.31000000', 1, 'Removed from the market', 0, '2023-02-26 17:08:09', '2023-02-26 17:08:23'),
(55, 1, NULL, 2, 35, 0, '11.00000000', '1.00000000', 0, 'Removed from the market', 0, '2023-02-25 17:47:25', '2023-03-05 22:33:21'),
(53, 1, NULL, 4, 43, 0, '15.00000000', '10.00000000', 0, 'Removed from the market', 0, '2023-02-23 02:10:20', '2023-02-23 02:10:47'),
(54, 1, NULL, 2, 35, 0, '48.00000000', '50.00000000', 0, 'Removed from the market', 0, '2023-02-25 14:55:40', '2023-03-07 18:39:09'),
(56, 1, NULL, 6, 25, 1, '0.00000000', '0.07000000', 1, 'Removed from the market', 0, '2023-02-25 22:17:05', '2023-02-25 22:17:35'),
(52, 1, NULL, 2, 35, 0, '1.00000000', '5.00000000', 0, 'Removed from the market', 0, '2023-02-22 12:19:00', '2023-02-23 02:10:51');

-- --------------------------------------------------------

--
-- Table structure for table `transactionable`
--

CREATE TABLE `transactionable` (
  `id` bigint(20) UNSIGNED NOT NULL,
  `user_id` bigint(20) UNSIGNED NOT NULL,
  `request_id` text COLLATE utf8mb4_unicode_ci,
  `transactionable_id` text COLLATE utf8mb4_unicode_ci,
  `transactionable_type` varchar(191) COLLATE utf8mb4_unicode_ci DEFAULT NULL,
  `entity_id` text COLLATE utf8mb4_unicode_ci,
  `entity_name` varchar(191) COLLATE utf8mb4_unicode_ci NOT NULL,
  `transaction_state_id` int(11) NOT NULL,
  `currency` varchar(191) COLLATE utf8mb4_unicode_ci DEFAULT NULL,
  `activity_title` varchar(191) COLLATE utf8mb4_unicode_ci NOT NULL,
  `money_flow` varchar(191) COLLATE utf8mb4_unicode_ci NOT NULL,
  `gross` decimal(19,8) NOT NULL,
  `fee` decimal(16,8) NOT NULL,
  `net` decimal(19,8) NOT NULL,
  `balance` decimal(19,8) DEFAULT NULL,
  `json_data` text COLLATE utf8mb4_unicode_ci,
  `currency_symbol` varchar(255) COLLATE utf8mb4_unicode_ci DEFAULT NULL,
  `thumb` varchar(191) COLLATE utf8mb4_unicode_ci NOT NULL DEFAULT 'users/default.png',
  `currency_id` bigint(20) UNSIGNED NOT NULL,
  `created_at` timestamp NULL DEFAULT NULL,
  `updated_at` timestamp NULL DEFAULT NULL
) ENGINE=InnoDB DEFAULT CHARSET=utf8mb4 COLLATE=utf8mb4_unicode_ci;

--
-- Dumping data for table `transactionable`
--

INSERT INTO `transactionable` (`id`, `user_id`, `request_id`, `transactionable_id`, `transactionable_type`, `entity_id`, `entity_name`, `transaction_state_id`, `currency`, `activity_title`, `money_flow`, `gross`, `fee`, `net`, `balance`, `json_data`, `currency_symbol`, `thumb`, `currency_id`, `created_at`, `updated_at`) VALUES
(1921, 1, 'ORDS6447abee8c7eb', NULL, NULL, '1', 'Us Dollar', 1, NULL, 'Auto Deposit', '+', '10.00000000', '1.10000000', '10.00000000', '10.64000000', NULL, '$', 'https://lokzopay.xyz/storage/imgs/f69GErxULTk3nt5HHoN79nvdTm0CddNRrGnilcMh.png', 1, '2023-04-25 10:36:16', '2023-04-25 10:36:16'),
(1922, 489, 'ORDS6447ad850883f', NULL, NULL, '489', 'Us Dollar', 1, NULL, 'Payment Link', '+', '5.00000000', '0.00000000', '5.00000000', '496.30000000', NULL, '$', 'https://lokzopay.xyz/storage/imgs/f69GErxULTk3nt5HHoN79nvdTm0CddNRrGnilcMh.png', 1, '2023-04-25 10:38:16', '2023-04-25 10:38:16'),
(1923, 1, 'ORDS6447aef5f31d3', NULL, NULL, '1', 'Us Dollar', 1, NULL, 'Auto Deposit', '+', '10.00000000', '1.10000000', '10.00000000', '20.64000000', NULL, '$', 'https://lokzopay.xyz/storage/imgs/f69GErxULTk3nt5HHoN79nvdTm0CddNRrGnilcMh.png', 1, '2023-04-25 10:44:42', '2023-04-25 10:44:42');

-- --------------------------------------------------------

--
-- Table structure for table `transaction_states`
--

CREATE TABLE `transaction_states` (
  `id` bigint(20) UNSIGNED NOT NULL,
  `name` varchar(255) COLLATE utf8mb4_unicode_ci NOT NULL,
  `json_data` text COLLATE utf8mb4_unicode_ci,
  `created_at` timestamp NULL DEFAULT NULL,
  `updated_at` timestamp NULL DEFAULT NULL
) ENGINE=InnoDB DEFAULT CHARSET=utf8mb4 COLLATE=utf8mb4_unicode_ci;

--
-- Dumping data for table `transaction_states`
--

INSERT INTO `transaction_states` (`id`, `name`, `json_data`, `created_at`, `updated_at`) VALUES
(1, 'Completed', NULL, '2018-05-21 06:22:38', '2018-05-21 06:22:38'),
(2, 'Canceled', NULL, '2018-05-21 06:19:57', '2018-05-21 06:19:57'),
(3, 'Pending', NULL, '2018-05-21 06:19:00', '2018-05-21 06:20:22');

-- --------------------------------------------------------

--
-- Table structure for table `transfer_methods`
--

CREATE TABLE `transfer_methods` (
  `id` bigint(20) UNSIGNED NOT NULL,
  `currency_id` bigint(20) UNSIGNED NOT NULL,
  `name` text COLLATE utf8mb4_unicode_ci,
  `accont_identifier_mechanism` text COLLATE utf8mb4_unicode_ci,
  `how_to_deposit` text COLLATE utf8mb4_unicode_ci,
  `how_to_withdraw` text COLLATE utf8mb4_unicode_ci,
  `days_to_process_transfer` int(11) NOT NULL DEFAULT '1',
  `is_active` tinyint(1) NOT NULL DEFAULT '1',
  `deleted_at` timestamp NULL DEFAULT NULL,
  `created_at` timestamp NULL DEFAULT NULL,
  `updated_at` timestamp NULL DEFAULT NULL,
  `deposit_percentage_fee` decimal(16,8) DEFAULT '0.00000000',
  `deposit_fixed_fee` decimal(16,8) DEFAULT '0.00000000',
  `withdraw_percentage_fee` decimal(16,8) DEFAULT '0.00000000',
  `withdraw_fixed_fee` decimal(16,8) DEFAULT '0.00000000',
  `thumbnail` longtext COLLATE utf8mb4_unicode_ci,
  `merchant_fixed_fee` decimal(16,8) DEFAULT '0.00000000',
  `merchant_percentage_fee` decimal(16,8) DEFAULT '0.00000000',
  `mobile_thumbnail` longtext COLLATE utf8mb4_unicode_ci,
  `is_hidden` tinyint(1) DEFAULT '0',
  `is_system` tinyint(1) DEFAULT '0'
) ENGINE=MyISAM DEFAULT CHARSET=utf8mb4 COLLATE=utf8mb4_unicode_ci;

--
-- Dumping data for table `transfer_methods`
--

INSERT INTO `transfer_methods` (`id`, `currency_id`, `name`, `accont_identifier_mechanism`, `how_to_deposit`, `how_to_withdraw`, `days_to_process_transfer`, `is_active`, `deleted_at`, `created_at`, `updated_at`, `deposit_percentage_fee`, `deposit_fixed_fee`, `withdraw_percentage_fee`, `withdraw_fixed_fee`, `thumbnail`, `merchant_fixed_fee`, `merchant_percentage_fee`, `mobile_thumbnail`, `is_hidden`, `is_system`) VALUES
(1, 11, '[ KENYA ] - MPESA', '[ KES ] - MPESA Mobile Number', '<p>To add credit into your kenian Shiling MPESA Wallet, Transfer&nbsp; the amount you wish to add&nbsp; to the MPESA number bellow and upload a picture or screenshot of your transfer with this form.</p>\r\n<p>&nbsp;+234&nbsp;234 57 56 43 23 - Lamb John Store</p>\r\n<p>&nbsp;Our Agents will be reviewing and adding credit to your wallet 24 hours after your uploaded receipts.</p>', '<p>&nbsp;Provide your [KES]&nbsp;<em>- Kenian Shiling</em>&nbsp;Bank Account number address bellow, and your withdrawal will be processed within a day.</p>', 1, 1, NULL, '2021-03-24 14:44:00', '2021-08-27 11:38:14', '2.00000000', '1.00000000', '0.00000000', '1.00000000', 'https://devv2.dxtrader.xyz/storage/transfer-methods/mpesa-even.png', '0.00000000', '0.00000000', NULL, 0, 0),
(6, 1, 'RazorPay', 'RazorPay email', '<p>To add credit into your RazorPay Wallet you need to follow 3 steps.</p>\r\n<ol>\r\n<li>Go to&nbsp;https://razorpay.com/ and log into your account, then transfer the amount that you want to add in your RazorPay wallet here to the email transactions@phpwalletinc.com</li>\r\n<li>Come back to this website and upload a screenshot of your transfer receit&nbsp; in https://razorpay.com/&nbsp;in this form.</li>\r\n<li>wait for our agents to check your deposit request and release your funds in your razorpay wallet here. the reviewing process can take up to 24h.</li>\r\n</ol>', '<p>To take your money from your RazorPay Wallet you need to follow 3 steps.</p>\r\n<ol>\r\n<li>start a withdraw request using this form</li>\r\n<li>wait for our reviewers to confirm your request. the reviewing process can take up to 48h.</li>\r\n<li>check your money in https://razorpay.com/&nbsp;</li>\r\n</ol>', 2, 1, NULL, '2021-08-27 11:22:15', '2021-08-27 11:22:15', '5.00000000', '2.00000000', '5.00000000', '1.00000000', 'https://devv2.dxtrader.xyz/storage/transfer-methods/razor-even.png', '0.00000000', '0.00000000', NULL, 0, 0),
(3, 1, 'Local Bank', 'Local Bank Account Number', '<p>Transfer the amount that you wish to deposit to the Local Bank account number below and upload the Local Bank deposit receipt</p>\r\n<p>&nbsp;Local Bank Account Number <strong>294367892.</strong></p>\r\n<p>After a successfull Bank transfer and receipt upload, our team of reviewers will process your deposit request and add credit to your wallet.</p>', '<p>Enter the withdraw amount and wait X days untill the amount reflects on your Local Bank acount.</p>', 1, 1, NULL, '2021-06-14 17:22:00', '2022-01-27 13:11:50', '0.00000000', '1.00000000', '0.00000000', '1.00000000', 'https://devv2.dxtrader.xyz/storage/transfer-methods/localbank-odd.png', '0.00000000', '0.00000000', NULL, 0, 0),
(5, 1, 'PayTm', 'PayTm email', '<p>To add credit into your RazorPay Wallet you need to follow 3 steps.</p>\r\n<ol>\r\n<li>Go to&nbsp;https://paytm.com/ and log into your account, then transfer the amount that you want to add in your PayTm wallet here to the email transactions@phpwalletinc.com</li>\r\n<li>Come back to this website and upload a screenshot of your transfer receit&nbsp; in https://paytm.com/&nbsp;in this form.</li>\r\n<li>wait for our agents to check your deposit request and release your funds in your PayTm wallet here. the reviewing process can take up to 24h.</li>\r\n</ol>', '<p>To take your money from your PayTm Wallet you need to follow 3 steps.</p>\r\n<ol>\r\n<li>start a withdraw request using this form</li>\r\n<li>wait for our reviewers to confirm your request. the reviewing process can take up to 48h.</li>\r\n<li>check your money in https://paytm.com/</li>\r\n</ol>', 2, 1, NULL, '2021-08-27 11:27:08', '2021-08-27 11:27:08', '5.00000000', '1.00000000', '5.00000000', '1.00000000', 'https://devv2.dxtrader.xyz/storage/transfer-methods/paytm-odd.png', '0.00000000', '0.00000000', NULL, 0, 0),
(7, 1, 'Stripe', 'Stripe email', '<p>To add credit into your Stripr Wallet you need to use click link</p>\r\n<p><span class=\"selectable-text copyable-text\"><a href=\"/en/buyvoucher/stripe\">CONTINUE</a></span></p>', NULL, 2, 0, NULL, '2021-08-27 11:40:00', '2023-02-05 18:54:29', '5.00000000', '1.00000000', '5.00000000', '1.00000000', 'https://devv2.dxtrader.xyz/storage/transfer-methods/stripe-odd.png', '0.00000000', '0.00000000', NULL, 0, 0),
(28, 10, 'flutterwave', NULL, '<p>v</p>', '<p>v</p>', 1, 1, NULL, '2022-12-04 16:32:39', '2022-12-04 16:32:39', NULL, NULL, NULL, NULL, 'http://paytelex.com/assets/images/flutterwave.png', NULL, NULL, NULL, 0, 0),
(29, 1, 'UPI Payment', NULL, NULL, NULL, 1, 1, NULL, '2023-01-21 06:54:53', '2023-01-21 06:54:53', NULL, NULL, NULL, NULL, 'https://i.ibb.co/V2N8Jqh/upi-1674281887725.png', NULL, NULL, 'https://i.ibb.co/V2N8Jqh/upi-1674281887725.png', 0, 1),
(30, 10, 'India', 'UPI', '<p>UPI</p>', '<p>UPI</p>', 0, 1, NULL, '2023-01-21 11:07:34', '2023-01-21 11:07:34', '1.00000000', '1.00000000', '1.00000000', '1.00000000', NULL, '1.00000000', '1.00000000', NULL, 0, 0),
(31, 10, 'dev', 'dev', '<p>dev</p>', '<p>dev</p>', 1, 1, NULL, '2023-01-21 11:14:56', '2023-01-21 11:14:56', '1.00000000', '1.00000000', '1.00000000', '1.00000000', NULL, '1.00000000', '1.00000000', NULL, 0, 0),
(8, 1, 'PayPal', 'PayPal email', '<p>To add credit into your PayPal Wallet you need to follow 3 steps.</p>\r\n<ol>\r\n<li>Go to&nbsp;https://paypal.com/ and log into your account, then transfer the amount that you want to add in your PayPal wallet here to the email transactions@phpwalletinc.com</li>\r\n<li>Come back to this website and upload a screenshot of your transfer receit&nbsp; in https://paypal.com/&nbsp;in this form.</li>\r\n<li>wait for our agents to check your deposit request and release your funds in your payPal wallet here. the reviewing process can take up to 24h.</li>\r\n</ol>', '<p>To take your money from your PayPal Wallet you need to follow 3 steps.</p>\r\n<ol>\r\n<li>start a withdraw request using this form</li>\r\n<li>wait for our reviewers to confirm your request. the reviewing process can take up to 48h.</li>\r\n<li>check your money in https://paypal.com/</li>\r\n</ol>', 2, 1, NULL, '2021-08-27 11:44:04', '2021-08-27 11:44:04', '5.00000000', '1.00000000', '5.00000000', '1.00000000', 'https://devv2.dxtrader.xyz/storage/transfer-methods/paypal-even.png', '0.00000000', '0.00000000', NULL, 0, 0),
(9, 11, '[ lesotho ] - MPESA', '[ M] - MPESA Mobile Number', '<p>To add credit into your Maloti MPESA Wallet, Transfer&nbsp; the amount you wish to add&nbsp; to the MPESA number bellow and upload a picture or screenshot of your transfer with this form.</p>\r\n<p>&nbsp;+234&nbsp;234 57 56 43 23 - Lamb John Store</p>\r\n<p>&nbsp;Our Agents will be reviewing and adding credit to your wallet 24 hours after your uploaded receipts.</p>', '<p>&nbsp;Provide your [M]&nbsp;<em>- Maloti</em>&nbsp;Bank Account number address bellow, and your withdrawal will be processed within a day.</p>', 1, 1, NULL, '2021-03-24 14:44:00', '2021-08-27 11:38:14', '2.00000000', '1.00000000', '0.00000000', '1.00000000', 'https://devv2.dxtrader.xyz/storage/transfer-methods/mpesa-odd.png', '0.00000000', '0.00000000', NULL, 0, 0),
(10, 11, '[ Mozambique ] - MPESA', '[ MZN ] - MPESA Mobile Number', '<p>To add credit into your Metical MPESA Wallet, Transfer&nbsp; the amount you wish to add&nbsp; to the MPESA number bellow and upload a picture or screenshot of your transfer with this form.</p>\r\n<p>&nbsp;+234&nbsp;234 57 56 43 23 - Lamb John Store</p>\r\n<p>&nbsp;Our Agents will be reviewing and adding credit to your wallet 24 hours after your uploaded receipts.</p>', '<p>&nbsp;Provide your [MZN]&nbsp;<em>- Maloti</em>&nbsp;Bank Account number address bellow, and your withdrawal will be processed within a day.</p>', 1, 1, NULL, '2021-03-24 14:44:00', '2021-08-27 11:38:14', '2.00000000', '1.00000000', '0.00000000', '1.00000000', 'https://devv2.dxtrader.xyz/storage/transfer-methods/mpesa-even.png', '0.00000000', '0.00000000', NULL, 0, 0),
(11, 11, '[ Egypt ] - MPESA', '[ EGP ] - MPESA Mobile Number', '<p>To add credit into your Egyptian pound MPESA Wallet, Transfer&nbsp; the amount you wish to add&nbsp; to the MPESA number bellow and upload a picture or screenshot of your transfer with this form.</p>\r\n<p>&nbsp;+234&nbsp;234 57 56 43 23 - Lamb John Store</p>\r\n<p>&nbsp;Our Agents will be reviewing and adding credit to your wallet 24 hours after your uploaded receipts.</p>', '<p>&nbsp;Provide your [EGP]&nbsp;<em>- Maloti</em>&nbsp;Bank Account number address bellow, and your withdrawal will be processed within a day.</p>', 1, 1, NULL, '2021-03-24 14:44:00', '2021-08-27 11:38:14', '2.00000000', '1.00000000', '0.00000000', '1.00000000', 'https://devv2.dxtrader.xyz/storage/transfer-methods/mpesa-odd.png', '0.00000000', '0.00000000', NULL, 0, 0),
(12, 1, 'USD-system', NULL, NULL, NULL, 1, 0, NULL, '2022-01-27 14:08:00', '2022-02-03 16:22:39', NULL, NULL, NULL, NULL, NULL, NULL, NULL, NULL, 1, 1),
(13, 2, 'system-euro', 'system-euro', '<p>content</p>', '<p>content</p>', 1, 0, NULL, '2022-02-03 16:01:47', '2022-02-03 16:01:47', '1.00000000', '1.00000000', '1.00000000', '1.00000000', 'thunb', '1.00000000', '1.00000000', 'Mbt', 1, 1),
(14, 4, 'system-brasilian-reais', 'system-brasilian-reais', '<p>content</p>', '<p>content</p>', 1, 0, NULL, '2022-02-03 16:01:47', '2022-02-03 16:01:47', '1.00000000', '1.00000000', '1.00000000', '1.00000000', 'thunb', '1.00000000', '1.00000000', 'content', 1, 1),
(15, 6, 'system-bitcoin', 'system-bitcoin', '<p>content</p>', '<p>content</p>', 1, 0, NULL, '2022-02-03 16:01:47', '2022-02-03 16:01:47', '1.00000000', '1.00000000', '1.00000000', '1.00000000', 'thunb', '1.00000000', '1.00000000', 'content', 1, 1),
(16, 7, 'system-ethereum', 'system-ethereum', '<p>content</p>', '<p>content</p>', 1, 0, NULL, '2022-02-03 16:01:47', '2022-02-03 16:01:47', '1.00000000', '1.00000000', '1.00000000', '1.00000000', 'thunb', '1.00000000', '1.00000000', 'content', 1, 1),
(17, 10, 'system-nigerian-naira', 'system-nigerian-naira', '<p>content</p>', '<p>content</p>', 1, 0, NULL, '2022-02-03 16:01:47', '2022-02-03 16:01:47', '1.00000000', '1.00000000', '1.00000000', '1.00000000', 'thunb', '1.00000000', '1.00000000', 'content', 1, 1),
(18, 11, 'system-kenian-shiling', 'system-kenian-shiling', '<p>content</p>', '<p>content</p>', 1, 0, NULL, '2022-02-03 16:01:47', '2022-02-03 16:01:47', '1.00000000', '1.00000000', '1.00000000', '1.00000000', 'thunb', '1.00000000', '1.00000000', 'content', 1, 1),
(19, 12, 'system-shiba-inu', 'system-shiba-inu', '<p>content</p>', '<p>content</p>', 1, 0, NULL, '2022-02-03 16:01:47', '2022-02-03 16:01:47', '1.00000000', '1.00000000', '1.00000000', '1.00000000', 'thunb', '1.00000000', '1.00000000', 'content', 1, 1),
(20, 6, 'Bitcoin Adress', 'Bitcoin Adress', '<p style=\"box-sizing: border-box; margin-top: 0px; margin-bottom: 1rem; line-height: 1.61em; color: #383d41; font-family: Poppins, Arial, Tahoma, sans-serif;\">Transfer the bitcoin amount to phpWallet inc bitcoin\'s adress below and upload the transaction receipt.&nbsp;</p>\r\n<p style=\"box-sizing: border-box; margin-top: 0px; margin-bottom: 1rem; line-height: 1.61em; color: #383d41; font-family: Poppins, Arial, Tahoma, sans-serif;\">After a successfull transfer and receipt upload, our team of reviewers will process your deposit request and add credit to your bitcoin wallet.</p>\r\n<p style=\"box-sizing: border-box; margin-top: 0px; margin-bottom: 1rem; line-height: 1.61em; color: #383d41; font-family: Poppins, Arial, Tahoma, sans-serif;\">&nbsp;phpWallet inc Bitcoin Adress :&nbsp;<strong><span style=\"color: #000000; font-family: \'Times New Roman\'; font-size: 16px; white-space: pre;\">1FfmbHfnpaZjKFvyi1okTjJJusN455paPH</span></strong></p>', '<p>Enter the bitcoin amount you wish to withdraw from your phpWallet and our withdraw team will send your bitcoins to the account address you have registered in your phpWallet bitcoin wallet account.</p>\r\n<p>it can take up to 2 days untill your withdraw request is succesfully processed.</p>', 2, 1, NULL, '2022-02-03 22:55:00', '2022-02-03 22:58:06', '1.00000000', '0.00030000', '1.00000000', '0.00030000', 'https://devv2.dxtrader.xyz/storage/transfer-methods/QSuUOlBLHK7f2BInth8x0jVRk6JJJtifmwN0A6tN.png', '0.00030000', '1.00000000', 'https://devv2.dxtrader.xyz/storage/transfer-methods/QSuUOlBLHK7f2BInth8x0jVRk6JJJtifmwN0A6tN.png', 0, 0),
(21, 7, 'Ethereum Network Adress', 'Ethereum Network Adress', '<p style=\"box-sizing: border-box; margin-top: 0px; margin-bottom: 1rem; line-height: 1.61em; color: #383d41; font-family: Poppins, Arial, Tahoma, sans-serif;\">Transfer the Eth amount to phpWallet inc Ethereum adress below and upload the transaction receipt.&nbsp;</p>\r\n<p style=\"box-sizing: border-box; margin-top: 0px; margin-bottom: 1rem; line-height: 1.61em; color: #383d41; font-family: Poppins, Arial, Tahoma, sans-serif;\">After a successfull transfer and receipt upload, our team of reviewers will process your deposit request and add credit to your Eth wallet.</p>\r\n<p style=\"box-sizing: border-box; margin-top: 0px; margin-bottom: 1rem; line-height: 1.61em; color: #383d41; font-family: Poppins, Arial, Tahoma, sans-serif;\">&nbsp;phpWallet inc Ethereum Adress :&nbsp;<strong><span style=\"color: #000000; font-family: \'Times New Roman\'; font-size: 16px; white-space: pre;\">1FfmbHfnpaZjKFvyi1okTjJJusN455paPH</span></strong></p>', '<p>Enter the Ethereum amount you wish to withdraw from your phpWallet and our withdraw team will send your Ethereum to the account address you have registered in your phpWallet Ethereum wallet account.</p>\r\n<p>it can take up to 2 days untill your withdraw request is succesfully processed.</p>', 2, 1, NULL, '2022-02-03 22:55:00', '2022-02-03 23:19:57', '1.00000000', '0.00030000', '1.00000000', '0.00030000', 'https://devv2.dxtrader.xyz/storage/transfer-methods/rAo6IpXshwXaeCX9qO0EgT84kNXLjlebi7RMFkWk.png', '0.00030000', '1.00000000', 'https://devv2.dxtrader.xyz/storage/transfer-methods/rAo6IpXshwXaeCX9qO0EgT84kNXLjlebi7RMFkWk.png', 0, 0),
(22, 12, 'Tron Network Adress', 'Tron Network Adress', '<p style=\"box-sizing: border-box; margin-top: 0px; margin-bottom: 1rem; line-height: 1.61em; color: #383d41; font-family: Poppins, Arial, Tahoma, sans-serif;\">Transfer the Shib amount to phpWallet inc Tron Network adress below and upload the transaction receipt.&nbsp;</p>\r\n<p style=\"box-sizing: border-box; margin-top: 0px; margin-bottom: 1rem; line-height: 1.61em; color: #383d41; font-family: Poppins, Arial, Tahoma, sans-serif;\">After a successfull transfer and receipt upload, our team of reviewers will process your deposit request and add credit to your Shib wallet.</p>\r\n<p style=\"box-sizing: border-box; margin-top: 0px; margin-bottom: 1rem; line-height: 1.61em; color: #383d41; font-family: Poppins, Arial, Tahoma, sans-serif;\">&nbsp;phpWallet inc Tron Network Adress :&nbsp;<strong><span style=\"color: #000000; font-family: \'Times New Roman\'; font-size: 16px; white-space: pre;\">1FfmbHfnpaZjKFvyi1okTjJJusN455paPH</span></strong></p>', '<p>Enter the Shib amount you wish to withdraw from your phpWallet and our withdraw team will send your Shib to the account address you have registered in your phpWallet Shib wallet account.</p>\r\n<p>it can take up to 2 days untill your withdraw request is succesfully processed.</p>', 2, 1, NULL, '2022-02-03 22:55:00', '2022-02-03 23:21:18', '1.00000000', '0.00030000', '1.00000000', '0.00030000', 'https://devv2.dxtrader.xyz/storage/transfer-methods/TUp04J6AB2kDeklKqYm1OGVWyLi5l29uORuWtbNo.png', '0.00030000', '1.00000000', 'https://devv2.dxtrader.xyz/storage/transfer-methods/TUp04J6AB2kDeklKqYm1OGVWyLi5l29uORuWtbNo.png', 0, 0),
(23, 2, 'Local Bank', 'Local Bank Account Number', '<p>Transfer the amount that you wish to deposit to the Local Bank account number below and upload the Local Bank deposit receipt</p>\r\n<p>&nbsp;Local Bank Account Number <strong>294367892.</strong></p>\r\n<p>After a successfull Bank transfer and receipt upload, our team of reviewers will process your deposit request and add credit to your wallet.</p>', '<p>Enter the withdraw amount and wait X days untill the amount reflects on your Local Bank acount.</p>', 1, 1, NULL, '2021-06-14 17:22:00', '2022-01-27 13:11:50', '0.00000000', '1.00000000', '0.00000000', '1.00000000', 'https://devv2.dxtrader.xyz/storage/transfer-methods/localbank-odd.png', '0.00000000', '0.00000000', NULL, 0, 0),
(24, 4, 'Local Bank', 'Local Bank Account Number', '<p>Transfer the amount that you wish to deposit to the Local Bank account number below and upload the Local Bank deposit receipt</p>\r\n<p>&nbsp;Local Bank Account Number <strong>294367892.</strong></p>\r\n<p>After a successfull Bank transfer and receipt upload, our team of reviewers will process your deposit request and add credit to your wallet.</p>', '<p>Enter the withdraw amount and wait X days untill the amount reflects on your Local Bank acount.</p>', 1, 1, NULL, '2021-06-14 17:22:00', '2022-01-27 13:11:50', '0.00000000', '1.00000000', '0.00000000', '1.00000000', 'https://devv2.dxtrader.xyz/storage/transfer-methods/localbank-odd.png', '0.00000000', '0.00000000', NULL, 0, 0),
(25, 10, 'Local Bank', 'Local Bank Account Number', '<p>Transfer the amount that you wish to deposit to the Local Bank account number below and upload the Local Bank deposit receipt</p>\r\n<p>&nbsp;Local Bank Account Number <strong>294367892.</strong></p>\r\n<p>After a successfull Bank transfer and receipt upload, our team of reviewers will process your deposit request and add credit to your wallet.</p>', '<p>Enter the withdraw amount and wait X days untill the amount reflects on your Local Bank acount.</p>', 1, 1, NULL, '2021-06-14 17:22:00', '2022-01-27 13:11:50', '0.00000000', '1.00000000', '0.00000000', '1.00000000', 'https://devv2.dxtrader.xyz/storage/transfer-methods/localbank-odd.png', '0.00000000', '0.00000000', NULL, 0, 0),
(26, 11, 'Local Bank', 'Local Bank Account Number', '<p>Transfer the amount that you wish to deposit to the Local Bank account number below and upload the Local Bank deposit receipt</p>\r\n<p>&nbsp;Local Bank Account Number <strong>294367892.</strong></p>\r\n<p>After a successfull Bank transfer and receipt upload, our team of reviewers will process your deposit request and add credit to your wallet.</p>', '<p>Enter the withdraw amount and wait X days untill the amount reflects on your Local Bank acount.</p>', 1, 1, NULL, '2021-06-14 17:22:00', '2022-01-27 13:11:50', '0.00000000', '1.00000000', '0.00000000', '1.00000000', 'https://devv2.dxtrader.xyz/storage/transfer-methods/localbank-odd.png', '0.00000000', '0.00000000', NULL, 0, 0),
(27, 13, 'System_Pound Sterling', NULL, NULL, NULL, 1, 1, NULL, '2022-05-05 10:27:15', '2022-05-05 10:27:15', '0.00000000', '0.00000000', '0.00000000', '0.00000000', NULL, '0.00000000', '0.00000000', NULL, 1, 1),
(32, 14, 'System_Indian Rupee_method', 'placeholder', 'placeholder', 'placeholder', 1, 0, NULL, '2023-04-04 10:26:29', '2023-04-04 10:26:29', '10.00000000', '1.00000000', '10.00000000', '1.00000000', 'placeholder', '1.00000000', '10.00000000', 'placeholder', 1, 1),
(33, 15, 'System_Bangladeshi Taka_method', 'placeholder', 'placeholder', 'placeholder', 1, 0, NULL, '2023-04-04 10:26:35', '2023-04-04 10:26:35', '10.00000000', '1.00000000', '10.00000000', '1.00000000', 'placeholder', '1.00000000', '10.00000000', 'placeholder', 1, 1);

-- --------------------------------------------------------

--
-- Table structure for table `transfer_method_wallet`
--

CREATE TABLE `transfer_method_wallet` (
  `id` int(10) UNSIGNED NOT NULL,
  `wallet_id` bigint(20) UNSIGNED NOT NULL,
  `transfer_method_id` bigint(20) UNSIGNED NOT NULL,
  `created_at` timestamp NULL DEFAULT NULL,
  `updated_at` timestamp NULL DEFAULT NULL,
  `adress` text COLLATE utf8mb4_unicode_ci,
  `user_id` bigint(20) UNSIGNED NOT NULL
) ENGINE=MyISAM DEFAULT CHARSET=utf8mb4 COLLATE=utf8mb4_unicode_ci;

--
-- Dumping data for table `transfer_method_wallet`
--

INSERT INTO `transfer_method_wallet` (`id`, `wallet_id`, `transfer_method_id`, `created_at`, `updated_at`, `adress`, `user_id`) VALUES
(1, 8, 6, '2021-09-24 03:21:06', '2021-09-24 03:21:06', 'celso.r.paunde@gmail.com', 2),
(3, 10, 6, '2021-09-24 11:27:08', '2021-09-24 11:27:08', 'paytmemail@gmail.com', 2),
(4, 9, 8, '2021-09-24 11:37:23', '2021-09-24 11:37:23', 'paypalemail@gmail.com', 1),
(5, 9, 7, '2021-09-24 11:37:57', '2021-09-24 11:37:57', 'stripeemailgmail.com', 1),
(6, 4, 7, '2021-09-24 18:21:25', '2021-09-24 18:21:25', '444444', 311),
(7, 4, 8, '2021-09-25 11:55:02', '2021-09-25 11:55:02', 'afaf', 311),
(8, 11, 1, '2021-10-25 11:22:01', '2021-10-25 11:22:01', '+258879444756', 2),
(9, 12, 1, '2021-10-26 21:25:03', '2021-10-26 21:25:03', 'paytmemail@gmail.com', 1),
(10, 10, 3, '2022-01-25 14:34:01', '2022-01-25 14:34:01', 'banco unico', 2),
(11, 10, 7, '2022-01-25 15:40:34', '2022-01-25 15:40:34', 'demouser@stripe.com', 2),
(12, 15, 12, '2022-01-27 14:19:46', '2022-01-27 14:19:46', 'mimic adress', 345),
(13, 16, 12, '2022-01-27 14:27:44', '2022-01-27 14:27:44', 'mimic adress', 346),
(14, 17, 12, '2022-01-31 15:04:59', '2022-01-31 15:04:59', 'mimic adress', 347),
(15, 18, 16, '2022-02-03 17:30:49', '2022-02-03 17:30:49', NULL, 2),
(16, 19, 19, '2022-02-03 17:31:15', '2022-02-03 17:31:15', NULL, 2),
(17, 20, 15, '2022-02-03 17:32:56', '2022-02-03 17:32:56', NULL, 2),
(18, 21, 12, '2022-02-03 19:35:26', '2022-02-03 19:35:26', NULL, 180),
(19, 20, 20, '2022-02-03 23:11:21', '2022-02-03 23:11:21', '1FfmbHfnpaZjKFvyi1okTjJJusN455paPH', 2),
(20, 22, 13, '2022-02-03 23:22:40', '2022-02-03 23:22:40', NULL, 2),
(21, 23, 17, '2022-02-03 23:22:49', '2022-02-03 23:22:49', NULL, 2),
(22, 24, 14, '2022-02-03 23:23:03', '2022-02-03 23:23:03', NULL, 2),
(23, 10, 6, '2022-02-03 23:31:57', '2022-02-03 23:31:57', 'anotherenail@razorpay.com', 2),
(24, 10, 5, '2022-02-03 23:33:37', '2022-02-03 23:33:37', 'paytm@paytm.com', 2),
(25, 10, 5, '2022-02-03 23:34:00', '2022-02-03 23:34:00', 'paytm@paytm.com', 2),
(26, 10, 8, '2022-02-03 23:35:16', '2022-02-03 23:35:16', 'paypal@gmail.com', 2),
(27, 25, 15, '2022-04-11 12:29:55', '2022-04-11 12:29:55', NULL, 1),
(28, 9, 3, '2022-10-23 03:49:42', '2022-10-23 03:49:42', '1165464', 1),
(29, 26, 12, '2022-10-23 10:59:02', '2022-10-23 10:59:02', 'mimic adress', 348),
(30, 27, 12, '2022-10-23 15:02:30', '2022-10-23 15:02:30', 'mimic adress', 349),
(31, 28, 12, '2022-10-23 23:49:49', '2022-10-23 23:49:49', 'mimic adress', 350),
(32, 29, 15, '2022-10-23 23:55:06', '2022-10-23 23:55:06', NULL, 350),
(33, 30, 12, '2022-10-24 01:48:53', '2022-10-24 01:48:53', 'mimic adress', 351),
(34, 31, 19, '2022-10-24 12:32:48', '2022-10-24 12:32:48', NULL, 1),
(35, 9, 3, '2022-10-24 12:40:50', '2022-10-24 12:40:50', '12121212', 1),
(36, 32, 16, '2022-10-24 12:51:07', '2022-10-24 12:51:07', NULL, 350),
(37, 29, 20, '2022-10-24 12:54:25', '2022-10-24 12:54:25', 'Digital cloud wallet!', 350),
(38, 33, 12, '2022-11-28 18:02:12', '2022-11-28 18:02:12', 'mimic adress', 352),
(39, 34, 17, '2022-11-28 19:48:01', '2022-11-28 19:48:01', NULL, 352),
(40, 35, 13, '2022-12-05 16:57:37', '2022-12-05 16:57:37', NULL, 1),
(41, 36, 12, '2022-12-05 19:43:17', '2022-12-05 19:43:17', 'mimic adress', 353),
(42, 37, 12, '2022-12-06 01:18:05', '2022-12-06 01:18:05', 'mimic adress', 354),
(43, 38, 12, '2022-12-06 01:22:28', '2022-12-06 01:22:28', 'mimic adress', 355),
(44, 39, 15, '2022-12-06 01:24:07', '2022-12-06 01:24:07', NULL, 355),
(45, 40, 16, '2022-12-06 10:04:21', '2022-12-06 10:04:21', NULL, 1),
(46, 35, 23, '2022-12-06 10:07:11', '2022-12-06 10:07:11', '0060751230', 1),
(47, 41, 17, '2022-12-07 14:34:50', '2022-12-07 14:34:50', NULL, 1),
(48, 42, 16, '2022-12-07 15:50:03', '2022-12-07 15:50:03', NULL, 355),
(49, 33, 8, '2022-12-07 17:48:39', '2022-12-07 17:48:39', 'my paypal', 352),
(50, 43, 14, '2022-12-07 20:26:45', '2022-12-07 20:26:45', NULL, 1),
(51, 44, 12, '2022-12-08 05:20:00', '2022-12-08 05:20:00', 'mimic adress', 356),
(52, 41, 25, '2022-12-08 08:13:37', '2022-12-08 08:13:37', 'asdasdasd', 1),
(53, 45, 12, '2022-12-09 05:29:23', '2022-12-09 05:29:23', 'mimic adress', 357),
(54, 9, 3, '2022-12-10 13:10:47', '2022-12-10 13:10:47', '000129853367', 1),
(55, 46, 12, '2022-12-10 13:27:54', '2022-12-10 13:27:54', 'mimic adress', 358),
(56, 47, 12, '2022-12-10 13:29:41', '2022-12-10 13:29:41', 'mimic adress', 359),
(57, 48, 12, '2022-12-10 16:40:02', '2022-12-10 16:40:02', 'mimic adress', 360),
(58, 49, 13, '2022-12-10 16:52:50', '2022-12-10 16:52:50', NULL, 360),
(59, 50, 27, '2022-12-10 16:53:05', '2022-12-10 16:53:05', NULL, 360),
(60, 51, 15, '2022-12-10 16:58:44', '2022-12-10 16:58:44', NULL, 360),
(61, 52, 12, '2022-12-11 07:24:39', '2022-12-11 07:24:39', 'mimic adress', 361),
(62, 53, 19, '2022-12-11 07:26:11', '2022-12-11 07:26:11', NULL, 361),
(63, 54, 18, '2022-12-12 16:56:34', '2022-12-12 16:56:34', NULL, 360),
(64, 55, 12, '2022-12-13 12:33:32', '2022-12-13 12:33:32', 'mimic adress', 362),
(65, 56, 12, '2022-12-13 23:19:40', '2022-12-13 23:19:40', 'mimic adress', 363),
(66, 57, 17, '2022-12-13 23:21:53', '2022-12-13 23:21:53', NULL, 363),
(67, 40, 21, '2022-12-14 13:09:37', '2022-12-14 13:09:37', 'Ggg', 1),
(68, 58, 12, '2022-12-14 14:48:42', '2022-12-14 14:48:42', 'mimic adress', 364),
(69, 59, 12, '2022-12-14 16:33:13', '2022-12-14 16:33:13', 'mimic adress', 365),
(70, 60, 12, '2022-12-15 02:09:15', '2022-12-15 02:09:15', 'mimic adress', 366),
(71, 61, 12, '2022-12-15 20:44:20', '2022-12-15 20:44:20', 'mimic adress', 367),
(72, 62, 12, '2022-12-16 06:44:09', '2022-12-16 06:44:09', 'mimic adress', 368),
(73, 63, 12, '2022-12-16 15:59:54', '2022-12-16 15:59:54', 'mimic adress', 369),
(74, 64, 12, '2022-12-19 12:59:01', '2022-12-19 12:59:01', 'mimic adress', 370),
(75, 65, 12, '2022-12-20 14:30:54', '2022-12-20 14:30:54', 'mimic adress', 371),
(76, 66, 15, '2022-12-20 14:32:32', '2022-12-20 14:32:32', NULL, 371),
(77, 67, 12, '2022-12-20 16:37:58', '2022-12-20 16:37:58', 'mimic adress', 372),
(78, 68, 12, '2022-12-22 11:11:55', '2022-12-22 11:11:55', 'mimic adress', 373),
(79, 69, 12, '2022-12-23 01:55:46', '2022-12-23 01:55:46', 'mimic adress', 374),
(80, 70, 12, '2022-12-23 05:36:00', '2022-12-23 05:36:00', 'mimic adress', 375),
(81, 71, 27, '2022-12-23 07:52:37', '2022-12-23 07:52:37', NULL, 1),
(82, 72, 12, '2022-12-23 09:01:14', '2022-12-23 09:01:14', 'mimic adress', 376),
(83, 73, 12, '2022-12-23 09:11:54', '2022-12-23 09:11:54', 'mimic adress', 377),
(84, 74, 12, '2022-12-23 09:13:52', '2022-12-23 09:13:52', 'mimic adress', 378),
(85, 75, 16, '2022-12-23 09:14:44', '2022-12-23 09:14:44', NULL, 378),
(86, 76, 12, '2022-12-23 14:05:14', '2022-12-23 14:05:14', 'mimic adress', 379),
(87, 77, 12, '2022-12-23 15:49:02', '2022-12-23 15:49:02', 'mimic adress', 380),
(88, 78, 15, '2022-12-23 15:50:12', '2022-12-23 15:50:12', NULL, 380),
(89, 79, 12, '2022-12-23 18:49:27', '2022-12-23 18:49:27', 'mimic adress', 381),
(90, 80, 12, '2022-12-23 18:50:38', '2022-12-23 18:50:38', 'mimic adress', 382),
(91, 81, 12, '2022-12-23 19:19:30', '2022-12-23 19:19:30', 'mimic adress', 383),
(92, 82, 15, '2022-12-23 19:21:14', '2022-12-23 19:21:14', NULL, 383),
(93, 83, 12, '2022-12-23 22:52:52', '2022-12-23 22:52:52', 'mimic adress', 384),
(94, 84, 27, '2022-12-24 01:20:24', '2022-12-24 01:20:24', NULL, 2),
(95, 85, 12, '2022-12-24 08:41:30', '2022-12-24 08:41:30', 'mimic adress', 385),
(96, 86, 12, '2022-12-24 13:02:03', '2022-12-24 13:02:03', 'mimic adress', 386),
(97, 9, 8, '2022-12-24 13:12:08', '2022-12-24 13:12:08', 'sdgfffffjh544@gmail.com', 1),
(98, 87, 12, '2022-12-24 17:48:58', '2022-12-24 17:48:58', 'mimic adress', 387),
(99, 88, 12, '2022-12-24 17:50:46', '2022-12-24 17:50:46', 'mimic adress', 388),
(100, 88, 8, '2022-12-24 17:51:49', '2022-12-24 17:51:49', 'meso@gmail.com', 388),
(101, 89, 12, '2022-12-24 19:38:42', '2022-12-24 19:38:42', 'mimic adress', 389),
(102, 90, 12, '2022-12-24 19:39:46', '2022-12-24 19:39:46', 'mimic adress', 390),
(103, 91, 12, '2022-12-24 19:43:06', '2022-12-24 19:43:06', 'mimic adress', 391),
(104, 92, 19, '2022-12-24 19:46:39', '2022-12-24 19:46:39', NULL, 391),
(105, 93, 12, '2022-12-24 19:53:31', '2022-12-24 19:53:31', 'mimic adress', 392),
(106, 33, 8, '2022-12-24 21:43:38', '2022-12-24 21:43:38', 'my paypal', 352),
(107, 94, 12, '2022-12-24 22:28:29', '2022-12-24 22:28:29', 'mimic adress', 393),
(108, 95, 12, '2022-12-25 00:49:49', '2022-12-25 00:49:49', 'mimic adress', 394),
(109, 96, 17, '2022-12-25 00:51:02', '2022-12-25 00:51:02', NULL, 394),
(110, 9, 3, '2022-12-25 01:40:29', '2022-12-25 01:40:29', '23452345w34534', 1),
(111, 97, 12, '2022-12-25 04:52:34', '2022-12-25 04:52:34', 'mimic adress', 395),
(112, 98, 12, '2022-12-25 07:22:26', '2022-12-25 07:22:26', 'mimic adress', 396),
(113, 99, 15, '2022-12-25 07:23:40', '2022-12-25 07:23:40', NULL, 396),
(114, 100, 12, '2022-12-25 08:18:40', '2022-12-25 08:18:40', 'mimic adress', 397),
(115, 101, 12, '2022-12-25 13:29:08', '2022-12-25 13:29:08', 'mimic adress', 398),
(116, 102, 12, '2022-12-25 19:20:10', '2022-12-25 19:20:10', 'mimic adress', 399),
(117, 103, 12, '2022-12-25 19:21:57', '2022-12-25 19:21:57', 'mimic adress', 400),
(118, 104, 15, '2022-12-25 19:23:13', '2022-12-25 19:23:13', NULL, 400),
(119, 33, 3, '2022-12-25 23:51:13', '2022-12-25 23:51:13', 'my paypal', 352),
(120, 105, 12, '2022-12-26 05:50:52', '2022-12-26 05:50:52', 'mimic adress', 401),
(121, 106, 12, '2022-12-26 14:49:37', '2022-12-26 14:49:37', 'mimic adress', 402),
(122, 107, 15, '2022-12-26 15:12:54', '2022-12-26 15:12:54', NULL, 402),
(123, 108, 12, '2022-12-27 12:11:49', '2022-12-27 12:11:49', 'mimic adress', 403),
(124, 109, 12, '2022-12-27 12:48:59', '2022-12-27 12:48:59', 'mimic adress', 404),
(125, 110, 12, '2022-12-27 13:47:16', '2022-12-27 13:47:16', 'mimic adress', 405),
(126, 111, 12, '2022-12-27 18:38:57', '2022-12-27 18:38:57', 'mimic adress', 406),
(127, 9, 8, '2022-12-27 22:10:49', '2022-12-27 22:10:49', 'strws5@gmail.com', 1),
(128, 18, 21, '2022-12-28 04:37:43', '2022-12-28 04:37:43', '45145dfv5df6d1fvdf1vdf6vdvdfv1f61dfv1d5f11d6', 2),
(129, 9, 8, '2022-12-28 09:15:27', '2022-12-28 09:15:27', 'mgazamgazapay@gmail.com', 1),
(130, 112, 17, '2022-12-28 09:57:39', '2022-12-28 09:57:39', NULL, 360),
(131, 113, 12, '2022-12-28 12:29:56', '2022-12-28 12:29:56', 'mimic adress', 407),
(132, 114, 12, '2022-12-29 02:37:24', '2022-12-29 02:37:24', 'mimic adress', 408),
(133, 115, 12, '2022-12-29 02:49:15', '2022-12-29 02:49:15', 'mimic adress', 409),
(134, 116, 12, '2022-12-29 13:08:41', '2022-12-29 13:08:41', 'mimic adress', 410),
(135, 117, 12, '2022-12-29 13:22:48', '2022-12-29 13:22:48', 'mimic adress', 411),
(136, 118, 12, '2022-12-29 16:26:32', '2022-12-29 16:26:32', 'mimic adress', 412),
(137, 119, 12, '2022-12-29 18:55:30', '2022-12-29 18:55:30', 'mimic adress', 413),
(138, 120, 12, '2022-12-30 20:21:50', '2022-12-30 20:21:50', 'mimic adress', 414),
(139, 121, 17, '2022-12-31 18:05:47', '2022-12-31 18:05:47', NULL, 414),
(140, 122, 12, '2023-01-01 12:52:32', '2023-01-01 12:52:32', 'mimic adress', 415),
(141, 122, 3, '2023-01-01 12:55:07', '2023-01-01 12:55:07', '2122722205', 415),
(142, 9, 8, '2023-01-01 12:57:40', '2023-01-01 12:57:40', 'metastem.su@gmail.com', 1),
(143, 25, 20, '2023-01-01 15:13:58', '2023-01-01 15:13:58', '123456', 1),
(144, 123, 12, '2023-01-01 18:51:30', '2023-01-01 18:51:30', 'mimic adress', 416),
(145, 124, 12, '2023-01-03 09:59:15', '2023-01-03 09:59:15', 'mimic adress', 417),
(146, 125, 15, '2023-01-03 10:00:25', '2023-01-03 10:00:25', NULL, 417),
(147, 126, 12, '2023-01-04 03:02:46', '2023-01-04 03:02:46', 'mimic adress', 418),
(148, 126, 3, '2023-01-04 03:55:27', '2023-01-04 03:55:27', '12345678', 418),
(149, 127, 12, '2023-01-05 18:35:23', '2023-01-05 18:35:23', 'mimic adress', 419),
(150, 128, 12, '2023-01-05 20:53:21', '2023-01-05 20:53:21', 'mimic adress', 420),
(151, 22, 23, '2023-01-05 21:22:23', '2023-01-05 21:22:23', 'Wees', 2),
(152, 129, 12, '2023-01-06 00:17:33', '2023-01-06 00:17:33', 'mimic adress', 421),
(153, 130, 12, '2023-01-06 07:41:02', '2023-01-06 07:41:02', 'mimic adress', 422),
(154, 131, 12, '2023-01-06 09:15:25', '2023-01-06 09:15:25', 'mimic adress', 423),
(155, 132, 12, '2023-01-06 18:47:49', '2023-01-06 18:47:49', 'mimic adress', 424),
(156, 133, 12, '2023-01-07 00:31:10', '2023-01-07 00:31:10', 'mimic adress', 425),
(157, 134, 19, '2023-01-07 00:32:01', '2023-01-07 00:32:01', NULL, 425),
(158, 135, 15, '2023-01-07 00:32:12', '2023-01-07 00:32:12', NULL, 425),
(159, 136, 13, '2023-01-07 00:35:07', '2023-01-07 00:35:07', NULL, 425),
(160, 137, 16, '2023-01-07 00:35:41', '2023-01-07 00:35:41', NULL, 425),
(161, 138, 12, '2023-01-08 23:57:52', '2023-01-08 23:57:52', 'mimic adress', 426),
(162, 138, 3, '2023-01-09 00:11:43', '2023-01-09 00:11:43', 'Bank of the Philippine Islands', 426),
(163, 138, 3, '2023-01-09 00:12:13', '2023-01-09 00:12:13', '0429605172', 426),
(164, 139, 12, '2023-01-10 16:30:23', '2023-01-10 16:30:23', 'mimic adress', 427),
(165, 140, 12, '2023-01-10 16:31:38', '2023-01-10 16:31:38', 'mimic adress', 428),
(166, 141, 12, '2023-01-10 16:33:55', '2023-01-10 16:33:55', 'mimic adress', 429),
(167, 142, 12, '2023-01-11 15:13:36', '2023-01-11 15:13:36', 'mimic adress', 430),
(168, 143, 12, '2023-01-11 23:29:39', '2023-01-11 23:29:39', 'mimic adress', 431),
(169, 144, 12, '2023-01-12 00:12:50', '2023-01-12 00:12:50', 'mimic adress', 432),
(170, 145, 12, '2023-01-12 12:18:38', '2023-01-12 12:18:38', 'mimic adress', 433),
(171, 145, 6, '2023-01-12 12:21:09', '2023-01-12 12:21:09', 'test@test.test', 433),
(172, 146, 12, '2023-01-12 13:39:53', '2023-01-12 13:39:53', 'mimic adress', 434),
(173, 9, 3, '2023-01-12 21:17:29', '2023-01-12 21:17:29', '098876666566', 1),
(174, 9, 3, '2023-01-12 22:46:21', '2023-01-12 22:46:21', '658767576', 1),
(175, 147, 12, '2023-01-13 05:24:59', '2023-01-13 05:24:59', 'mimic adress', 435),
(176, 148, 12, '2023-01-13 09:02:04', '2023-01-13 09:02:04', 'mimic adress', 436),
(177, 149, 12, '2023-01-13 09:23:17', '2023-01-13 09:23:17', 'mimic adress', 437),
(178, 150, 13, '2023-01-13 09:24:03', '2023-01-13 09:24:03', NULL, 437),
(179, 25, 20, '2023-01-14 00:42:18', '2023-01-14 00:42:18', 'Dr yygrr', 1),
(180, 151, 12, '2023-01-14 03:12:43', '2023-01-14 03:12:43', 'mimic adress', 438),
(181, 152, 16, '2023-01-14 04:32:54', '2023-01-14 04:32:54', NULL, 438),
(182, 12, 26, '2023-01-14 17:56:03', '2023-01-14 17:56:03', 'algeria banck', 1),
(183, 153, 12, '2023-01-15 18:15:29', '2023-01-15 18:15:29', 'mimic adress', 439),
(184, 154, 15, '2023-01-15 18:17:39', '2023-01-15 18:17:39', NULL, 439),
(185, 155, 12, '2023-01-16 16:31:46', '2023-01-16 16:31:46', 'mimic adress', 440),
(186, 156, 12, '2023-01-16 17:19:06', '2023-01-16 17:19:06', 'mimic adress', 441),
(187, 157, 13, '2023-01-16 17:20:09', '2023-01-16 17:20:09', NULL, 441),
(188, 158, 12, '2023-01-17 13:36:16', '2023-01-17 13:36:16', 'mimic adress', 442),
(189, 12, 1, '2023-01-17 17:43:30', '2023-01-17 17:43:30', '254768896127', 1),
(190, 159, 12, '2023-01-17 18:11:51', '2023-01-17 18:11:51', 'mimic adress', 443),
(191, 160, 15, '2023-01-17 18:13:58', '2023-01-17 18:13:58', NULL, 443),
(192, 161, 12, '2023-01-18 20:55:07', '2023-01-18 20:55:07', 'mimic adress', 444),
(193, 162, 12, '2023-01-19 01:30:57', '2023-01-19 01:30:57', 'mimic adress', 445),
(194, 163, 12, '2023-01-19 01:36:50', '2023-01-19 01:36:50', 'mimic adress', 446),
(195, 35, 23, '2023-01-19 01:49:42', '2023-01-19 01:49:42', '3345666666', 1),
(196, 164, 12, '2023-01-19 04:02:59', '2023-01-19 04:02:59', 'mimic adress', 447),
(197, 165, 12, '2023-01-20 23:28:50', '2023-01-20 23:28:50', 'mimic adress', 448),
(198, 166, 29, '2023-01-22 20:14:40', '2023-01-22 20:14:40', 'mimic adress', 449),
(199, 167, 29, '2023-01-22 21:12:36', '2023-01-22 21:12:36', 'mimic adress', 450),
(200, 168, 13, '2023-01-22 21:14:59', '2023-01-22 21:14:59', NULL, 450),
(201, 169, 29, '2023-01-23 01:20:23', '2023-01-23 01:20:23', 'mimic adress', 451),
(202, 170, 29, '2023-01-23 01:33:13', '2023-01-23 01:33:13', 'mimic adress', 452),
(203, 171, 29, '2023-01-23 05:41:19', '2023-01-23 05:41:19', 'mimic adress', 453),
(204, 172, 29, '2023-01-23 11:00:48', '2023-01-23 11:00:48', 'mimic adress', 454),
(205, 173, 29, '2023-01-23 12:13:40', '2023-01-23 12:13:40', 'mimic adress', 455),
(206, 174, 29, '2023-01-23 12:26:44', '2023-01-23 12:26:44', 'mimic adress', 456),
(207, 175, 29, '2023-01-23 13:33:41', '2023-01-23 13:33:41', 'mimic adress', 457),
(208, 176, 29, '2023-01-23 15:23:28', '2023-01-23 15:23:28', 'mimic adress', 458),
(209, 177, 29, '2023-01-23 15:24:41', '2023-01-23 15:24:41', 'mimic adress', 459),
(210, 178, 29, '2023-01-23 16:08:46', '2023-01-23 16:08:46', 'mimic adress', 460),
(211, 179, 29, '2023-01-23 18:40:56', '2023-01-23 18:40:56', 'mimic adress', 461),
(212, 180, 29, '2023-01-24 18:01:03', '2023-01-24 18:01:03', 'mimic adress', 462),
(213, 181, 29, '2023-01-24 22:32:20', '2023-01-24 22:32:20', 'mimic adress', 463),
(214, 182, 29, '2023-01-25 01:36:38', '2023-01-25 01:36:38', 'mimic adress', 464),
(215, 183, 29, '2023-01-25 07:06:29', '2023-01-25 07:06:29', 'mimic adress', 465),
(216, 184, 29, '2023-01-25 10:38:56', '2023-01-25 10:38:56', 'mimic adress', 466),
(217, 185, 29, '2023-01-25 10:49:32', '2023-01-25 10:49:32', 'mimic adress', 467),
(218, 9, 3, '2023-01-25 13:41:12', '2023-01-25 13:41:12', '7776667', 1),
(219, 186, 29, '2023-01-25 13:43:11', '2023-01-25 13:43:11', 'mimic adress', 468),
(220, 187, 29, '2023-01-25 13:44:57', '2023-01-25 13:44:57', 'mimic adress', 469),
(221, 35, 23, '2023-01-25 13:55:50', '2023-01-25 13:55:50', 'Intesa', 1),
(222, 188, 29, '2023-01-25 17:07:08', '2023-01-25 17:07:08', 'mimic adress', 470),
(223, 189, 29, '2023-01-25 17:08:39', '2023-01-25 17:08:39', 'mimic adress', 471),
(224, 190, 29, '2023-01-26 14:43:10', '2023-01-26 14:43:10', 'mimic adress', 472),
(225, 191, 29, '2023-01-26 16:54:42', '2023-01-26 16:54:42', 'mimic adress', 473),
(226, 35, 23, '2023-01-26 17:49:14', '2023-01-26 17:49:14', '918126913076', 1),
(227, 192, 29, '2023-01-26 22:06:49', '2023-01-26 22:06:49', 'mimic adress', 474),
(228, 9, 3, '2023-01-27 21:55:34', '2023-01-27 21:55:34', 'gtb', 1),
(229, 193, 29, '2023-01-28 04:05:40', '2023-01-28 04:05:40', 'mimic adress', 475),
(230, 194, 29, '2023-01-29 06:34:58', '2023-01-29 06:34:58', 'mimic adress', 476),
(231, 195, 29, '2023-01-29 06:36:23', '2023-01-29 06:36:23', 'mimic adress', 477),
(232, 196, 29, '2023-01-29 13:04:26', '2023-01-29 13:04:26', 'mimic adress', 478),
(233, 197, 29, '2023-01-31 17:08:56', '2023-01-31 17:08:56', 'mimic adress', 479),
(234, 41, 28, '2023-02-01 05:13:38', '2023-02-01 05:13:38', 'victoramona@gmail.com', 1),
(235, 198, 29, '2023-02-02 05:08:04', '2023-02-02 05:08:04', 'mimic adress', 480),
(236, 199, 29, '2023-02-02 07:53:58', '2023-02-02 07:53:58', 'mimic adress', 481),
(237, 41, 25, '2023-02-03 07:11:25', '2023-02-03 07:11:25', '85693573759', 1),
(238, 200, 29, '2023-02-03 07:43:47', '2023-02-03 07:43:47', 'mimic adress', 487),
(239, 201, 29, '2023-02-04 15:43:17', '2023-02-04 15:43:17', 'mimic adress', 488),
(240, 202, 18, '2023-02-05 13:35:28', '2023-02-05 13:35:28', NULL, 352),
(241, 203, 29, '2023-02-05 19:18:24', '2023-02-05 19:18:24', 'mimic adress', 489),
(242, 204, 29, '2023-02-06 15:43:42', '2023-02-06 15:43:42', 'mimic adress', 490),
(243, 205, 29, '2023-02-06 15:53:48', '2023-02-06 15:53:48', 'mimic adress', 491),
(244, 206, 29, '2023-02-06 15:54:02', '2023-02-06 15:54:02', 'mimic adress', 492),
(245, 207, 29, '2023-02-07 07:27:20', '2023-02-07 07:27:20', 'mimic adress', 493),
(246, 23, 25, '2023-02-07 08:57:58', '2023-02-07 08:57:58', '2150321069', 2),
(247, 208, 29, '2023-02-07 17:07:23', '2023-02-07 17:07:23', 'mimic adress', 494),
(248, 209, 29, '2023-02-09 00:10:20', '2023-02-09 00:10:20', 'mimic adress', 495),
(249, 210, 29, '2023-02-09 06:40:36', '2023-02-09 06:40:36', 'mimic adress', 496),
(250, 211, 29, '2023-02-09 10:21:44', '2023-02-09 10:21:44', 'mimic adress', 497),
(251, 212, 29, '2023-02-09 11:28:13', '2023-02-09 11:28:13', 'mimic adress', 498),
(252, 213, 15, '2023-02-09 12:10:28', '2023-02-09 12:10:28', NULL, 497),
(253, 9, 8, '2023-02-09 12:52:22', '2023-02-09 12:52:22', 'gtavmobille115@gmail.com', 1),
(254, 214, 29, '2023-02-09 16:27:54', '2023-02-09 16:27:54', 'mimic adress', 499),
(255, 35, 23, '2023-02-10 08:38:16', '2023-02-10 08:38:16', 'Hh', 1),
(256, 215, 29, '2023-02-10 09:06:49', '2023-02-10 09:06:49', 'mimic adress', 500),
(257, 35, 23, '2023-02-10 18:12:59', '2023-02-10 18:12:59', '54839658-993-945-904590450945', 1),
(258, 41, 25, '2023-02-11 17:13:37', '2023-02-11 17:13:37', '0122033145', 1),
(259, 216, 29, '2023-02-11 22:27:14', '2023-02-11 22:27:14', 'mimic adress', 501),
(260, 217, 29, '2023-02-12 09:43:26', '2023-02-12 09:43:26', 'mimic adress', 502),
(261, 218, 29, '2023-02-12 13:27:36', '2023-02-12 13:27:36', 'mimic adress', 503),
(262, 219, 29, '2023-02-12 15:13:49', '2023-02-12 15:13:49', 'mimic adress', 504),
(263, 41, 25, '2023-02-12 15:35:55', '2023-02-12 15:35:55', '0708006581', 1),
(264, 9, 6, '2023-02-13 04:48:01', '2023-02-13 04:48:01', 'm4mohammadkhalid@gmail.com', 1),
(265, 220, 17, '2023-02-13 07:25:19', '2023-02-13 07:25:19', NULL, 489),
(266, 221, 29, '2023-02-13 17:41:31', '2023-02-13 17:41:31', 'mimic adress', 505),
(267, 222, 29, '2023-02-13 17:42:49', '2023-02-13 17:42:49', 'mimic adress', 506),
(268, 223, 29, '2023-02-13 22:57:43', '2023-02-13 22:57:43', 'mimic adress', 507),
(269, 41, 28, '2023-02-14 07:25:59', '2023-02-14 07:25:59', 'Yyyyy', 1),
(270, 224, 29, '2023-02-14 22:23:06', '2023-02-14 22:23:06', 'mimic adress', 508),
(271, 225, 29, '2023-02-15 06:26:27', '2023-02-15 06:26:27', 'mimic adress', 509),
(272, 226, 29, '2023-02-15 09:18:38', '2023-02-15 09:18:38', 'mimic adress', 510),
(273, 227, 29, '2023-02-15 13:20:28', '2023-02-15 13:20:28', 'mimic adress', 511),
(274, 228, 29, '2023-02-15 14:05:59', '2023-02-15 14:05:59', 'mimic adress', 512),
(275, 9, 3, '2023-02-15 16:42:04', '2023-02-15 16:42:04', '344444444', 1),
(276, 229, 29, '2023-02-15 18:12:03', '2023-02-15 18:12:03', 'mimic adress', 513),
(277, 230, 29, '2023-02-15 20:27:55', '2023-02-15 20:27:55', 'mimic adress', 514),
(278, 231, 29, '2023-02-15 21:37:03', '2023-02-15 21:37:03', 'mimic adress', 515),
(279, 232, 29, '2023-02-15 21:38:43', '2023-02-15 21:38:43', 'mimic adress', 516),
(280, 232, 8, '2023-02-15 21:40:32', '2023-02-15 21:40:32', 'dasqin.nagiyev@gmail.com', 516),
(281, 233, 29, '2023-02-16 11:48:24', '2023-02-16 11:48:24', 'mimic adress', 517),
(282, 234, 29, '2023-02-16 12:02:33', '2023-02-16 12:02:33', 'mimic adress', 518),
(283, 235, 29, '2023-02-17 12:39:28', '2023-02-17 12:39:28', 'mimic adress', 519),
(284, 236, 29, '2023-02-18 03:23:58', '2023-02-18 03:23:58', 'mimic adress', 520),
(285, 237, 29, '2023-02-18 07:28:48', '2023-02-18 07:28:48', 'mimic adress', 521),
(286, 238, 17, '2023-02-18 12:28:44', '2023-02-18 12:28:44', NULL, 520),
(287, 239, 29, '2023-02-18 12:59:43', '2023-02-18 12:59:43', 'mimic adress', 522),
(288, 240, 29, '2023-02-18 16:05:47', '2023-02-18 16:05:47', 'mimic adress', 523),
(289, 241, 29, '2023-02-18 19:27:52', '2023-02-18 19:27:52', 'mimic adress', 524),
(290, 242, 17, '2023-02-18 20:23:33', '2023-02-18 20:23:33', NULL, 522),
(291, 243, 29, '2023-02-19 11:27:55', '2023-02-19 11:27:55', 'mimic adress', 525),
(292, 244, 29, '2023-02-19 12:17:12', '2023-02-19 12:17:12', 'mimic adress', 526),
(293, 245, 29, '2023-02-19 13:18:43', '2023-02-19 13:18:43', 'mimic adress', 527),
(294, 246, 17, '2023-02-19 15:33:01', '2023-02-19 15:33:01', NULL, 524),
(295, 247, 29, '2023-02-19 16:18:29', '2023-02-19 16:18:29', 'mimic adress', 528),
(296, 248, 29, '2023-02-19 16:41:50', '2023-02-19 16:41:50', 'mimic adress', 529),
(297, 249, 29, '2023-02-20 00:37:03', '2023-02-20 00:37:03', 'mimic adress', 530),
(298, 250, 29, '2023-02-20 10:32:59', '2023-02-20 10:32:59', 'mimic adress', 531),
(299, 251, 29, '2023-02-20 10:35:12', '2023-02-20 10:35:12', 'mimic adress', 532),
(300, 252, 29, '2023-02-20 17:06:55', '2023-02-20 17:06:55', 'mimic adress', 533),
(301, 253, 29, '2023-02-20 22:06:16', '2023-02-20 22:06:16', 'mimic adress', 534),
(302, 254, 29, '2023-02-21 00:51:24', '2023-02-21 00:51:24', 'mimic adress', 535),
(303, 255, 29, '2023-02-21 03:11:52', '2023-02-21 03:11:52', 'mimic adress', 536),
(304, 256, 29, '2023-02-21 05:17:41', '2023-02-21 05:17:41', 'mimic adress', 537),
(305, 257, 27, '2023-02-21 22:30:24', '2023-02-21 22:30:24', NULL, 524),
(306, 258, 15, '2023-02-21 22:31:13', '2023-02-21 22:31:13', NULL, 524),
(307, 259, 29, '2023-02-22 05:06:44', '2023-02-22 05:06:44', 'mimic adress', 538),
(308, 260, 29, '2023-02-22 05:43:24', '2023-02-22 05:43:24', 'mimic adress', 539),
(309, 261, 29, '2023-02-22 21:08:52', '2023-02-22 21:08:52', 'mimic adress', 540),
(310, 262, 29, '2023-02-23 08:06:30', '2023-02-23 08:06:30', 'mimic adress', 541),
(311, 263, 29, '2023-02-23 08:12:11', '2023-02-23 08:12:11', 'mimic adress', 542),
(312, 264, 17, '2023-02-23 08:32:15', '2023-02-23 08:32:15', NULL, 542),
(313, 265, 29, '2023-02-23 17:42:42', '2023-02-23 17:42:42', 'mimic adress', 543),
(314, 266, 27, '2023-02-23 17:44:17', '2023-02-23 17:44:17', NULL, 543),
(315, 267, 29, '2023-02-24 14:48:36', '2023-02-24 14:48:36', 'mimic adress', 544),
(316, 268, 29, '2023-02-24 14:57:25', '2023-02-24 14:57:25', 'mimic adress', 545),
(317, 269, 29, '2023-02-25 05:48:47', '2023-02-25 05:48:47', 'mimic adress', 546),
(318, 270, 16, '2023-02-25 20:56:47', '2023-02-25 20:56:47', NULL, 524),
(319, 271, 29, '2023-02-26 03:34:04', '2023-02-26 03:34:04', 'mimic adress', 547),
(320, 272, 29, '2023-02-26 07:18:50', '2023-02-26 07:18:50', 'mimic adress', 548),
(321, 273, 29, '2023-02-26 08:20:59', '2023-02-26 08:20:59', 'mimic adress', 549),
(322, 274, 29, '2023-02-26 16:07:26', '2023-02-26 16:07:26', 'mimic adress', 550),
(323, 275, 29, '2023-02-26 17:10:56', '2023-02-26 17:10:56', 'mimic adress', 551),
(324, 276, 29, '2023-02-26 17:46:05', '2023-02-26 17:46:05', 'mimic adress', 552),
(325, 277, 29, '2023-02-26 19:25:38', '2023-02-26 19:25:38', 'mimic adress', 553),
(326, 278, 29, '2023-02-27 01:23:54', '2023-02-27 01:23:54', 'mimic adress', 554),
(327, 279, 29, '2023-02-28 00:06:46', '2023-02-28 00:06:46', 'mimic adress', 555),
(328, 280, 29, '2023-02-28 20:26:14', '2023-02-28 20:26:14', 'mimic adress', 556),
(329, 281, 29, '2023-02-28 22:45:43', '2023-02-28 22:45:43', 'mimic adress', 557),
(330, 282, 29, '2023-03-02 06:59:47', '2023-03-02 06:59:47', 'mimic adress', 558),
(331, 283, 29, '2023-03-03 02:49:37', '2023-03-03 02:49:37', 'mimic adress', 559),
(332, 284, 29, '2023-03-03 07:56:03', '2023-03-03 07:56:03', 'mimic adress', 560),
(333, 285, 13, '2023-03-03 07:58:58', '2023-03-03 07:58:58', NULL, 560),
(334, 286, 29, '2023-03-03 09:40:45', '2023-03-03 09:40:45', 'mimic adress', 561),
(335, 287, 18, '2023-03-03 20:04:18', '2023-03-03 20:04:18', NULL, 524),
(336, 288, 29, '2023-03-03 22:13:42', '2023-03-03 22:13:42', 'mimic adress', 562),
(337, 289, 29, '2023-03-04 13:00:45', '2023-03-04 13:00:45', 'mimic adress', 563),
(338, 290, 29, '2023-03-04 16:05:05', '2023-03-04 16:05:05', 'mimic adress', 564),
(339, 291, 29, '2023-03-04 17:47:34', '2023-03-04 17:47:34', 'mimic adress', 565),
(340, 292, 29, '2023-03-04 19:22:31', '2023-03-04 19:22:31', 'mimic adress', 566),
(341, 293, 13, '2023-03-04 19:24:29', '2023-03-04 19:24:29', NULL, 566),
(342, 294, 29, '2023-03-05 03:54:06', '2023-03-05 03:54:06', 'mimic adress', 567),
(343, 295, 29, '2023-03-05 03:56:38', '2023-03-05 03:56:38', 'mimic adress', 568),
(344, 296, 29, '2023-03-05 12:15:35', '2023-03-05 12:15:35', 'mimic adress', 569),
(345, 297, 29, '2023-03-06 15:47:55', '2023-03-06 15:47:55', 'mimic adress', 570),
(346, 298, 13, '2023-03-06 23:24:50', '2023-03-06 23:24:50', NULL, 524),
(347, 299, 29, '2023-03-07 00:14:24', '2023-03-07 00:14:24', 'mimic adress', 571),
(348, 300, 29, '2023-03-07 10:55:46', '2023-03-07 10:55:46', 'mimic adress', 572),
(349, 302, 29, '2023-03-07 16:30:22', '2023-03-07 16:30:22', 'mimic adress', 578),
(350, 303, 29, '2023-03-07 16:31:31', '2023-03-07 16:31:31', 'mimic adress', 579),
(351, 304, 29, '2023-03-07 20:50:33', '2023-03-07 20:50:33', 'mimic adress', 580),
(352, 305, 14, '2023-03-07 21:33:03', '2023-03-07 21:33:03', NULL, 524),
(353, 307, 29, '2023-03-08 06:36:28', '2023-03-08 06:36:28', 'mimic adress', 582),
(354, 308, 29, '2023-03-08 06:52:41', '2023-03-08 06:52:41', 'mimic adress', 583),
(355, 309, 29, '2023-03-09 10:59:30', '2023-03-09 10:59:30', 'mimic adress', 584),
(356, 310, 29, '2023-03-09 18:30:16', '2023-03-09 18:30:16', 'mimic adress', 585),
(357, 311, 29, '2023-03-11 02:22:35', '2023-03-11 02:22:35', 'mimic adress', 586),
(358, 312, 17, '2023-03-11 02:30:33', '2023-03-11 02:30:33', NULL, 586),
(359, 313, 29, '2023-03-11 03:45:16', '2023-03-11 03:45:16', 'mimic adress', 587),
(360, 314, 29, '2023-03-11 09:53:22', '2023-03-11 09:53:22', 'mimic adress', 588),
(361, 315, 14, '2023-03-11 09:55:56', '2023-03-11 09:55:56', NULL, 588),
(362, 316, 29, '2023-03-11 11:55:55', '2023-03-11 11:55:55', 'mimic adress', 589),
(363, 317, 29, '2023-03-11 20:01:06', '2023-03-11 20:01:06', 'mimic adress', 590),
(364, 318, 29, '2023-03-12 11:22:29', '2023-03-12 11:22:29', 'mimic adress', 591),
(365, 319, 29, '2023-03-12 14:52:51', '2023-03-12 14:52:51', 'mimic adress', 592),
(366, 320, 29, '2023-03-12 16:33:06', '2023-03-12 16:33:06', 'mimic adress', 593),
(367, 321, 29, '2023-03-12 16:34:33', '2023-03-12 16:34:33', 'mimic adress', 594),
(368, 322, 29, '2023-03-12 17:32:09', '2023-03-12 17:32:09', 'mimic adress', 595),
(369, 323, 29, '2023-03-13 12:52:43', '2023-03-13 12:52:43', 'mimic adress', 596),
(370, 324, 17, '2023-03-13 13:02:54', '2023-03-13 13:02:54', NULL, 596),
(371, 325, 29, '2023-03-13 19:11:52', '2023-03-13 19:11:52', 'mimic adress', 597),
(372, 326, 29, '2023-03-13 19:13:15', '2023-03-13 19:13:15', 'mimic adress', 598),
(373, 327, 17, '2023-03-13 19:14:42', '2023-03-13 19:14:42', NULL, 597),
(374, 328, 18, '2023-03-13 19:15:06', '2023-03-13 19:15:06', NULL, 597),
(375, 329, 29, '2023-03-14 06:38:54', '2023-03-14 06:38:54', 'mimic adress', 599),
(376, 330, 29, '2023-03-14 16:18:10', '2023-03-14 16:18:10', 'mimic adress', 600),
(377, 331, 29, '2023-03-14 17:40:06', '2023-03-14 17:40:06', 'mimic adress', 601),
(378, 332, 29, '2023-03-14 23:38:35', '2023-03-14 23:38:35', 'mimic adress', 602),
(379, 333, 29, '2023-03-15 12:23:58', '2023-03-15 12:23:58', 'mimic adress', 603),
(380, 334, 29, '2023-03-15 16:09:01', '2023-03-15 16:09:01', 'mimic adress', 604),
(381, 335, 19, '2023-03-15 21:12:55', '2023-03-15 21:12:55', NULL, 524),
(382, 336, 29, '2023-03-16 06:20:38', '2023-03-16 06:20:38', 'mimic adress', 605),
(383, 337, 29, '2023-03-16 10:31:46', '2023-03-16 10:31:46', 'mimic adress', 606),
(384, 338, 29, '2023-03-16 11:59:34', '2023-03-16 11:59:34', 'mimic adress', 607),
(385, 339, 29, '2023-03-16 17:49:15', '2023-03-16 17:49:15', 'mimic adress', 608),
(386, 340, 17, '2023-03-16 17:51:38', '2023-03-16 17:51:38', NULL, 608),
(387, 341, 29, '2023-03-17 12:07:19', '2023-03-17 12:07:19', 'mimic adress', 609),
(388, 342, 29, '2023-03-17 15:05:50', '2023-03-17 15:05:50', 'mimic adress', 610),
(389, 343, 29, '2023-03-18 16:29:48', '2023-03-18 16:29:48', 'mimic adress', 611),
(390, 344, 29, '2023-03-19 01:15:10', '2023-03-19 01:15:10', 'mimic adress', 612),
(391, 345, 13, '2023-03-19 01:15:56', '2023-03-19 01:15:56', NULL, 612),
(392, 346, 29, '2023-03-19 07:42:55', '2023-03-19 07:42:55', 'mimic adress', 613),
(393, 347, 17, '2023-03-19 07:45:41', '2023-03-19 07:45:41', NULL, 613),
(394, 348, 29, '2023-03-19 20:19:52', '2023-03-19 20:19:52', 'mimic adress', 614),
(395, 349, 29, '2023-03-20 00:52:51', '2023-03-20 00:52:51', 'mimic adress', 615),
(396, 350, 29, '2023-03-20 08:58:53', '2023-03-20 08:58:53', 'mimic adress', 616),
(397, 351, 29, '2023-03-20 14:29:56', '2023-03-20 14:29:56', 'mimic adress', 617),
(398, 352, 29, '2023-03-21 12:23:31', '2023-03-21 12:23:31', 'mimic adress', 618),
(399, 353, 29, '2023-03-21 13:49:40', '2023-03-21 13:49:40', 'mimic adress', 619),
(400, 354, 17, '2023-03-21 20:03:13', '2023-03-21 20:03:13', NULL, 614),
(401, 355, 14, '2023-03-21 20:18:13', '2023-03-21 20:18:13', NULL, 614),
(402, 356, 29, '2023-03-22 18:35:47', '2023-03-22 18:35:47', 'mimic adress', 620),
(403, 357, 17, '2023-03-22 18:38:31', '2023-03-22 18:38:31', NULL, 620),
(404, 358, 14, '2023-03-23 10:25:31', '2023-03-23 10:25:31', NULL, 489),
(405, 359, 29, '2023-03-23 15:36:43', '2023-03-23 15:36:43', 'mimic adress', 621),
(406, 360, 29, '2023-03-23 19:17:37', '2023-03-23 19:17:37', 'mimic adress', 622),
(407, 361, 29, '2023-03-23 21:28:56', '2023-03-23 21:28:56', 'mimic adress', 623),
(408, 362, 29, '2023-03-24 06:40:18', '2023-03-24 06:40:18', 'mimic adress', 624),
(409, 363, 15, '2023-03-24 06:46:47', '2023-03-24 06:46:47', NULL, 624),
(410, 364, 29, '2023-03-24 14:44:23', '2023-03-24 14:44:23', 'mimic adress', 625),
(411, 365, 29, '2023-03-25 17:55:14', '2023-03-25 17:55:14', 'mimic adress', 626),
(412, 366, 29, '2023-03-25 18:02:32', '2023-03-25 18:02:32', 'mimic adress', 627),
(413, 367, 29, '2023-03-26 04:41:37', '2023-03-26 04:41:37', 'mimic adress', 628),
(414, 368, 27, '2023-03-26 04:46:38', '2023-03-26 04:46:38', NULL, 628),
(415, 369, 29, '2023-03-26 05:16:54', '2023-03-26 05:16:54', 'mimic adress', 629),
(416, 370, 29, '2023-03-26 08:53:08', '2023-03-26 08:53:08', 'mimic adress', 630),
(417, 371, 29, '2023-03-26 15:16:10', '2023-03-26 15:16:10', 'mimic adress', 631),
(418, 372, 29, '2023-03-27 21:59:00', '2023-03-27 21:59:00', 'mimic adress', 632),
(419, 373, 29, '2023-03-29 12:10:43', '2023-03-29 12:10:43', 'mimic adress', 633),
(420, 374, 27, '2023-03-29 12:13:29', '2023-03-29 12:13:29', NULL, 633),
(421, 375, 15, '2023-03-29 12:17:53', '2023-03-29 12:17:53', NULL, 633),
(422, 376, 29, '2023-03-29 13:55:14', '2023-03-29 13:55:14', 'mimic adress', 634),
(423, 377, 17, '2023-03-29 13:57:15', '2023-03-29 13:57:15', NULL, 634),
(424, 378, 29, '2023-03-29 21:50:16', '2023-03-29 21:50:16', 'mimic adress', 635),
(425, 379, 29, '2023-03-30 03:01:03', '2023-03-30 03:01:03', 'mimic adress', 636),
(426, 380, 15, '2023-03-30 03:16:56', '2023-03-30 03:16:56', NULL, 636),
(427, 381, 29, '2023-03-31 11:21:40', '2023-03-31 11:21:40', 'mimic adress', 637),
(428, 382, 29, '2023-03-31 14:43:23', '2023-03-31 14:43:23', 'mimic adress', 638),
(429, 383, 29, '2023-03-31 16:42:12', '2023-03-31 16:42:12', 'mimic adress', 639),
(430, 384, 15, '2023-03-31 16:44:55', '2023-03-31 16:44:55', NULL, 639),
(431, 385, 29, '2023-03-31 19:00:22', '2023-03-31 19:00:22', 'mimic adress', 640),
(432, 386, 29, '2023-03-31 23:15:10', '2023-03-31 23:15:10', 'mimic adress', 641),
(433, 387, 27, '2023-03-31 23:16:46', '2023-03-31 23:16:46', NULL, 641),
(434, 388, 29, '2023-04-01 04:18:05', '2023-04-01 04:18:05', 'mimic adress', 642),
(435, 389, 29, '2023-04-01 05:46:44', '2023-04-01 05:46:44', 'mimic adress', 643),
(436, 390, 29, '2023-04-02 04:43:13', '2023-04-02 04:43:13', 'mimic adress', 644),
(437, 391, 29, '2023-04-02 07:42:24', '2023-04-02 07:42:24', 'mimic adress', 646),
(438, 392, 29, '2023-04-02 07:45:05', '2023-04-02 07:45:05', 'mimic adress', 647),
(439, 393, 29, '2023-04-02 17:52:14', '2023-04-02 17:52:14', 'mimic adress', 648),
(440, 394, 29, '2023-04-04 03:43:02', '2023-04-04 03:43:02', 'mimic adress', 649),
(441, 395, 15, '2023-04-04 03:55:13', '2023-04-04 03:55:13', NULL, 649),
(442, 396, 29, '2023-04-04 08:11:24', '2023-04-04 08:11:24', 'mimic adress', 650),
(443, 397, 13, '2023-04-04 09:44:00', '2023-04-04 09:44:00', NULL, 650),
(444, 398, 27, '2023-04-04 09:44:11', '2023-04-04 09:44:11', NULL, 650),
(445, 399, 32, '2023-04-04 10:26:29', '2023-04-04 10:26:29', NULL, 489),
(446, 400, 33, '2023-04-04 10:26:35', '2023-04-04 10:26:35', NULL, 650),
(447, 401, 32, '2023-04-04 10:27:11', '2023-04-04 10:27:11', NULL, 650),
(448, 402, 29, '2023-04-04 13:16:26', '2023-04-04 13:16:26', 'mimic adress', 651),
(449, 403, 29, '2023-04-04 15:12:01', '2023-04-04 15:12:01', 'mimic adress', 652),
(450, 404, 13, '2023-04-04 16:12:13', '2023-04-04 16:12:13', NULL, 652),
(451, 405, 29, '2023-04-04 21:58:06', '2023-04-04 21:58:06', 'mimic adress', 653),
(452, 406, 17, '2023-04-04 22:00:18', '2023-04-04 22:00:18', NULL, 653),
(453, 407, 32, '2023-04-04 23:07:12', '2023-04-04 23:07:12', NULL, 1),
(454, 408, 29, '2023-04-05 22:13:29', '2023-04-05 22:13:29', 'mimic adress', 654),
(455, 409, 33, '2023-04-06 02:38:50', '2023-04-06 02:38:50', NULL, 524),
(456, 410, 29, '2023-04-06 18:49:38', '2023-04-06 18:49:38', 'mimic adress', 655),
(457, 411, 29, '2023-04-06 20:05:23', '2023-04-06 20:05:23', 'mimic adress', 656),
(458, 412, 13, '2023-04-07 11:08:35', '2023-04-07 11:08:35', NULL, 489),
(459, 413, 29, '2023-04-07 14:14:31', '2023-04-07 14:14:31', 'mimic adress', 657),
(460, 414, 32, '2023-04-07 23:58:26', '2023-04-07 23:58:26', NULL, 524),
(461, 415, 29, '2023-04-08 09:49:49', '2023-04-08 09:49:49', 'mimic adress', 658),
(462, 416, 29, '2023-04-08 09:51:08', '2023-04-08 09:51:08', 'mimic adress', 659),
(463, 417, 29, '2023-04-08 21:10:41', '2023-04-08 21:10:41', 'mimic adress', 660),
(464, 418, 29, '2023-04-08 21:19:45', '2023-04-08 21:19:45', 'mimic adress', 661),
(465, 419, 29, '2023-04-09 05:29:25', '2023-04-09 05:29:25', 'mimic adress', 662),
(466, 420, 29, '2023-04-09 05:32:22', '2023-04-09 05:32:22', 'mimic adress', 663),
(467, 421, 17, '2023-04-09 05:40:29', '2023-04-09 05:40:29', NULL, 663),
(468, 422, 27, '2023-04-09 05:49:40', '2023-04-09 05:49:40', NULL, 663),
(469, 423, 29, '2023-04-09 15:25:59', '2023-04-09 15:25:59', 'mimic adress', 664),
(470, 424, 29, '2023-04-09 18:19:02', '2023-04-09 18:19:02', 'mimic adress', 665),
(471, 425, 29, '2023-04-09 19:01:10', '2023-04-09 19:01:10', 'mimic adress', 666),
(472, 426, 14, '2023-04-09 19:56:51', '2023-04-09 19:56:51', NULL, 666),
(473, 427, 33, '2023-04-10 08:03:27', '2023-04-10 08:03:27', NULL, 1),
(474, 428, 29, '2023-04-10 21:33:40', '2023-04-10 21:33:40', 'mimic adress', 667),
(475, 429, 29, '2023-04-11 03:37:50', '2023-04-11 03:37:50', 'mimic adress', 668),
(476, 430, 29, '2023-04-11 03:46:21', '2023-04-11 03:46:21', 'mimic adress', 669),
(477, 431, 29, '2023-04-11 11:08:31', '2023-04-11 11:08:31', 'mimic adress', 670),
(478, 432, 29, '2023-04-11 11:33:31', '2023-04-11 11:33:31', 'mimic adress', 671),
(479, 433, 29, '2023-04-11 14:29:21', '2023-04-11 14:29:21', 'mimic adress', 672),
(480, 434, 29, '2023-04-11 14:31:29', '2023-04-11 14:31:29', 'mimic adress', 673),
(481, 435, 29, '2023-04-12 21:50:05', '2023-04-12 21:50:05', 'mimic adress', 674),
(482, 436, 29, '2023-04-13 22:19:48', '2023-04-13 22:19:48', 'mimic adress', 675),
(483, 437, 29, '2023-04-14 05:09:34', '2023-04-14 05:09:34', 'mimic adress', 676),
(484, 438, 29, '2023-04-14 07:21:37', '2023-04-14 07:21:37', 'mimic adress', 677),
(485, 439, 29, '2023-04-14 17:06:10', '2023-04-14 17:06:10', 'mimic adress', 678),
(486, 440, 29, '2023-04-15 12:48:11', '2023-04-15 12:48:11', 'mimic adress', 679),
(487, 441, 29, '2023-04-16 13:12:17', '2023-04-16 13:12:17', 'mimic adress', 680),
(488, 442, 29, '2023-04-16 18:02:23', '2023-04-16 18:02:23', 'mimic adress', 681),
(489, 443, 29, '2023-04-16 18:06:54', '2023-04-16 18:06:54', 'mimic adress', 682),
(490, 444, 32, '2023-04-16 18:09:50', '2023-04-16 18:09:50', NULL, 682),
(491, 445, 29, '2023-04-17 06:58:54', '2023-04-17 06:58:54', 'mimic adress', 683),
(492, 446, 29, '2023-04-17 10:53:01', '2023-04-17 10:53:01', 'mimic adress', 684),
(493, 447, 29, '2023-04-17 11:00:52', '2023-04-17 11:00:52', 'mimic adress', 685),
(494, 448, 29, '2023-04-18 03:57:09', '2023-04-18 03:57:09', 'mimic adress', 686),
(495, 449, 29, '2023-04-18 19:43:21', '2023-04-18 19:43:21', 'mimic adress', 687),
(496, 450, 15, '2023-04-18 19:44:44', '2023-04-18 19:44:44', NULL, 687),
(497, 451, 29, '2023-04-21 01:55:26', '2023-04-21 01:55:26', 'mimic adress', 688),
(498, 452, 29, '2023-04-21 09:17:29', '2023-04-21 09:17:29', 'mimic adress', 689),
(499, 453, 29, '2023-04-22 21:14:13', '2023-04-22 21:14:13', 'mimic adress', 690),
(500, 454, 29, '2023-04-23 21:59:31', '2023-04-23 21:59:31', 'mimic adress', 691),
(501, 455, 29, '2023-04-24 10:21:45', '2023-04-24 10:21:45', 'mimic adress', 692),
(502, 456, 29, '2023-04-24 15:34:06', '2023-04-24 15:34:06', 'mimic adress', 693);

-- --------------------------------------------------------

--
-- Table structure for table `translations`
--

CREATE TABLE `translations` (
  `id` int(10) UNSIGNED NOT NULL,
  `table_name` varchar(255) COLLATE utf8mb4_unicode_ci NOT NULL,
  `column_name` varchar(255) COLLATE utf8mb4_unicode_ci NOT NULL,
  `foreign_key` int(10) UNSIGNED NOT NULL,
  `locale` varchar(255) COLLATE utf8mb4_unicode_ci NOT NULL,
  `value` text COLLATE utf8mb4_unicode_ci NOT NULL,
  `created_at` timestamp NULL DEFAULT NULL,
  `updated_at` timestamp NULL DEFAULT NULL
) ENGINE=InnoDB DEFAULT CHARSET=utf8mb4 COLLATE=utf8mb4_unicode_ci;

--
-- Dumping data for table `translations`
--

INSERT INTO `translations` (`id`, `table_name`, `column_name`, `foreign_key`, `locale`, `value`, `created_at`, `updated_at`) VALUES
(1, 'data_types', 'display_name_singular', 5, 'pt', 'Post', '2020-10-12 06:28:08', '2020-10-12 06:28:08'),
(2, 'data_types', 'display_name_singular', 6, 'pt', 'Página', '2020-10-12 06:28:08', '2020-10-12 06:28:08'),
(3, 'data_types', 'display_name_singular', 1, 'pt', 'Utilizador', '2020-10-12 06:28:08', '2020-10-12 06:28:08'),
(4, 'data_types', 'display_name_singular', 4, 'pt', 'Categoria', '2020-10-12 06:28:08', '2020-10-12 06:28:08'),
(5, 'data_types', 'display_name_singular', 2, 'pt', 'Menu', '2020-10-12 06:28:08', '2020-10-12 06:28:08'),
(6, 'data_types', 'display_name_singular', 3, 'pt', 'Função', '2020-10-12 06:28:09', '2020-10-12 06:28:09'),
(7, 'data_types', 'display_name_plural', 5, 'pt', 'Posts', '2020-10-12 06:28:09', '2020-10-12 06:28:09'),
(8, 'data_types', 'display_name_plural', 6, 'pt', 'Páginas', '2020-10-12 06:28:09', '2020-10-12 06:28:09'),
(9, 'data_types', 'display_name_plural', 1, 'pt', 'Utilizadores', '2020-10-12 06:28:09', '2020-10-12 06:28:09'),
(10, 'data_types', 'display_name_plural', 4, 'pt', 'Categorias', '2020-10-12 06:28:09', '2020-10-12 06:28:09'),
(11, 'data_types', 'display_name_plural', 2, 'pt', 'Menus', '2020-10-12 06:28:09', '2020-10-12 06:28:09'),
(12, 'data_types', 'display_name_plural', 3, 'pt', 'Funções', '2020-10-12 06:28:09', '2020-10-12 06:28:09'),
(13, 'categories', 'slug', 1, 'pt', 'categoria-1', '2020-10-12 06:28:09', '2020-10-12 06:28:09'),
(14, 'categories', 'name', 1, 'pt', 'Categoria 1', '2020-10-12 06:28:09', '2020-10-12 06:28:09'),
(15, 'categories', 'slug', 2, 'pt', 'categoria-2', '2020-10-12 06:28:09', '2020-10-12 06:28:09'),
(16, 'categories', 'name', 2, 'pt', 'Categoria 2', '2020-10-12 06:28:09', '2020-10-12 06:28:09'),
(17, 'pages', 'title', 1, 'pt', 'Olá Mundo', '2020-10-12 06:28:09', '2020-10-12 06:28:09'),
(18, 'pages', 'slug', 1, 'pt', 'ola-mundo', '2020-10-12 06:28:09', '2020-10-12 06:28:09'),
(19, 'pages', 'body', 1, 'pt', '<p>Olá Mundo. Scallywag grog swab Cat o\'nine tails scuttle rigging hardtack cable nipper Yellow Jack. Handsomely spirits knave lad killick landlubber or just lubber deadlights chantey pinnace crack Jennys tea cup. Provost long clothes black spot Yellow Jack bilged on her anchor league lateen sail case shot lee tackle.</p>\r\n<p>Ballast spirits fluke topmast me quarterdeck schooner landlubber or just lubber gabion belaying pin. Pinnace stern galleon starboard warp carouser to go on account dance the hempen jig jolly boat measured fer yer chains. Man-of-war fire in the hole nipperkin handsomely doubloon barkadeer Brethren of the Coast gibbet driver squiffy.</p>', '2020-10-12 06:28:09', '2020-10-12 06:28:09'),
(20, 'menu_items', 'title', 1, 'pt', 'Painel de Controle', '2020-10-12 06:28:09', '2020-10-12 06:28:09'),
(21, 'menu_items', 'title', 2, 'pt', 'Media', '2020-10-12 06:28:09', '2020-10-12 06:28:09'),
(22, 'menu_items', 'title', 12, 'pt', 'Publicações', '2020-10-12 06:28:09', '2020-10-12 06:28:09'),
(23, 'menu_items', 'title', 3, 'pt', 'Utilizadores', '2020-10-12 06:28:09', '2020-10-12 06:28:09'),
(24, 'menu_items', 'title', 11, 'pt', 'Categorias', '2020-10-12 06:28:09', '2020-10-12 06:28:09'),
(25, 'menu_items', 'title', 13, 'pt', 'Páginas', '2020-10-12 06:28:09', '2020-10-12 06:28:09'),
(26, 'menu_items', 'title', 4, 'pt', 'Funções', '2020-10-12 06:28:09', '2020-10-12 06:28:09'),
(27, 'menu_items', 'title', 5, 'pt', 'Ferramentas', '2020-10-12 06:28:09', '2020-10-12 06:28:09'),
(28, 'menu_items', 'title', 6, 'pt', 'Menus', '2020-10-12 06:28:09', '2020-10-12 06:28:09'),
(29, 'menu_items', 'title', 7, 'pt', 'Base de dados', '2020-10-12 06:28:09', '2020-10-12 06:28:09'),
(30, 'menu_items', 'title', 10, 'pt', 'Configurações', '2020-10-12 06:28:09', '2020-10-12 06:28:09');

-- --------------------------------------------------------

--
-- Table structure for table `users`
--

CREATE TABLE `users` (
  `id` bigint(20) UNSIGNED NOT NULL,
  `role_id` bigint(20) UNSIGNED DEFAULT NULL,
  `current_team_id` varchar(255) COLLATE utf8mb4_unicode_ci DEFAULT NULL,
  `profile_photo_path` text COLLATE utf8mb4_unicode_ci,
  `customer_id` text CHARACTER SET latin1,
  `email` varchar(255) COLLATE utf8mb4_unicode_ci NOT NULL,
  `name` varchar(191) COLLATE utf8mb4_unicode_ci NOT NULL,
  `first_name` varchar(191) COLLATE utf8mb4_unicode_ci DEFAULT NULL,
  `last_name` varchar(191) COLLATE utf8mb4_unicode_ci DEFAULT NULL,
  `avatar` varchar(191) COLLATE utf8mb4_unicode_ci NOT NULL DEFAULT 'users/default.png',
  `password` varchar(191) COLLATE utf8mb4_unicode_ci DEFAULT NULL,
  `two_factor_secret` text COLLATE utf8mb4_unicode_ci,
  `two_factor_recovery_codes` text COLLATE utf8mb4_unicode_ci,
  `verified` tinyint(1) NOT NULL DEFAULT '0',
  `merchant` tinyint(1) NOT NULL DEFAULT '0',
  `social` tinyint(1) NOT NULL DEFAULT '0',
  `balance` decimal(13,2) NOT NULL DEFAULT '0.00',
  `json_data` text COLLATE utf8mb4_unicode_ci,
  `account_status` tinyint(1) NOT NULL DEFAULT '1',
  `currency_id` int(11) DEFAULT NULL,
  `is_ticket_admin` tinyint(1) NOT NULL DEFAULT '0',
  `verification_token` text COLLATE utf8mb4_unicode_ci,
  `whatsapp` varchar(191) COLLATE utf8mb4_unicode_ci DEFAULT NULL,
  `phonenumber` varchar(191) COLLATE utf8mb4_unicode_ci DEFAULT NULL,
  `stro_account_number` text COLLATE utf8mb4_unicode_ci,
  `stro_account_name` text COLLATE utf8mb4_unicode_ci,
  `stro_bank_name` text COLLATE utf8mb4_unicode_ci,
  `email_verified_at` timestamp NULL DEFAULT NULL,
  `created_at` timestamp NULL DEFAULT NULL,
  `updated_at` timestamp NULL DEFAULT NULL,
  `remember_token` varchar(100) COLLATE utf8mb4_unicode_ci DEFAULT NULL,
  `settings` text COLLATE utf8mb4_unicode_ci,
  `identity_verified` tinyint(1) DEFAULT '0',
  `wallet_id` bigint(20) UNSIGNED DEFAULT NULL,
  `kyc_approved` int(11) NOT NULL DEFAULT '0',
  `govt_id_card_front` text COLLATE utf8mb4_unicode_ci,
  `govt_id_card_back` text COLLATE utf8mb4_unicode_ci,
  `selfi` text COLLATE utf8mb4_unicode_ci,
  `cs_token` text COLLATE utf8mb4_unicode_ci,
  `cs_token_added_at` timestamp NULL DEFAULT NULL
) ENGINE=InnoDB DEFAULT CHARSET=utf8mb4 COLLATE=utf8mb4_unicode_ci;

--
-- Dumping data for table `users`
--

INSERT INTO `users` (`id`, `role_id`, `current_team_id`, `profile_photo_path`, `customer_id`, `email`, `name`, `first_name`, `last_name`, `avatar`, `password`, `two_factor_secret`, `two_factor_recovery_codes`, `verified`, `merchant`, `social`, `balance`, `json_data`, `account_status`, `currency_id`, `is_ticket_admin`, `verification_token`, `whatsapp`, `phonenumber`, `stro_account_number`, `stro_account_name`, `stro_bank_name`, `email_verified_at`, `created_at`, `updated_at`, `remember_token`, `settings`, `identity_verified`, `wallet_id`, `kyc_approved`, `govt_id_card_front`, `govt_id_card_back`, `selfi`, `cs_token`, `cs_token_added_at`) VALUES
(1, 2, NULL, NULL, '64181', 'demouser@demouser.com', 'demo', 'Ubuntos', 'Sudo', 'https://phpwallet.codesviral.com/rest/assets/images/users/avatar/558589b6-bfef-4dd1-bbfc-03076aba6a8c1680677281221Screenshot_20230402-141108.png.jpg', '$2y$10$1b9vVK0rf/SpUjFYonDNf.YxoALWEYyXY8Hcq0/9Wfrr3xVmFhl1q', NULL, NULL, 1, 0, 0, '0.00', NULL, 1, 1, 0, NULL, NULL, NULL, NULL, NULL, NULL, NULL, '2020-10-12 06:28:06', '2023-04-25 07:01:33', 'rOJQi5auDnU5XqqaLGvkmCNhL4PdASR9H6fAouEt4E78MXgx5VMqxqxKexoX', NULL, 0, 9, 0, '', '', '', 'iXJrNAOcyUk8', '2022-03-31 01:20:40'),
(489, 1, NULL, NULL, '6434471b3b152487102babaf', 'osenijamiu9@gmail.com', 'jamoxtsar', 'Oseni', 'jamiu', 'https://phpwallet.codesviral.com//storage/users/jamoxtsar/7c59b481b22e3f8f5d052c4601825a0a6bfcd6c8.jpg', '$2y$10$RoVEsWlNRlqcWLvA3JgDH.gGJzzzEVyWQ96sOT3C7Eb3FMzW8dIam', NULL, NULL, 1, 0, 0, '0.00', NULL, 1, 2, 0, 'c8ZvjHFGi0n6puFRYXctJ5ZDhDVFMZsnV5R0iquw', '+2348166568886', '+2348166568886', NULL, NULL, NULL, NULL, '2023-02-05 19:18:24', '2023-04-11 13:20:42', '0Zk08LpxrcKI9AhVZP699wDDgI15FaPD9CxPRvFCLOyYR82GyFvSjUsREsbZ', NULL, 0, 203, 0, '', '', '', NULL, NULL),
(524, 4, NULL, NULL, NULL, 'userdemo@gmail.com', 'userdemo', 'user', 'demo', 'https://phpwallet.codesviral.com//storage/users/default.png', '$2y$10$iCZ2ePVdi1XXX4z8vHcPFeqtYDWNvD9Pd8K08e8NATugWz8kl0NV6', NULL, NULL, 1, 0, 0, '0.00', NULL, 1, 14, 0, '107eWMoceBa1AGNmfJpnsG5kOJR2WqIk6c6ECtgJ', '+2348065432154', '+2348065432154', NULL, NULL, NULL, NULL, '2023-02-18 19:27:52', '2023-04-25 10:21:44', 'rvhLfpwZbPyharK1NpqW5WxEbV10qhI1MM8LiufgkLlClvKFZhCPgVCzFZ7c', NULL, 0, 241, 0, '', '', '', NULL, NULL);

-- --------------------------------------------------------

--
-- Table structure for table `user_roles`
--

CREATE TABLE `user_roles` (
  `user_id` bigint(20) UNSIGNED NOT NULL,
  `role_id` bigint(20) UNSIGNED NOT NULL
) ENGINE=InnoDB DEFAULT CHARSET=utf8mb4 COLLATE=utf8mb4_unicode_ci;

--
-- Dumping data for table `user_roles`
--

INSERT INTO `user_roles` (`user_id`, `role_id`) VALUES
(489, 1);

-- --------------------------------------------------------

--
-- Table structure for table `vcards`
--

CREATE TABLE `vcards` (
  `id` int(10) NOT NULL,
  `rave_id` varchar(40) NOT NULL,
  `trx` text,
  `user_id` int(11) NOT NULL,
  `cardpan` varchar(40) NOT NULL,
  `maskedpan` varchar(40) NOT NULL,
  `expiration` varchar(10) NOT NULL,
  `type` varchar(10) NOT NULL,
  `is_active` tinyint(1) NOT NULL DEFAULT '1',
  `created_at` timestamp NULL DEFAULT NULL,
  `updated_at` timestamp NULL DEFAULT NULL
) ENGINE=InnoDB DEFAULT CHARSET=latin1;

--
-- Dumping data for table `vcards`
--

INSERT INTO `vcards` (`id`, `rave_id`, `trx`, `user_id`, `cardpan`, `maskedpan`, `expiration`, `type`, `is_active`, `created_at`, `updated_at`) VALUES
(65, '63f39c6d48650fef9244a9b3', 'J3E7KB6FVEK4', 1, '506321jdd26tSJV3531', '506321jdd26tSJV3531', '11/2025', 'virtual', 1, '2023-02-20 16:14:38', '2023-02-20 16:14:38'),
(66, '63f48373404e4d29f3b51c81', 'AR66EEGPV78A', 1, '506321jdd26tSJV3531', '506321jdd26tSJV3531', '11/2025', 'virtual', 1, '2023-02-21 08:40:45', '2023-02-21 08:40:45'),
(67, '63f4adf1404e4d29f3b54ddb', 'A9VMEMAM8624', 1, '506321jdd26tSJV3531', '506321jdd26tSJV3531', '11/2025', 'virtual', 1, '2023-02-21 11:41:38', '2023-02-21 11:41:38'),
(68, '63f4b2d6404e4d29f3b5528c', 'S9SJ4PKK148B', 1, '506321jdd26tSJV3531', '506321jdd26tSJV3531', '11/2025', 'virtual', 1, '2023-02-21 12:02:31', '2023-02-21 12:02:31'),
(69, '63f52641404e4d29f3b5a888', 'WXRG2CK7XX4F', 524, '506321jdd26tSJV3531', '506321jdd26tSJV3531', '11/2025', 'virtual', 1, '2023-02-21 20:14:58', '2023-02-21 20:14:58'),
(70, '63f5d06a65484ce511262759', 'TMMW5W1UUVU7', 524, '506321jdd26tSJV3531', '506321jdd26tSJV3531', '11/2025', 'virtual', 1, '2023-02-22 08:20:59', '2023-02-22 08:20:59'),
(71, '63f5d05a65484ce5112626b7', '5H7S42V466HD', 524, '506321jdd26tSJV3531', '506321jdd26tSJV3531', '11/2025', 'virtual', 1, '2023-02-22 08:21:09', '2023-02-22 08:21:09'),
(72, '63f64e74890b4bb1b4fd4ed3', 'U9K9P8FCUCET', 1, '506321jdd26tSJV3531', '506321jdd26tSJV3531', '11/2025', 'virtual', 1, '2023-02-22 17:19:10', '2023-02-22 17:19:10'),
(73, '63f69a7a890b4bb1b4fe21a4', 'V7ZWJE7Q18HA', 524, '506321jdd26tSJV3531', '506321jdd26tSJV3531', '11/2025', 'virtual', 1, '2023-02-22 22:43:08', '2023-02-22 22:43:08'),
(74, '63f69aa1890b4bb1b4fe2283', 'BG3DHNVYGXQ2', 524, '506321jdd26tSJV3531', '506321jdd26tSJV3531', '11/2025', 'virtual', 1, '2023-02-22 22:43:46', '2023-02-22 22:43:46'),
(75, '63f753bd890b4bb1b4fef1b0', '7EKSEDXFDBFW', 524, '506321jdd26tSJV3531', '506321jdd26tSJV3531', '11/2025', 'virtual', 1, '2023-02-23 11:54:00', '2023-02-23 11:54:00'),
(76, '63f7546f890b4bb1b4fef243', 'C1WXXP3C2GXP', 1, '506321jdd26tSJV3531', '506321jdd26tSJV3531', '11/2025', 'virtual', 1, '2023-02-23 11:56:32', '2023-02-23 11:56:32'),
(77, '63f76832890b4bb1b4ff100e', 'OU74B69THOP1', 1, '506321jdd26tSJV3531', '506321jdd26tSJV3531', '11/2025', 'virtual', 1, '2023-02-23 13:20:51', '2023-02-23 13:20:51'),
(78, '63f76b55890b4bb1b4ff13f4', 'U56DUTJH1VAG', 1, '506321jdd26tSJV3531', '506321jdd26tSJV3531', '11/2025', 'virtual', 1, '2023-02-23 13:34:14', '2023-02-23 13:34:14'),
(79, '63f8b365e0d87b0c5b7d6f5b', 'U1CXY4AFTO9C', 524, '506321jdd26tSJV3531', '506321jdd26tSJV3531', '11/2025', 'virtual', 1, '2023-02-24 12:53:59', '2023-02-24 12:53:59'),
(80, '63f8b369e0d87b0c5b7d6fd8', '1HACH3W6TUZ5', 524, '506321jdd26tSJV3531', '506321jdd26tSJV3531', '11/2025', 'virtual', 1, '2023-02-24 12:54:02', '2023-02-24 12:54:02'),
(81, '63f8e161e0d87b0c5b7d82be', 'UGJ5GVNKR28R', 1, '506321jdd26tSJV3531', '506321jdd26tSJV3531', '11/2025', 'virtual', 1, '2023-02-24 16:10:35', '2023-02-24 16:10:35'),
(82, '63f933503f715ebe3fb70c3d', 'HYF4YCGJJURJ', 524, '506321jdd26tSJV3531', '506321jdd26tSJV3531', '11/2025', 'virtual', 1, '2023-02-24 21:59:45', '2023-02-24 21:59:45'),
(83, '63fa7096cedf695c829b16ee', 'PO4E7G4B78MC', 1, '506321jdd26tSJV3531', '506321jdd26tSJV3531', '11/2025', 'virtual', 1, '2023-02-25 20:33:27', '2023-02-25 20:33:27'),
(84, '63fb7318cedf695c829b651b', '1D9HQRXWFPCW', 1, '506321jdd26tSJV3531', '506321jdd26tSJV3531', '11/2025', 'virtual', 1, '2023-02-26 14:56:25', '2023-02-26 14:56:25'),
(85, '63fb81b2cedf695c829b681c', 'FJP8WF5HPZGG', 1, '506321jdd26tSJV3531', '506321jdd26tSJV3531', '11/2025', 'virtual', 1, '2023-02-26 15:58:43', '2023-02-26 15:58:43'),
(86, '63fbbaf7cedf695c829b7bbf', '9FWOSNQHF6A6', 1, '506321jdd26tSJV3531', '506321jdd26tSJV3531', '11/2025', 'virtual', 1, '2023-02-26 20:03:04', '2023-02-26 20:03:04'),
(87, '6407ad377ee4103b207c7ee4', 'Q3XU6O3S19RV', 524, '506321jdd26tSJV3531', '506321jdd26tSJV3531', '11/2025', 'virtual', 1, '2023-03-07 21:32:01', '2023-03-07 21:32:01'),
(88, '6408f8511aea192bdf586fca', 'JEGU3YY4SAUN', 524, '506321jdd26tSJV3531', '506321jdd26tSJV3531', '11/2025', 'virtual', 1, '2023-03-08 21:04:43', '2023-03-08 21:04:43'),
(89, '6408f9701aea192bdf587072', 'PB6TE1OP8J47', 524, '506321jdd26tSJV3531', '506321jdd26tSJV3531', '11/2025', 'virtual', 1, '2023-03-08 21:09:05', '2023-03-08 21:09:05'),
(90, '640b3f067410278206e9989d', 'TWYWDDNP8NVM', 524, '506321jdd26tSJV3531', '506321jdd26tSJV3531', '11/2025', 'virtual', 1, '2023-03-10 14:30:31', '2023-03-10 14:30:31'),
(91, '640cb4705e0e38bf5e2ebbdf', 'E998QG5ATS7N', 1, '506321jdd26tSJV3531', '506321jdd26tSJV3531', '11/2025', 'virtual', 1, '2023-03-11 17:03:45', '2023-03-11 17:03:45'),
(92, '640cca175e0e38bf5e2ec052', 'GC582UQF2MBN', 1, '506321jdd26tSJV3531', '506321jdd26tSJV3531', '11/2025', 'virtual', 1, '2023-03-11 18:36:09', '2023-03-11 18:36:09'),
(93, '640e40c7d9756b65752ec8eb', 'FJJCY63F8AA4', 1, '506321jdd26tSJV3531', '506321jdd26tSJV3531', '11/2025', 'virtual', 1, '2023-03-12 21:14:48', '2023-03-12 21:14:48'),
(94, '640f49acb360b3efed7c53e5', 'F7KZ4N9TTYRJ', 1, '506321jdd26tSJV3531', '506321jdd26tSJV3531', '11/2025', 'virtual', 1, '2023-03-13 16:05:02', '2023-03-13 16:05:02'),
(95, '640f6e3db360b3efed7c645a', 'PPOXY3C7VJA3', 1, '506321jdd26tSJV3531', '506321jdd26tSJV3531', '11/2025', 'virtual', 1, '2023-03-13 18:41:02', '2023-03-13 18:41:02'),
(96, '640fa0b9b360b3efed7d0215', 'T19KPHTFS2QW', 1, '506321jdd26tSJV3531', '506321jdd26tSJV3531', '11/2025', 'virtual', 1, '2023-03-13 22:16:26', '2023-03-13 22:16:26'),
(97, '64166e4e6140a99a70bb569c', 'CB9DPV5P1OMC', 1, '506321jdd26tSJV3531', '506321jdd26tSJV3531', '11/2025', 'virtual', 1, '2023-03-19 02:07:12', '2023-03-19 02:07:12'),
(98, '641a2b4fa37e4050646a15de', '1JAVPQVH6514', 1, '506321jdd26tSJV3531', '506321jdd26tSJV3531', '11/2025', 'virtual', 1, '2023-03-21 22:10:24', '2023-03-21 22:10:24'),
(99, '641ac15fa37e4050646a370c', 'XWH7D49H4ZO5', 614, '506321jdd26tSJV3531', '506321jdd26tSJV3531', '11/2025', 'virtual', 1, '2023-03-22 08:50:40', '2023-03-22 08:50:40'),
(100, '641c3304a37e4050646c3f20', 'VWJA7JSVA4UN', 524, '506321jdd26tSJV3531', '506321jdd26tSJV3531', '11/2025', 'virtual', 1, '2023-03-23 11:07:49', '2023-03-23 11:07:49'),
(101, '641cd534a37e4050646cd60e', 'KC8CAHMPM56K', 524, '506321jdd26tSJV3531', '506321jdd26tSJV3531', '11/2025', 'virtual', 1, '2023-03-23 22:39:50', '2023-03-23 22:39:50'),
(102, '641df02fa5d67be5dff7f691', 'Y5ACY7KU5Q9G', 524, '506321jdd26tSJV3531', '506321jdd26tSJV3531', '11/2025', 'virtual', 1, '2023-03-24 18:47:13', '2023-03-24 18:47:13'),
(103, '641f957e3387ed6f102a7147', 'OJ3WJP89FRK2', 524, '506321jdd26tSJV3531', '506321jdd26tSJV3531', '11/2025', 'virtual', 1, '2023-03-26 00:44:48', '2023-03-26 00:44:48'),
(104, '6420196a3387ed6f102a9f97', 'VASOFF175CNR', 1, '506321jdd26tSJV3531', '506321jdd26tSJV3531', '11/2025', 'virtual', 1, '2023-03-26 10:07:40', '2023-03-26 10:07:40'),
(105, '642c05cbeb78b845c9301c23', 'X9SOM2JQARXQ', 489, '506321jdd26tSJV3531', '506321jdd26tSJV3531', '11/2025', 'virtual', 1, '2023-04-04 11:11:08', '2023-04-04 11:11:08'),
(106, '642c7f50eb78b845c9313afb', '4SEECNB7QBK9', 1, '506321jdd26tSJV3531', '506321jdd26tSJV3531', '11/2025', 'virtual', 1, '2023-04-04 19:49:38', '2023-04-04 19:49:38'),
(107, '642ca509eb78b845c931423e', 'UK64UX9963VK', 1, '506321jdd26tSJV3531', '506321jdd26tSJV3531', '11/2025', 'virtual', 1, '2023-04-04 22:30:35', '2023-04-04 22:30:35'),
(108, '642e638a65873bc4054f02b5', 'EFZRK8JD5OHN', 1, '506321jdd26tSJV3531', '506321jdd26tSJV3531', '11/2025', 'virtual', 1, '2023-04-06 06:15:38', '2023-04-06 06:15:38'),
(109, '642e657965873bc4054f034c', 'QUWJ8YROQPUJ', 1, '506321jdd26tSJV3531', '506321jdd26tSJV3531', '11/2025', 'virtual', 1, '2023-04-06 06:23:53', '2023-04-06 06:23:53'),
(110, '642e658665873bc4054f03d9', '9OWSO9D7KA64', 1, '506321jdd26tSJV3531', '506321jdd26tSJV3531', '11/2025', 'virtual', 1, '2023-04-06 06:24:06', '2023-04-06 06:24:06'),
(111, '642e686665873bc4054f0466', '86FKQ7NV61YY', 1, '506321jdd26tSJV3531', '506321jdd26tSJV3531', '11/2025', 'virtual', 1, '2023-04-06 06:36:22', '2023-04-06 06:36:22'),
(112, '642e68a065873bc4054f04f3', '4PPPV959EV1E', 1, '506321jdd26tSJV3531', '506321jdd26tSJV3531', '11/2025', 'virtual', 1, '2023-04-06 06:37:20', '2023-04-06 06:37:20'),
(113, '642e68f065873bc4054f0580', 'K92Y8HBWUJQR', 1, '506321jdd26tSJV3531', '506321jdd26tSJV3531', '11/2025', 'virtual', 1, '2023-04-06 06:38:40', '2023-04-06 06:38:40'),
(114, '642e6b9065873bc4054f0614', 'JQ9YTN5AAHRO', 1, '506321jdd26tSJV3531', '506321jdd26tSJV3531', '11/2025', 'virtual', 1, '2023-04-06 06:49:52', '2023-04-06 06:49:52'),
(115, '642e6bb065873bc4054f06a1', 'NP9OEAMGQQ9W', 1, '506321jdd26tSJV3531', '506321jdd26tSJV3531', '11/2025', 'virtual', 1, '2023-04-06 06:50:26', '2023-04-06 06:50:26'),
(116, '642e6c7365873bc4054f072e', 'FBP6UG1OPVCX', 1, '506321jdd26tSJV3531', '506321jdd26tSJV3531', '11/2025', 'virtual', 1, '2023-04-06 06:53:41', '2023-04-06 06:53:41'),
(117, '642ed805d020fef4a07a6bec', 'F4Z4SPSFW8Y6', 1, '506321jdd26tSJV3531', '506321jdd26tSJV3531', '11/2025', 'virtual', 1, '2023-04-06 14:32:39', '2023-04-06 14:32:39'),
(118, '642f0a82d020fef4a07ac73e', '2PDT5T7HWFCG', 1, '506321jdd26tSJV3531', '506321jdd26tSJV3531', '11/2025', 'virtual', 1, '2023-04-06 18:08:03', '2023-04-06 18:08:03'),
(119, '643029e8d020fef4a07b49a9', '7K11CANA2UZU', 524, '506321jdd26tSJV3531', '506321jdd26tSJV3531', '11/2025', 'virtual', 1, '2023-04-07 14:34:17', '2023-04-07 14:34:17'),
(120, '6430838bd020fef4a07be753', '828THPGT3SDJ', 1, '506321jdd26tSJV3531', '506321jdd26tSJV3531', '11/2025', 'virtual', 1, '2023-04-07 20:56:44', '2023-04-07 20:56:44'),
(121, '6430ae84d020fef4a07c3248', '4ORKVRN2CAWK', 524, '506321jdd26tSJV3531', '506321jdd26tSJV3531', '11/2025', 'virtual', 1, '2023-04-08 00:00:05', '2023-04-08 00:00:05'),
(122, '6430cc01d020fef4a07c42ef', 'TXGF56NYCXPG', 1, '506321jdd26tSJV3531', '506321jdd26tSJV3531', '11/2025', 'virtual', 1, '2023-04-08 02:05:55', '2023-04-08 02:05:55'),
(123, '6430db2cd020fef4a07c4442', 'F5UST3UPUM9O', 1, '506321jdd26tSJV3531', '506321jdd26tSJV3531', '11/2025', 'virtual', 1, '2023-04-08 03:10:38', '2023-04-08 03:10:38'),
(124, '643448a73ba5669cd6c98469', 'YDKB4QW2N19T', 489, '506321jdd26tSJV3531', '506321jdd26tSJV3531', '11/2025', 'virtual', 1, '2023-04-10 17:34:33', '2023-04-10 17:34:33'),
(125, '6434491c3ba5669cd6c984f6', '1WMAWSYNE5YM', 489, '506321jdd26tSJV3531', '506321jdd26tSJV3531', '11/2025', 'virtual', 1, '2023-04-10 17:36:28', '2023-04-10 17:36:28'),
(126, '6434495c3b152487102bbdd2', 'RFOAQJP6532R', 489, '5561509970923694', '5561509970923694', '04/2026', 'virtual', 1, '2023-04-10 17:37:32', '2023-04-10 17:37:32'),
(127, '6434d95c3ba5669cd6c9d1ab', 'D83MW3XSV2QC', 1, '506321jdd26tSJV3531', '506321jdd26tSJV3531', '11/2025', 'virtual', 1, '2023-04-11 03:51:57', '2023-04-11 03:51:57'),
(128, '6436929c6198a014ff2bf74a', 'PQZFWMQK19BZ', 1, '506321jdd26tSJV3531', '506321jdd26tSJV3531', '11/2025', 'virtual', 1, '2023-04-12 11:14:37', '2023-04-12 11:14:37'),
(129, '6437eb7557c1f777d8167561', 'QDSMFB82DJVW', 1, '506321jdd26tSJV3531', '506321jdd26tSJV3531', '11/2025', 'virtual', 1, '2023-04-13 11:45:58', '2023-04-13 11:45:58'),
(130, '6437ec5357c1f777d81677c7', 'Y9GM3QBTOD2N', 1, '506321jdd26tSJV3531', '506321jdd26tSJV3531', '11/2025', 'virtual', 1, '2023-04-13 11:49:40', '2023-04-13 11:49:40'),
(131, '6437ec9f57c1f777d8167899', 'CVYUSSUW5FVW', 1, '506321jdd26tSJV3531', '506321jdd26tSJV3531', '11/2025', 'virtual', 1, '2023-04-13 11:50:56', '2023-04-13 11:50:56'),
(132, '643bc0b2e58f190b5f7cb2d0', 'BUOVEBSOC4HO', 1, '506321jdd26tSJV3531', '506321jdd26tSJV3531', '11/2025', 'virtual', 1, '2023-04-16 09:32:35', '2023-04-16 09:32:35'),
(133, '643d234e4eacaf3ea5967c17', '64ROQ8FKA951', 524, '506321jdd26tSJV3531', '506321jdd26tSJV3531', '11/2025', 'virtual', 1, '2023-04-17 10:45:35', '2023-04-17 10:45:35'),
(134, '643d27774eacaf3ea5968bb0', '2HTO95QY6EDW', 685, '506321jdd26tSJV3531', '506321jdd26tSJV3531', '11/2025', 'virtual', 1, '2023-04-17 11:03:21', '2023-04-17 11:03:21'),
(135, '643d5e524eacaf3ea596ab04', 'WBRRCTA6GV2N', 1, '506321jdd26tSJV3531', '506321jdd26tSJV3531', '11/2025', 'virtual', 1, '2023-04-17 14:57:23', '2023-04-17 14:57:23'),
(136, '643dd280e73a0d2fe0c5c327', 'W8SRZG35JZ15', 1, '506321jdd26tSJV3531', '506321jdd26tSJV3531', '11/2025', 'virtual', 1, '2023-04-17 23:13:05', '2023-04-17 23:13:05'),
(137, '643f3f3e2a2ddf5325a6f0f0', 'PY53ZPQJXVJY', 1, '506321jdd26tSJV3531', '506321jdd26tSJV3531', '11/2025', 'virtual', 1, '2023-04-19 01:09:20', '2023-04-19 01:09:20'),
(138, '644053fc6a0a609ff028c25f', 'YZGYN3VY39W2', 524, '506321jdd26tSJV3531', '506321jdd26tSJV3531', '11/2025', 'virtual', 1, '2023-04-19 20:50:05', '2023-04-19 20:50:05'),
(139, '644078fe6a0a609ff028cc26', 'GNOQFNDCQBK1', 1, '506321jdd26tSJV3531', '506321jdd26tSJV3531', '11/2025', 'virtual', 1, '2023-04-19 23:27:59', '2023-04-19 23:27:59'),
(140, '64417a357bfdf420b910b19c', 'SJT7Q2DVMVAD', 524, '506321jdd26tSJV3531', '506321jdd26tSJV3531', '11/2025', 'virtual', 1, '2023-04-20 17:45:26', '2023-04-20 17:45:26'),
(141, '6442325f7bfdf420b910dfae', 'OWT4FRRX8X7H', 524, '506321jdd26tSJV3531', '506321jdd26tSJV3531', '11/2025', 'virtual', 1, '2023-04-21 06:51:12', '2023-04-21 06:51:12'),
(142, '644255b37bfdf420b910f02b', 'HB4ZW5G2VOOF', 1, '506321jdd26tSJV3531', '506321jdd26tSJV3531', '11/2025', 'virtual', 1, '2023-04-21 09:21:56', '2023-04-21 09:21:56'),
(143, '6443a26b59643bea0d97516f', 'GHUV1376B7VZ', 1, '506321jdd26tSJV3531', '506321jdd26tSJV3531', '11/2025', 'virtual', 1, '2023-04-22 09:01:32', '2023-04-22 09:01:32'),
(144, '6446926223817def157310f5', 'DRUC9RMNGGZR', 1, '506321jdd26tSJV3531', '506321jdd26tSJV3531', '11/2025', 'virtual', 1, '2023-04-24 14:29:56', '2023-04-24 14:29:56'),
(145, '64477b3d40fec64735473d50', 'HETMFWZJTH77', 1, '506321jdd26tSJV3531', '506321jdd26tSJV3531', '11/2025', 'virtual', 1, '2023-04-25 07:03:27', '2023-04-25 07:03:27');

-- --------------------------------------------------------

--
-- Table structure for table `virtualcarddetails`
--

CREATE TABLE `virtualcarddetails` (
  `id` bigint(20) UNSIGNED NOT NULL,
  `virtualcard_id` bigint(20) UNSIGNED NOT NULL,
  `card_id` text COLLATE utf8mb4_unicode_ci NOT NULL,
  `hash` text COLLATE utf8mb4_unicode_ci NOT NULL,
  `pan` text COLLATE utf8mb4_unicode_ci,
  `masked_pan` text COLLATE utf8mb4_unicode_ci NOT NULL,
  `city` text COLLATE utf8mb4_unicode_ci,
  `state` text COLLATE utf8mb4_unicode_ci,
  `address` text COLLATE utf8mb4_unicode_ci,
  `address_2` text COLLATE utf8mb4_unicode_ci,
  `account_id` bigint(20) DEFAULT NULL,
  `amount` decimal(9,2) NOT NULL DEFAULT '0.00',
  `name_on_card` varchar(191) COLLATE utf8mb4_unicode_ci NOT NULL,
  `zip_code` varchar(191) COLLATE utf8mb4_unicode_ci NOT NULL,
  `cvv` int(11) NOT NULL,
  `expiration` varchar(191) COLLATE utf8mb4_unicode_ci NOT NULL,
  `card_created_at` text COLLATE utf8mb4_unicode_ci NOT NULL,
  `send_to` varchar(191) COLLATE utf8mb4_unicode_ci DEFAULT NULL,
  `bin_check_name` varchar(191) COLLATE utf8mb4_unicode_ci DEFAULT NULL,
  `card_type` varchar(191) COLLATE utf8mb4_unicode_ci DEFAULT NULL,
  `is_active` tinyint(1) NOT NULL DEFAULT '0',
  `card_is_active` varchar(191) COLLATE utf8mb4_unicode_ci NOT NULL DEFAULT 'false',
  `callback_url` text COLLATE utf8mb4_unicode_ci,
  `created_at` timestamp NULL DEFAULT NULL,
  `updated_at` timestamp NULL DEFAULT NULL,
  `deleted_at` timestamp NULL DEFAULT NULL
) ENGINE=MyISAM DEFAULT CHARSET=utf8mb4 COLLATE=utf8mb4_unicode_ci;

--
-- Dumping data for table `virtualcarddetails`
--

INSERT INTO `virtualcarddetails` (`id`, `virtualcard_id`, `card_id`, `hash`, `pan`, `masked_pan`, `city`, `state`, `address`, `address_2`, `account_id`, `amount`, `name_on_card`, `zip_code`, `cvv`, `expiration`, `card_created_at`, `send_to`, `bin_check_name`, `card_type`, `is_active`, `card_is_active`, `callback_url`, `created_at`, `updated_at`, `deleted_at`) VALUES
(8, 10, '62386f98321c0', '62386f98321c4', '0000 0000 0000 8888', '**** **** **** 8888', NULL, NULL, NULL, NULL, NULL, '50.00', 'Celso Sudo', '0000', 0, '00/00', '2022-03-21 12:29:12', NULL, NULL, NULL, 0, 'false', NULL, '2022-03-21 16:29:12', '2022-03-21 16:29:12', NULL),
(7, 9, '62386ee659392', '62386ee659395', '0000 0000 0000 0000', '**** **** **** 0000', NULL, NULL, NULL, NULL, NULL, '20.00', 'Celso Sudo', '0000', 0, '00/00', '2022-03-21 12:26:14', NULL, NULL, NULL, 0, 'false', NULL, '2022-03-21 16:26:14', '2022-03-21 16:26:14', NULL),
(6, 8, '6234720847a51', '6234720847a54', '0000 0000 0000 0000', '**** **** **** 0000', NULL, NULL, NULL, NULL, NULL, '50.00', 'Celso Sudo', '0000', 0, '00/00', '2022-03-18 11:50:32', NULL, NULL, NULL, 0, 'false', NULL, '2022-03-18 15:50:32', '2022-03-18 15:50:32', NULL),
(5, 7, '62346348a4aa7', '62346348a4aab', '0000 0000 0000 0000', '**** **** **** 0000', NULL, NULL, NULL, NULL, NULL, '30.00', 'Celso Sudo', '0000', 0, '00/00', '2022-03-18 10:47:36', NULL, NULL, NULL, 0, 'false', NULL, '2022-03-18 14:47:36', '2022-03-18 14:47:36', NULL),
(9, 11, '6238713633109', '6238713633110', '7139 7139 7139 7139', '**** **** **** 7139', NULL, NULL, NULL, NULL, NULL, '20.00', 'Celso Sudo', '0000', 0, '00/00', '2022-03-21 12:36:06', NULL, NULL, NULL, 0, 'false', NULL, '2022-03-21 16:36:06', '2022-03-21 16:36:06', NULL),
(10, 12, '6238717f44568', '6238717f4456c', '5886 5886 5886 5886', '**** **** **** 5886', NULL, NULL, NULL, NULL, NULL, '200.00', 'Celso Sudo', '0000', 298, '03/23', '2022-03-21 12:37:19', NULL, NULL, NULL, 0, 'false', NULL, '2022-03-21 16:37:19', '2022-03-21 16:37:19', NULL),
(11, 13, '623871cf8557e', '623871cf85581', '4123 4123 4123 4123', '**** **** **** 4123', NULL, NULL, NULL, NULL, NULL, '50.00', 'Celso Sudo', '0000', 177, '03/23', '2022-03-21 12:38:39', NULL, NULL, NULL, 0, 'false', NULL, '2022-03-21 16:38:39', '2022-03-21 16:38:39', NULL),
(12, 14, '623871dc2dde0', '623871dc2dde4', '8698 8698 8698 8698', '**** **** **** 8698', NULL, NULL, NULL, NULL, NULL, '30.00', 'Celso Sudo', '0000', 816, '03/23', '2022-03-21 12:38:52', NULL, NULL, NULL, 0, 'false', NULL, '2022-03-21 16:38:52', '2022-03-21 16:38:52', NULL),
(13, 15, '623872b03531c', '623872b035324', '1308 8790 8287 9857', '**** **** **** 9857', NULL, NULL, NULL, NULL, NULL, '50.00', 'Celso Sudo', '0000', 973, '03/23', '2022-03-21 12:42:24', NULL, NULL, NULL, 0, 'false', NULL, '2022-03-21 16:42:24', '2022-03-21 16:42:24', NULL),
(14, 16, '6244c8c7d89eb', '6244c8c7d89ef', '1581 7348 8687 4418', '**** **** **** 4418', NULL, NULL, NULL, NULL, NULL, '50.00', 'Ubunto Sudo', '0000', 669, '03/23', '2022-03-30 21:16:55', NULL, NULL, NULL, 0, 'false', NULL, '2022-03-31 01:16:55', '2022-03-31 01:16:55', NULL);

-- --------------------------------------------------------

--
-- Table structure for table `virtualcardrequests`
--

CREATE TABLE `virtualcardrequests` (
  `id` bigint(20) UNSIGNED NOT NULL,
  `virtualcard_id` varchar(191) COLLATE utf8mb4_unicode_ci NOT NULL,
  `virtualcarddetail_id` varchar(191) COLLATE utf8mb4_unicode_ci NOT NULL,
  `user_id` bigint(20) UNSIGNED NOT NULL,
  `currency_id` bigint(20) UNSIGNED DEFAULT NULL,
  `virtual_card_issuer` varchar(191) COLLATE utf8mb4_unicode_ci NOT NULL,
  `status` tinyint(1) NOT NULL DEFAULT '0',
  `request_resolution` text COLLATE utf8mb4_unicode_ci NOT NULL,
  `created_at` timestamp NULL DEFAULT NULL,
  `updated_at` timestamp NULL DEFAULT NULL,
  `deleted_at` timestamp NULL DEFAULT NULL
) ENGINE=MyISAM DEFAULT CHARSET=utf8mb4 COLLATE=utf8mb4_unicode_ci;

--
-- Dumping data for table `virtualcardrequests`
--

INSERT INTO `virtualcardrequests` (`id`, `virtualcard_id`, `virtualcarddetail_id`, `user_id`, `currency_id`, `virtual_card_issuer`, `status`, `request_resolution`, `created_at`, `updated_at`, `deleted_at`) VALUES
(2, '7', '5', 2, 1, 'FlutterWave', 0, 'Waiting to be processed', '2022-03-18 14:47:36', '2022-03-18 14:47:36', NULL),
(3, '8', '6', 2, 1, 'FlutterWave', 0, 'Waiting to be processed', '2022-03-18 15:50:32', '2022-03-18 15:50:32', NULL),
(4, '9', '7', 2, 1, 'FlutterWave', 0, 'Waiting to be processed', '2022-03-21 16:26:14', '2022-03-21 16:26:14', NULL),
(5, '10', '8', 2, 1, 'FlutterWave', 0, 'Waiting to be processed', '2022-03-21 16:29:12', '2022-03-21 16:29:12', NULL),
(6, '11', '9', 2, 1, 'FlutterWave', 0, 'Waiting to be processed', '2022-03-21 16:36:06', '2022-03-21 16:36:06', NULL),
(7, '12', '10', 2, 1, 'FlutterWave', 0, 'Waiting to be processed', '2022-03-21 16:37:19', '2022-03-21 16:37:19', NULL),
(8, '13', '11', 2, 1, 'FlutterWave', 0, 'Waiting to be processed', '2022-03-21 16:38:39', '2022-03-21 16:38:39', NULL),
(9, '14', '12', 2, 1, 'FlutterWave', 0, 'Waiting to be processed', '2022-03-21 16:38:52', '2022-03-21 16:38:52', NULL),
(10, '15', '13', 2, 1, 'FlutterWave', 0, 'Waiting to be processed', '2022-03-21 16:42:24', '2022-03-21 16:42:24', NULL),
(11, '16', '14', 1, 1, 'FlutterWave', 0, 'Waiting to be processed', '2022-03-31 01:16:55', '2022-03-31 01:16:55', NULL);

-- --------------------------------------------------------

--
-- Table structure for table `virtualcards`
--

CREATE TABLE `virtualcards` (
  `id` bigint(20) UNSIGNED NOT NULL,
  `virtual_card_id` varchar(191) COLLATE utf8mb4_unicode_ci NOT NULL,
  `user_id` bigint(20) UNSIGNED NOT NULL,
  `currency_id` bigint(20) UNSIGNED DEFAULT NULL,
  `virtual_card_issuer` varchar(191) COLLATE utf8mb4_unicode_ci NOT NULL,
  `created_at` timestamp NULL DEFAULT NULL,
  `updated_at` timestamp NULL DEFAULT NULL,
  `deleted_at` timestamp NULL DEFAULT NULL,
  `status` tinyint(1) DEFAULT '0',
  `status_string` varchar(191) COLLATE utf8mb4_unicode_ci DEFAULT 'Inactive',
  `message` text COLLATE utf8mb4_unicode_ci
) ENGINE=MyISAM DEFAULT CHARSET=utf8mb4 COLLATE=utf8mb4_unicode_ci;

--
-- Dumping data for table `virtualcards`
--

INSERT INTO `virtualcards` (`id`, `virtual_card_id`, `user_id`, `currency_id`, `virtual_card_issuer`, `created_at`, `updated_at`, `deleted_at`, `status`, `status_string`, `message`) VALUES
(12, '6238717f43ec8', 2, 1, 'FlutterWave', '2022-03-21 16:37:19', '2022-03-21 16:37:19', NULL, 0, 'Inactive', NULL),
(11, '6238713631cdd', 2, 1, 'FlutterWave', '2022-03-21 16:36:06', '2022-03-21 16:36:06', NULL, 0, 'Inactive', NULL),
(10, '62386f9831438', 2, 1, 'FlutterWave', '2022-03-21 16:29:12', '2022-03-21 16:29:12', NULL, 0, 'Inactive', NULL),
(9, '62386ee658dca', 2, 1, 'FlutterWave', '2022-03-21 16:26:14', '2022-03-21 16:26:14', NULL, 0, 'Inactive', NULL),
(8, '62347208467af', 2, 1, 'FlutterWave', '2022-03-18 15:50:32', '2022-03-18 15:50:32', NULL, 0, 'Inactive', NULL),
(7, '62346348a0258', 2, 1, 'FlutterWave', '2022-03-18 14:47:36', '2022-03-18 14:47:36', NULL, 0, 'Inactive', NULL),
(13, '623871cf8514b', 2, 1, 'FlutterWave', '2022-03-21 16:38:39', '2022-03-21 16:38:39', NULL, 0, 'Inactive', NULL),
(14, '623871dc2d5f6', 2, 1, 'FlutterWave', '2022-03-21 16:38:52', '2022-03-21 16:38:52', NULL, 0, 'Inactive', NULL),
(15, '623872b0341e0', 2, 1, 'FlutterWave', '2022-03-21 16:42:24', '2022-03-21 16:42:24', NULL, 0, 'Inactive', NULL),
(16, '6244c8c7d6bfb', 1, 1, 'FlutterWave', '2022-03-31 01:16:55', '2022-03-31 01:16:55', NULL, 0, 'Inactive', NULL);

-- --------------------------------------------------------

--
-- Table structure for table `voucherorders`
--

CREATE TABLE `voucherorders` (
  `id` bigint(20) UNSIGNED NOT NULL,
  `voucher_id` int(11) DEFAULT NULL,
  `user_id` bigint(20) UNSIGNED NOT NULL,
  `currency_id` bigint(20) UNSIGNED NOT NULL,
  `amount` decimal(16,8) NOT NULL DEFAULT '0.00000000',
  `fee` decimal(16,8) NOT NULL DEFAULT '0.00000000',
  `total` decimal(16,8) NOT NULL DEFAULT '0.00000000',
  `is_crypto` tinyint(1) NOT NULL DEFAULT '0',
  `order_status` varchar(191) COLLATE utf8mb4_unicode_ci NOT NULL DEFAULT 'active',
  `payment_method` varchar(191) COLLATE utf8mb4_unicode_ci DEFAULT NULL,
  `out_transaction_id` text COLLATE utf8mb4_unicode_ci NOT NULL,
  `state` int(11) NOT NULL DEFAULT '1',
  `created_at` timestamp NULL DEFAULT NULL,
  `updated_at` timestamp NULL DEFAULT NULL,
  `vorderid` text COLLATE utf8mb4_unicode_ci
) ENGINE=MyISAM DEFAULT CHARSET=utf8mb4 COLLATE=utf8mb4_unicode_ci;

--
-- Dumping data for table `voucherorders`
--

INSERT INTO `voucherorders` (`id`, `voucher_id`, `user_id`, `currency_id`, `amount`, `fee`, `total`, `is_crypto`, `order_status`, `payment_method`, `out_transaction_id`, `state`, `created_at`, `updated_at`, `vorderid`) VALUES
(1, NULL, 2, 1, '1000.00000000', '25.00000000', '1025.00000000', 0, 'Pending', 'Stripe', '0', 0, '2021-12-15 13:51:10', '2021-12-15 13:51:10', NULL),
(2, NULL, 2, 1, '1000.00000000', '25.00000000', '1025.00000000', 0, 'Pending', 'Stripe', '0', 0, '2021-12-15 13:51:11', '2021-12-15 13:51:11', NULL),
(3, NULL, 2, 1, '30.00000000', '5.60000000', '35.60000000', 0, 'Pending', 'Stripe', '0', 0, '2021-12-15 14:49:38', '2021-12-15 14:49:38', NULL),
(4, NULL, 2, 1, '600.00000000', '17.00000000', '617.00000000', 0, 'Pending', 'Stripe', '0', 0, '2021-12-15 15:10:29', '2021-12-15 15:10:29', NULL),
(5, NULL, 2, 1, '600.00000000', '17.00000000', '617.00000000', 0, 'Pending', 'Stripe', '0', 0, '2021-12-15 15:17:48', '2021-12-15 15:17:48', NULL),
(6, NULL, 2, 1, '300.00000000', '11.00000000', '311.00000000', 0, 'Pending', 'Stripe', '0', 0, '2021-12-15 18:35:26', '2021-12-15 18:35:26', NULL),
(7, NULL, 2, 1, '40.00000000', '5.80000000', '45.80000000', 0, 'Pending', 'Stripe', '0', 0, '2021-12-15 20:52:44', '2021-12-15 20:52:44', 'bLWtzakcFGFI'),
(8, NULL, 2, 1, '200.00000000', '9.00000000', '209.00000000', 0, 'Pending', 'Stripe', '0', 0, '2021-12-16 12:32:14', '2021-12-16 12:32:14', 'VwSQRO9qxaXW'),
(9, NULL, 2, 1, '250.00000000', '10.00000000', '260.00000000', 0, 'Pending', 'Stripe', '0', 0, '2021-12-16 12:34:10', '2021-12-16 12:34:10', '3lzJYWjS42fZ'),
(10, NULL, 2, 1, '500.00000000', '15.00000000', '515.00000000', 0, 'Pending', 'Stripe', '0', 0, '2021-12-16 12:40:02', '2021-12-16 12:40:02', 'Fa5GOTS3vHCO'),
(11, NULL, 2, 1, '500.00000000', '15.00000000', '515.00000000', 0, 'Pending', 'Stripe', '0', 0, '2021-12-16 12:41:40', '2021-12-16 12:41:40', 'gODG8dN7vcZD'),
(12, NULL, 2, 1, '500.00000000', '15.00000000', '515.00000000', 0, 'Pending', 'Stripe', '0', 0, '2021-12-16 12:43:07', '2021-12-16 12:43:07', 'GSFQtOVbLDNO'),
(13, NULL, 2, 1, '200.00000000', '9.00000000', '209.00000000', 0, 'Pending', 'Stripe', '0', 0, '2021-12-16 13:01:48', '2021-12-16 13:01:48', 'sCBCwTv94BSG'),
(14, NULL, 2, 1, '20.00000000', '5.40000000', '25.40000000', 0, 'Pending', 'Flutterwave', '0', 0, '2022-02-23 11:00:34', '2022-02-23 11:00:34', '0QHn42v9godz'),
(15, NULL, 2, 1, '20.00000000', '5.40000000', '25.40000000', 0, 'Pending', 'Flutterwave', '0', 0, '2022-02-23 11:13:53', '2022-02-23 11:13:53', 'Mo3KZ824xmka'),
(16, NULL, 2, 1, '20.00000000', '5.40000000', '25.40000000', 0, 'Pending', 'Flutterwave', '0', 0, '2022-02-23 11:24:28', '2022-02-23 11:24:28', 'kE2P9JUUlWVR'),
(17, NULL, 2, 1, '100.00000000', '7.00000000', '107.00000000', 0, 'Pending', 'Flutterwave', '0', 0, '2022-02-23 11:28:57', '2022-02-23 11:28:57', 'hcBYPq7CmnzL'),
(18, NULL, 2, 1, '20.00000000', '5.40000000', '25.40000000', 0, 'Pending', 'Flutterwave', '0', 0, '2022-02-23 11:36:19', '2022-02-23 11:36:19', '9oKsoqx79qHw'),
(19, NULL, 2, 1, '20.00000000', '5.40000000', '25.40000000', 0, 'Pending', 'Flutterwave', '0', 0, '2022-02-23 11:38:20', '2022-02-23 11:38:20', 'zmacKAIWAhUj'),
(20, NULL, 2, 1, '20.00000000', '5.40000000', '25.40000000', 0, 'Pending', 'Flutterwave', '0', 0, '2022-02-24 01:43:38', '2022-02-24 01:43:38', 'GwTgPUOdtX2j'),
(21, NULL, 2, 1, '20.00000000', '5.40000000', '25.40000000', 0, 'Pending', 'Flutterwave', '0', 0, '2022-02-24 01:43:53', '2022-02-24 01:43:53', 'sKqNIkzPvYIk'),
(22, NULL, 1, 1, '60.00000000', '6.20000000', '66.20000000', 0, 'Pending', 'Stripe', '0', 0, '2022-03-31 01:20:40', '2022-03-31 01:20:40', 'DdXRyvXOwF2i'),
(23, NULL, 2, 1, '20.00000000', '5.40000000', '25.40000000', 0, 'Pending', 'Stripe', '0', 0, '2022-04-25 20:23:41', '2022-04-25 20:23:41', 'AV4pyEkIXcce'),
(24, NULL, 352, 1, '100.00000000', '7.00000000', '107.00000000', 0, 'Pending', 'Stripe', '0', 0, '2023-01-18 09:24:20', '2023-01-18 09:24:20', 'r4SDuuPo6ruU');

-- --------------------------------------------------------

--
-- Table structure for table `vouchers`
--

CREATE TABLE `vouchers` (
  `id` bigint(20) UNSIGNED NOT NULL,
  `user_id` bigint(20) UNSIGNED NOT NULL,
  `voucher_code` varchar(191) COLLATE utf8mb4_unicode_ci NOT NULL,
  `json_data` text COLLATE utf8mb4_unicode_ci,
  `currency_id` bigint(20) UNSIGNED NOT NULL,
  `currency_symbol` varchar(255) COLLATE utf8mb4_unicode_ci DEFAULT NULL,
  `user_loader` int(11) DEFAULT NULL,
  `is_loaded` tinyint(1) NOT NULL DEFAULT '0',
  `voucher_fee` decimal(16,8) DEFAULT NULL,
  `voucher_value` decimal(19,8) DEFAULT NULL,
  `voucher_amount` decimal(19,8) NOT NULL,
  `wallet_id` bigint(20) UNSIGNED NOT NULL,
  `created_at` timestamp NULL DEFAULT NULL,
  `updated_at` timestamp NULL DEFAULT NULL
) ENGINE=InnoDB DEFAULT CHARSET=utf8mb4 COLLATE=utf8mb4_unicode_ci;

--
-- Dumping data for table `vouchers`
--

INSERT INTO `vouchers` (`id`, `user_id`, `voucher_code`, `json_data`, `currency_id`, `currency_symbol`, `user_loader`, `is_loaded`, `voucher_fee`, `voucher_value`, `voucher_amount`, `wallet_id`, `created_at`, `updated_at`) VALUES
(103, 2, '2rtFU1635277149YG9k', NULL, 11, 'KSh', 2, 1, '0.00000000', '1000.00000000', '1000.00000000', 11, '2021-10-26 23:39:09', '2021-10-26 23:39:17'),
(104, 2, '22H4J1639641886zvQB', NULL, 1, '$', 2, 1, '9.00000000', '200.00000000', '209.00000000', 10, '2021-12-16 13:04:46', '2021-12-16 13:04:46');

-- --------------------------------------------------------

--
-- Table structure for table `wallets`
--

CREATE TABLE `wallets` (
  `id` bigint(20) UNSIGNED NOT NULL,
  `user_id` bigint(20) UNSIGNED NOT NULL,
  `currency_id` bigint(20) UNSIGNED NOT NULL,
  `is_crypto` tinyint(1) NOT NULL DEFAULT '0',
  `amount` decimal(13,2) NOT NULL DEFAULT '0.00',
  `crypto` decimal(13,2) NOT NULL DEFAULT '0.00',
  `fiat` decimal(13,2) NOT NULL DEFAULT '0.00',
  `created_at` timestamp NULL DEFAULT NULL,
  `updated_at` timestamp NULL DEFAULT NULL,
  `transfer_method_id` text COLLATE utf8mb4_unicode_ci,
  `accont_identifier_mechanism_value` text COLLATE utf8mb4_unicode_ci
) ENGINE=InnoDB DEFAULT CHARSET=utf8mb4 COLLATE=utf8mb4_unicode_ci;

--
-- Dumping data for table `wallets`
--

INSERT INTO `wallets` (`id`, `user_id`, `currency_id`, `is_crypto`, `amount`, `crypto`, `fiat`, `created_at`, `updated_at`, `transfer_method_id`, `accont_identifier_mechanism_value`) VALUES
(4, 311, 1, 0, '0.00', '0.00', '0.00', '2021-09-20 14:35:39', '2021-09-20 14:35:39', '3', 'bank of america'),
(5, 338, 1, 0, '0.00', '0.00', '0.00', '2021-09-21 22:26:52', '2021-09-21 22:26:52', '5', 'jamshiyakk7@gmail.com'),
(6, 340, 1, 0, '0.00', '0.00', '0.00', '2021-09-23 12:49:00', '2021-09-23 12:49:00', '7', 'iilin7651@gmail.com'),
(7, 341, 1, 0, '0.00', '0.00', '0.00', '2021-09-23 19:12:40', '2021-09-23 19:12:40', '3', '1234567890'),
(9, 1, 1, 0, '0.00', '0.00', '20.64', '2021-09-24 11:12:03', '2023-04-25 10:44:42', '6', 'paytmemail@gmail.com'),
(10, 2, 1, 0, '0.00', '0.00', '1363.61', '2021-09-24 11:27:08', '2023-02-19 11:28:39', '6', 'paytmemail@gmail.com'),
(11, 2, 11, 0, '0.00', '0.00', '289.00', '2021-10-25 11:22:01', '2023-02-07 17:12:03', '1', '+258879444756'),
(12, 1, 11, 0, '0.00', '0.00', '0.02', '2021-10-26 21:25:03', '2023-03-07 18:26:10', '1', 'paytmemail@gmail.com'),
(16, 346, 1, 0, '0.00', '0.00', '1.86', '2022-01-27 14:27:44', '2022-01-27 15:16:57', '12', 'mimic adress'),
(17, 347, 1, 0, '0.00', '0.00', '0.00', '2022-01-31 15:04:59', '2022-01-31 15:04:59', '12', 'mimic adress'),
(18, 2, 7, 1, '0.00', '0.00', '0.00', '2022-02-03 17:30:49', '2022-02-03 17:30:49', '16', 'delete address'),
(19, 2, 12, 1, '0.00', '0.00', '0.00', '2022-02-03 17:31:15', '2023-01-19 10:03:48', '19', 'delete address'),
(20, 2, 6, 1, '0.00', '0.00', '0.95', '2022-02-03 17:32:56', '2023-01-22 23:48:28', '15', 'delete address'),
(21, 180, 1, 0, '0.00', '0.00', '0.00', '2022-02-03 19:35:26', '2022-02-03 19:35:26', '12', 'delete address'),
(22, 2, 2, 0, '0.00', '0.00', '239.01', '2022-02-03 23:22:39', '2023-02-19 11:28:39', '13', 'delete address'),
(23, 2, 10, 0, '0.00', '0.00', '0.00', '2022-02-03 23:22:49', '2022-02-03 23:22:49', '17', 'delete address'),
(24, 2, 4, 0, '0.00', '0.00', '0.00', '2022-02-03 23:23:03', '2022-02-03 23:23:03', '14', 'delete address'),
(25, 1, 6, 1, '0.00', '0.00', '126.84', '2022-04-11 12:29:55', '2023-04-08 16:37:28', '15', 'delete address'),
(26, 348, 1, 0, '0.00', '0.00', '0.00', '2022-10-23 10:59:02', '2022-10-23 10:59:02', '12', 'mimic adress'),
(27, 349, 1, 0, '0.00', '0.00', '0.00', '2022-10-23 15:02:30', '2022-10-23 15:02:30', '12', 'mimic adress'),
(28, 350, 1, 0, '0.00', '0.00', '0.00', '2022-10-23 23:49:49', '2022-10-23 23:49:49', '12', 'mimic adress'),
(29, 350, 6, 1, '0.00', '0.00', '0.00', '2022-10-23 23:55:06', '2022-10-23 23:55:06', '15', 'delete address'),
(30, 351, 1, 0, '0.00', '0.00', '0.00', '2022-10-24 01:48:53', '2022-10-24 01:48:53', '12', 'mimic adress'),
(31, 1, 12, 1, '0.00', '0.00', '0.00', '2022-10-24 12:32:48', '2023-04-16 11:44:53', '19', 'delete address'),
(32, 350, 7, 1, '0.00', '0.00', '0.00', '2022-10-24 12:51:07', '2022-10-24 12:51:07', '16', 'delete address'),
(33, 352, 1, 0, '0.00', '0.00', '6248.89', '2022-11-28 18:02:12', '2023-02-05 17:23:52', '12', 'mimic adress'),
(34, 352, 10, 0, '0.00', '0.00', '3814.30', '2022-11-28 19:48:01', '2022-12-04 19:22:59', '17', 'delete address'),
(35, 1, 2, 0, '0.00', '0.00', '646768.18', '2022-12-05 16:57:37', '2023-04-25 07:26:13', '13', 'delete address'),
(36, 353, 1, 0, '0.00', '0.00', '0.00', '2022-12-05 19:43:17', '2022-12-05 19:43:17', '12', 'mimic adress'),
(37, 354, 1, 0, '0.00', '0.00', '0.00', '2022-12-06 01:18:05', '2022-12-06 01:18:05', '12', 'mimic adress'),
(38, 355, 1, 0, '0.00', '0.00', '0.00', '2022-12-06 01:22:28', '2022-12-06 01:22:28', '12', 'mimic adress'),
(39, 355, 6, 1, '0.00', '0.00', '0.00', '2022-12-06 01:24:07', '2022-12-06 01:24:07', '15', 'delete address'),
(40, 1, 7, 1, '0.00', '0.00', '0.00', '2022-12-06 10:04:21', '2023-04-10 13:52:18', '16', 'delete address'),
(41, 1, 10, 0, '0.00', '0.00', '76091014.81', '2022-12-07 14:34:50', '2023-04-19 20:54:07', '17', 'delete address'),
(42, 355, 7, 1, '0.00', '0.00', '0.00', '2022-12-07 15:50:03', '2022-12-07 15:50:03', '16', 'delete address'),
(43, 1, 4, 0, '0.00', '0.00', '153.40', '2022-12-07 20:26:45', '2023-04-10 17:21:06', '14', 'delete address'),
(44, 356, 1, 0, '0.00', '0.00', '0.00', '2022-12-08 05:20:00', '2022-12-08 05:20:00', '12', 'mimic adress'),
(45, 357, 1, 0, '0.00', '0.00', '0.00', '2022-12-09 05:29:23', '2022-12-09 05:29:23', '12', 'mimic adress'),
(46, 358, 1, 0, '0.00', '0.00', '0.00', '2022-12-10 13:27:54', '2022-12-10 13:27:54', '12', 'mimic adress'),
(47, 359, 1, 0, '0.00', '0.00', '0.00', '2022-12-10 13:29:41', '2022-12-10 13:29:41', '12', 'mimic adress'),
(48, 360, 1, 0, '0.00', '0.00', '4360.75', '2022-12-10 16:40:02', '2022-12-28 10:07:25', '12', 'mimic adress'),
(49, 360, 2, 0, '0.00', '0.00', '1868.99', '2022-12-10 16:52:50', '2022-12-28 10:05:27', '13', 'delete address'),
(50, 360, 13, 0, '0.00', '0.00', '0.00', '2022-12-10 16:53:05', '2022-12-10 16:53:05', '27', 'delete address'),
(51, 360, 6, 1, '0.00', '0.00', '0.00', '2022-12-10 16:58:44', '2022-12-10 16:58:44', '15', 'delete address'),
(52, 361, 1, 0, '0.00', '0.00', '0.00', '2022-12-11 07:24:39', '2022-12-11 07:24:39', '12', 'mimic adress'),
(53, 361, 12, 1, '0.00', '0.00', '0.00', '2022-12-11 07:26:11', '2022-12-11 07:26:11', '19', 'delete address'),
(54, 360, 11, 0, '0.00', '0.00', '6.86', '2022-12-12 16:56:34', '2022-12-28 10:49:26', '18', 'delete address'),
(55, 362, 1, 0, '0.00', '0.00', '0.00', '2022-12-13 12:33:32', '2022-12-13 12:33:32', '12', 'mimic adress'),
(56, 363, 1, 0, '0.00', '0.00', '0.00', '2022-12-13 23:19:40', '2022-12-13 23:19:40', '12', 'mimic adress'),
(57, 363, 10, 0, '0.00', '0.00', '0.00', '2022-12-13 23:21:53', '2022-12-13 23:21:53', '17', 'delete address'),
(58, 364, 1, 0, '0.00', '0.00', '0.00', '2022-12-14 14:48:42', '2022-12-14 14:48:42', '12', 'mimic adress'),
(59, 365, 1, 0, '0.00', '0.00', '0.00', '2022-12-14 16:33:13', '2022-12-14 16:33:13', '12', 'mimic adress'),
(60, 366, 1, 0, '0.00', '0.00', '0.00', '2022-12-15 02:09:15', '2022-12-15 02:09:15', '12', 'mimic adress'),
(61, 367, 1, 0, '0.00', '0.00', '968.00', '2022-12-15 20:44:20', '2022-12-15 20:49:28', '12', 'mimic adress'),
(62, 368, 1, 0, '0.00', '0.00', '0.00', '2022-12-16 06:44:09', '2022-12-16 06:44:09', '12', 'mimic adress'),
(63, 369, 1, 0, '0.00', '0.00', '0.00', '2022-12-16 15:59:54', '2022-12-16 15:59:54', '12', 'mimic adress'),
(64, 370, 1, 0, '0.00', '0.00', '0.00', '2022-12-19 12:59:01', '2022-12-19 12:59:01', '12', 'mimic adress'),
(65, 371, 1, 0, '0.00', '0.00', '0.00', '2022-12-20 14:30:54', '2022-12-20 14:30:54', '12', 'mimic adress'),
(66, 371, 6, 1, '0.00', '0.00', '0.00', '2022-12-20 14:32:32', '2022-12-20 14:32:32', '15', 'delete address'),
(67, 372, 1, 0, '0.00', '0.00', '0.00', '2022-12-20 16:37:58', '2022-12-20 16:37:58', '12', 'mimic adress'),
(68, 373, 1, 0, '0.00', '0.00', '0.00', '2022-12-22 11:11:55', '2022-12-22 11:11:55', '12', 'mimic adress'),
(69, 374, 1, 0, '0.00', '0.00', '0.00', '2022-12-23 01:55:46', '2022-12-23 01:55:46', '12', 'mimic adress'),
(70, 375, 1, 0, '0.00', '0.00', '0.00', '2022-12-23 05:36:00', '2022-12-23 05:36:00', '12', 'mimic adress'),
(71, 1, 13, 0, '0.00', '0.00', '0.00', '2022-12-23 07:52:37', '2023-04-20 09:26:34', '27', 'delete address'),
(72, 376, 1, 0, '0.00', '0.00', '0.00', '2022-12-23 09:01:14', '2022-12-23 09:01:14', '12', 'mimic adress'),
(73, 377, 1, 0, '0.00', '0.00', '0.00', '2022-12-23 09:11:54', '2022-12-23 09:11:54', '12', 'mimic adress'),
(74, 378, 1, 0, '0.00', '0.00', '0.00', '2022-12-23 09:13:52', '2022-12-23 09:13:52', '12', 'mimic adress'),
(75, 378, 7, 1, '0.00', '0.00', '0.00', '2022-12-23 09:14:44', '2022-12-23 09:14:44', '16', 'delete address'),
(76, 379, 1, 0, '0.00', '0.00', '0.00', '2022-12-23 14:05:14', '2022-12-23 14:05:14', '12', 'mimic adress'),
(77, 380, 1, 0, '0.00', '0.00', '0.00', '2022-12-23 15:49:02', '2022-12-23 15:49:02', '12', 'mimic adress'),
(78, 380, 6, 1, '0.00', '0.00', '0.00', '2022-12-23 15:50:12', '2022-12-23 15:50:12', '15', 'delete address'),
(79, 381, 1, 0, '0.00', '0.00', '0.00', '2022-12-23 18:49:27', '2022-12-23 18:49:27', '12', 'mimic adress'),
(80, 382, 1, 0, '0.00', '0.00', '0.00', '2022-12-23 18:50:38', '2022-12-23 18:50:38', '12', 'mimic adress'),
(81, 383, 1, 0, '0.00', '0.00', '0.00', '2022-12-23 19:19:30', '2022-12-23 19:19:30', '12', 'mimic adress'),
(82, 383, 6, 1, '0.00', '0.00', '0.00', '2022-12-23 19:21:14', '2022-12-23 19:21:14', '15', 'delete address'),
(83, 384, 1, 0, '0.00', '0.00', '0.00', '2022-12-23 22:52:52', '2022-12-23 22:52:52', '12', 'mimic adress'),
(84, 2, 13, 0, '0.00', '0.00', '0.00', '2022-12-24 01:20:24', '2022-12-24 01:20:24', '27', 'delete address'),
(85, 385, 1, 0, '0.00', '0.00', '0.00', '2022-12-24 08:41:30', '2022-12-24 08:41:30', '12', 'mimic adress'),
(86, 386, 1, 0, '0.00', '0.00', '0.00', '2022-12-24 13:02:03', '2022-12-24 13:02:03', '12', 'mimic adress'),
(87, 387, 1, 0, '0.00', '0.00', '0.00', '2022-12-24 17:48:58', '2022-12-24 17:48:58', '12', 'mimic adress'),
(88, 388, 1, 0, '0.00', '0.00', '0.00', '2022-12-24 17:50:46', '2022-12-24 17:50:46', '12', 'mimic adress'),
(89, 389, 1, 0, '0.00', '0.00', '0.00', '2022-12-24 19:38:42', '2022-12-24 19:38:42', '12', 'mimic adress'),
(90, 390, 1, 0, '0.00', '0.00', '0.00', '2022-12-24 19:39:46', '2022-12-24 19:39:46', '12', 'mimic adress'),
(91, 391, 1, 0, '0.00', '0.00', '0.00', '2022-12-24 19:43:06', '2022-12-24 19:43:06', '12', 'mimic adress'),
(92, 391, 12, 1, '0.00', '0.00', '0.00', '2022-12-24 19:46:39', '2022-12-24 19:46:39', '19', 'delete address'),
(93, 392, 1, 0, '0.00', '0.00', '0.00', '2022-12-24 19:53:31', '2022-12-24 19:53:31', '12', 'mimic adress'),
(94, 393, 1, 0, '0.00', '0.00', '0.00', '2022-12-24 22:28:29', '2022-12-24 22:28:29', '12', 'mimic adress'),
(95, 394, 1, 0, '0.00', '0.00', '0.00', '2022-12-25 00:49:49', '2022-12-25 00:49:49', '12', 'mimic adress'),
(96, 394, 10, 0, '0.00', '0.00', '0.00', '2022-12-25 00:51:02', '2022-12-25 00:51:02', '17', 'delete address'),
(97, 395, 1, 0, '0.00', '0.00', '0.00', '2022-12-25 04:52:34', '2022-12-25 04:52:34', '12', 'mimic adress'),
(98, 396, 1, 0, '0.00', '0.00', '0.00', '2022-12-25 07:22:26', '2022-12-25 07:22:26', '12', 'mimic adress'),
(99, 396, 6, 1, '0.00', '0.00', '0.00', '2022-12-25 07:23:40', '2022-12-25 07:23:40', '15', 'delete address'),
(100, 397, 1, 0, '0.00', '0.00', '0.00', '2022-12-25 08:18:40', '2022-12-25 08:18:40', '12', 'mimic adress'),
(101, 398, 1, 0, '0.00', '0.00', '0.00', '2022-12-25 13:29:08', '2022-12-25 13:29:08', '12', 'mimic adress'),
(102, 399, 1, 0, '0.00', '0.00', '0.00', '2022-12-25 19:20:10', '2022-12-25 19:20:10', '12', 'mimic adress'),
(103, 400, 1, 0, '0.00', '0.00', '0.00', '2022-12-25 19:21:57', '2022-12-25 19:21:57', '12', 'mimic adress'),
(104, 400, 6, 1, '0.00', '0.00', '0.00', '2022-12-25 19:23:13', '2022-12-25 19:23:13', '15', 'delete address'),
(105, 401, 1, 0, '0.00', '0.00', '0.00', '2022-12-26 05:50:52', '2022-12-26 05:50:52', '12', 'mimic adress'),
(106, 402, 1, 0, '0.00', '0.00', '0.00', '2022-12-26 14:49:37', '2022-12-26 14:49:37', '12', 'mimic adress'),
(107, 402, 6, 1, '0.00', '0.00', '0.00', '2022-12-26 15:12:54', '2022-12-26 15:12:54', '15', 'delete address'),
(108, 403, 1, 0, '0.00', '0.00', '0.00', '2022-12-27 12:11:49', '2022-12-27 12:11:49', '12', 'mimic adress'),
(109, 404, 1, 0, '0.00', '0.00', '0.00', '2022-12-27 12:48:59', '2022-12-27 12:48:59', '12', 'mimic adress'),
(110, 405, 1, 0, '0.00', '0.00', '0.00', '2022-12-27 13:47:16', '2022-12-27 13:47:16', '12', 'mimic adress'),
(111, 406, 1, 0, '0.00', '0.00', '0.00', '2022-12-27 18:38:57', '2022-12-27 18:38:57', '12', 'mimic adress'),
(112, 360, 10, 0, '0.00', '0.00', '0.00', '2022-12-28 09:57:39', '2022-12-28 09:57:39', '17', 'delete address'),
(113, 407, 1, 0, '0.00', '0.00', '0.00', '2022-12-28 12:29:56', '2022-12-28 12:29:56', '12', 'mimic adress'),
(114, 408, 1, 0, '0.00', '0.00', '0.00', '2022-12-29 02:37:24', '2022-12-29 02:37:24', '12', 'mimic adress'),
(115, 409, 1, 0, '0.00', '0.00', '0.00', '2022-12-29 02:49:15', '2022-12-29 02:49:15', '12', 'mimic adress'),
(116, 410, 1, 0, '0.00', '0.00', '0.00', '2022-12-29 13:08:41', '2022-12-29 13:08:41', '12', 'mimic adress'),
(117, 411, 1, 0, '0.00', '0.00', '0.00', '2022-12-29 13:22:48', '2022-12-29 13:22:48', '12', 'mimic adress'),
(118, 412, 1, 0, '0.00', '0.00', '95.81', '2022-12-29 16:26:32', '2022-12-29 16:34:02', '12', 'mimic adress'),
(119, 413, 1, 0, '0.00', '0.00', '0.00', '2022-12-29 18:55:30', '2022-12-29 18:55:30', '12', 'mimic adress'),
(120, 414, 1, 0, '0.00', '0.00', '16.47', '2022-12-30 20:21:50', '2023-01-01 16:09:59', '12', 'mimic adress'),
(121, 414, 10, 0, '0.00', '0.00', '1902.50', '2022-12-31 18:05:47', '2022-12-31 18:06:59', '17', 'delete address'),
(122, 415, 1, 0, '0.00', '0.00', '0.00', '2023-01-01 12:52:32', '2023-01-01 12:52:32', '12', 'mimic adress'),
(123, 416, 1, 0, '0.00', '0.00', '0.00', '2023-01-01 18:51:30', '2023-01-01 18:51:30', '12', 'mimic adress'),
(124, 417, 1, 0, '0.00', '0.00', '0.00', '2023-01-03 09:59:15', '2023-01-03 09:59:15', '12', 'mimic adress'),
(125, 417, 6, 1, '0.00', '0.00', '0.00', '2023-01-03 10:00:25', '2023-01-03 10:00:25', '15', 'delete address'),
(126, 418, 1, 0, '0.00', '0.00', '0.00', '2023-01-04 03:02:46', '2023-01-04 03:02:46', '12', 'mimic adress'),
(127, 419, 1, 0, '0.00', '0.00', '0.00', '2023-01-05 18:35:23', '2023-01-05 18:35:23', '12', 'mimic adress'),
(128, 420, 1, 0, '0.00', '0.00', '0.00', '2023-01-05 20:53:21', '2023-01-05 20:53:21', '12', 'mimic adress'),
(129, 421, 1, 0, '0.00', '0.00', '0.00', '2023-01-06 00:17:33', '2023-01-06 00:17:33', '12', 'mimic adress'),
(130, 422, 1, 0, '0.00', '0.00', '0.00', '2023-01-06 07:41:02', '2023-01-06 07:41:02', '12', 'mimic adress'),
(131, 423, 1, 0, '0.00', '0.00', '0.00', '2023-01-06 09:15:25', '2023-01-06 09:15:25', '12', 'mimic adress'),
(132, 424, 1, 0, '0.00', '0.00', '0.00', '2023-01-06 18:47:49', '2023-01-06 18:47:49', '12', 'mimic adress'),
(133, 425, 1, 0, '0.00', '0.00', '0.00', '2023-01-07 00:31:10', '2023-01-07 00:31:10', '12', 'mimic adress'),
(134, 425, 12, 1, '0.00', '0.00', '0.00', '2023-01-07 00:32:01', '2023-01-07 00:32:01', '19', 'delete address'),
(135, 425, 6, 1, '0.00', '0.00', '0.00', '2023-01-07 00:32:12', '2023-01-07 00:32:12', '15', 'delete address'),
(136, 425, 2, 0, '0.00', '0.00', '0.00', '2023-01-07 00:35:07', '2023-01-07 00:35:07', '13', 'delete address'),
(137, 425, 7, 1, '0.00', '0.00', '0.00', '2023-01-07 00:35:41', '2023-01-07 00:35:41', '16', 'delete address'),
(138, 426, 1, 0, '0.00', '0.00', '0.00', '2023-01-08 23:57:52', '2023-01-08 23:57:52', '12', 'mimic adress'),
(139, 427, 1, 0, '0.00', '0.00', '0.00', '2023-01-10 16:30:23', '2023-01-10 16:30:23', '12', 'mimic adress'),
(140, 428, 1, 0, '0.00', '0.00', '0.00', '2023-01-10 16:31:38', '2023-01-10 16:31:38', '12', 'mimic adress'),
(141, 429, 1, 0, '0.00', '0.00', '0.00', '2023-01-10 16:33:55', '2023-01-10 16:33:55', '12', 'mimic adress'),
(142, 430, 1, 0, '0.00', '0.00', '0.00', '2023-01-11 15:13:36', '2023-01-11 15:13:36', '12', 'mimic adress'),
(143, 431, 1, 0, '0.00', '0.00', '0.00', '2023-01-11 23:29:39', '2023-01-11 23:29:39', '12', 'mimic adress'),
(144, 432, 1, 0, '0.00', '0.00', '0.00', '2023-01-12 00:12:50', '2023-01-12 00:12:50', '12', 'mimic adress'),
(145, 433, 1, 0, '0.00', '0.00', '0.00', '2023-01-12 12:18:38', '2023-01-12 12:18:38', '12', 'mimic adress'),
(146, 434, 1, 0, '0.00', '0.00', '0.00', '2023-01-12 13:39:53', '2023-01-12 13:39:53', '12', 'mimic adress'),
(147, 435, 1, 0, '0.00', '0.00', '0.00', '2023-01-13 05:24:59', '2023-01-13 05:24:59', '12', 'mimic adress'),
(148, 436, 1, 0, '0.00', '0.00', '0.00', '2023-01-13 09:02:04', '2023-01-13 09:02:04', '12', 'mimic adress'),
(149, 437, 1, 0, '0.00', '0.00', '0.00', '2023-01-13 09:23:17', '2023-01-13 09:23:17', '12', 'mimic adress'),
(150, 437, 2, 0, '0.00', '0.00', '0.00', '2023-01-13 09:24:03', '2023-01-13 09:24:03', '13', 'delete address'),
(151, 438, 1, 0, '0.00', '0.00', '0.00', '2023-01-14 03:12:43', '2023-01-14 03:12:43', '12', 'mimic adress'),
(152, 438, 7, 1, '0.00', '0.00', '0.00', '2023-01-14 04:32:54', '2023-01-14 04:32:54', '16', 'delete address'),
(153, 439, 1, 0, '0.00', '0.00', '0.00', '2023-01-15 18:15:29', '2023-01-15 18:15:29', '12', 'mimic adress'),
(154, 439, 6, 1, '0.00', '0.00', '0.00', '2023-01-15 18:17:39', '2023-01-15 18:17:39', '15', 'delete address'),
(155, 440, 1, 0, '0.00', '0.00', '0.00', '2023-01-16 16:31:46', '2023-01-16 16:31:46', '12', 'mimic adress'),
(156, 441, 1, 0, '0.00', '0.00', '0.00', '2023-01-16 17:19:06', '2023-01-16 17:19:06', '12', 'mimic adress'),
(157, 441, 2, 0, '0.00', '0.00', '0.00', '2023-01-16 17:20:09', '2023-01-16 17:20:09', '13', 'delete address'),
(158, 442, 1, 0, '0.00', '0.00', '0.00', '2023-01-17 13:36:16', '2023-01-17 13:36:16', '12', 'mimic adress'),
(159, 443, 1, 0, '0.00', '0.00', '0.00', '2023-01-17 18:11:51', '2023-01-17 18:11:51', '12', 'mimic adress'),
(160, 443, 6, 1, '0.00', '0.00', '0.00', '2023-01-17 18:13:58', '2023-01-17 18:13:58', '15', 'delete address'),
(161, 444, 1, 0, '0.00', '0.00', '0.00', '2023-01-18 20:55:07', '2023-01-18 20:55:07', '12', 'mimic adress'),
(162, 445, 1, 0, '0.00', '0.00', '0.00', '2023-01-19 01:30:57', '2023-01-19 01:30:57', '12', 'mimic adress'),
(163, 446, 1, 0, '0.00', '0.00', '0.00', '2023-01-19 01:36:50', '2023-01-19 01:36:50', '12', 'mimic adress'),
(164, 447, 1, 0, '0.00', '0.00', '0.00', '2023-01-19 04:02:59', '2023-01-19 04:02:59', '12', 'mimic adress'),
(165, 448, 1, 0, '0.00', '0.00', '0.00', '2023-01-20 23:28:50', '2023-01-20 23:28:50', '12', 'mimic adress'),
(166, 449, 1, 0, '0.00', '0.00', '0.00', '2023-01-22 20:14:40', '2023-01-22 20:14:40', '29', 'mimic adress'),
(167, 450, 1, 0, '0.00', '0.00', '0.00', '2023-01-22 21:12:36', '2023-01-22 21:12:36', '29', 'mimic adress'),
(168, 450, 2, 0, '0.00', '0.00', '0.00', '2023-01-22 21:14:59', '2023-01-22 21:14:59', '13', 'delete address'),
(169, 451, 1, 0, '0.00', '0.00', '0.00', '2023-01-23 01:20:23', '2023-01-23 01:20:23', '29', 'mimic adress'),
(170, 452, 1, 0, '0.00', '0.00', '0.00', '2023-01-23 01:33:13', '2023-01-23 01:33:13', '29', 'mimic adress'),
(171, 453, 1, 0, '0.00', '0.00', '0.00', '2023-01-23 05:41:19', '2023-01-23 05:41:19', '29', 'mimic adress'),
(172, 454, 1, 0, '0.00', '0.00', '0.00', '2023-01-23 11:00:48', '2023-01-23 11:00:48', '29', 'mimic adress'),
(173, 455, 1, 0, '0.00', '0.00', '0.00', '2023-01-23 12:13:40', '2023-01-23 12:13:40', '29', 'mimic adress'),
(174, 456, 1, 0, '0.00', '0.00', '0.00', '2023-01-23 12:26:44', '2023-01-23 12:26:44', '29', 'mimic adress'),
(175, 457, 1, 0, '0.00', '0.00', '0.00', '2023-01-23 13:33:41', '2023-01-23 13:33:41', '29', 'mimic adress'),
(176, 458, 1, 0, '0.00', '0.00', '0.00', '2023-01-23 15:23:28', '2023-01-23 15:23:28', '29', 'mimic adress'),
(177, 459, 1, 0, '0.00', '0.00', '0.00', '2023-01-23 15:24:41', '2023-01-23 15:24:41', '29', 'mimic adress'),
(178, 460, 1, 0, '0.00', '0.00', '0.00', '2023-01-23 16:08:46', '2023-01-23 16:08:46', '29', 'mimic adress'),
(179, 461, 1, 0, '0.00', '0.00', '0.00', '2023-01-23 18:40:56', '2023-01-23 18:40:56', '29', 'mimic adress'),
(180, 462, 1, 0, '0.00', '0.00', '101.00', '2023-01-24 18:01:03', '2023-01-24 20:10:55', '29', 'mimic adress'),
(181, 463, 1, 0, '0.00', '0.00', '0.00', '2023-01-24 22:32:20', '2023-01-24 22:32:20', '29', 'mimic adress'),
(182, 464, 1, 0, '0.00', '0.00', '0.00', '2023-01-25 01:36:38', '2023-01-25 01:36:38', '29', 'mimic adress'),
(183, 465, 1, 0, '0.00', '0.00', '0.00', '2023-01-25 07:06:29', '2023-01-25 07:06:29', '29', 'mimic adress'),
(184, 466, 1, 0, '0.00', '0.00', '0.00', '2023-01-25 10:38:56', '2023-01-25 10:38:56', '29', 'mimic adress'),
(185, 467, 1, 0, '0.00', '0.00', '0.00', '2023-01-25 10:49:32', '2023-01-25 10:49:32', '29', 'mimic adress'),
(186, 468, 1, 0, '0.00', '0.00', '0.00', '2023-01-25 13:43:11', '2023-01-25 13:43:11', '29', 'mimic adress'),
(187, 469, 1, 0, '0.00', '0.00', '0.00', '2023-01-25 13:44:57', '2023-01-25 13:44:57', '29', 'mimic adress'),
(188, 470, 1, 0, '0.00', '0.00', '0.00', '2023-01-25 17:07:08', '2023-01-25 17:07:08', '29', 'mimic adress'),
(189, 471, 1, 0, '0.00', '0.00', '0.00', '2023-01-25 17:08:39', '2023-01-25 17:08:39', '29', 'mimic adress'),
(190, 472, 1, 0, '0.00', '0.00', '0.00', '2023-01-26 14:43:10', '2023-01-26 14:43:10', '29', 'mimic adress'),
(191, 473, 1, 0, '0.00', '0.00', '0.00', '2023-01-26 16:54:42', '2023-01-26 16:54:42', '29', 'mimic adress'),
(192, 474, 1, 0, '0.00', '0.00', '0.00', '2023-01-26 22:06:49', '2023-01-26 22:06:49', '29', 'mimic adress'),
(193, 475, 1, 0, '0.00', '0.00', '0.00', '2023-01-28 04:05:40', '2023-01-28 04:05:40', '29', 'mimic adress'),
(194, 476, 1, 0, '0.00', '0.00', '0.00', '2023-01-29 06:34:58', '2023-01-29 06:34:58', '29', 'mimic adress'),
(195, 477, 1, 0, '0.00', '0.00', '0.00', '2023-01-29 06:36:23', '2023-01-29 06:36:23', '29', 'mimic adress'),
(196, 478, 1, 0, '0.00', '0.00', '0.00', '2023-01-29 13:04:26', '2023-01-29 13:04:26', '29', 'mimic adress'),
(197, 479, 1, 0, '0.00', '0.00', '0.00', '2023-01-31 17:08:56', '2023-01-31 17:08:56', '29', 'mimic adress'),
(198, 480, 1, 0, '0.00', '0.00', '0.00', '2023-02-02 05:08:04', '2023-02-02 05:08:04', '29', 'mimic adress'),
(199, 481, 1, 0, '0.00', '0.00', '0.00', '2023-02-02 07:53:58', '2023-02-02 07:53:58', '29', 'mimic adress'),
(200, 487, 1, 0, '0.00', '0.00', '0.00', '2023-02-03 07:43:47', '2023-02-03 07:43:47', '29', 'mimic adress'),
(201, 488, 1, 0, '0.00', '0.00', '0.00', '2023-02-04 15:43:17', '2023-02-04 15:43:17', '29', 'mimic adress'),
(202, 352, 11, 0, '0.00', '0.00', '0.00', '2023-02-05 13:35:28', '2023-02-05 13:35:28', '18', 'delete address'),
(203, 489, 1, 0, '0.00', '0.00', '496.30', '2023-02-05 19:18:24', '2023-04-25 10:38:16', '29', 'mimic adress'),
(204, 490, 1, 0, '0.00', '0.00', '0.00', '2023-02-06 15:43:42', '2023-02-06 15:43:42', '29', 'mimic adress'),
(205, 491, 1, 0, '0.00', '0.00', '0.00', '2023-02-06 15:53:48', '2023-02-06 15:53:48', '29', 'mimic adress'),
(206, 492, 1, 0, '0.00', '0.00', '0.00', '2023-02-06 15:54:02', '2023-02-06 15:54:02', '29', 'mimic adress'),
(207, 493, 1, 0, '0.00', '0.00', '0.00', '2023-02-07 07:27:20', '2023-02-07 07:27:20', '29', 'mimic adress'),
(208, 494, 1, 0, '0.00', '0.00', '0.00', '2023-02-07 17:07:23', '2023-02-07 17:07:23', '29', 'mimic adress'),
(209, 495, 1, 0, '0.00', '0.00', '0.00', '2023-02-09 00:10:20', '2023-02-09 00:10:20', '29', 'mimic adress'),
(210, 496, 1, 0, '0.00', '0.00', '0.00', '2023-02-09 06:40:36', '2023-02-09 06:40:36', '29', 'mimic adress'),
(211, 497, 1, 0, '0.00', '0.00', '0.00', '2023-02-09 10:21:44', '2023-02-09 10:21:44', '29', 'mimic adress'),
(212, 498, 1, 0, '0.00', '0.00', '0.00', '2023-02-09 11:28:13', '2023-02-09 11:28:13', '29', 'mimic adress'),
(213, 497, 6, 1, '0.00', '0.00', '0.00', '2023-02-09 12:10:28', '2023-02-09 12:10:28', '15', 'delete address'),
(214, 499, 1, 0, '0.00', '0.00', '0.00', '2023-02-09 16:27:54', '2023-02-09 16:27:54', '29', 'mimic adress'),
(215, 500, 1, 0, '0.00', '0.00', '0.00', '2023-02-10 09:06:49', '2023-02-10 09:06:49', '29', 'mimic adress'),
(216, 501, 1, 0, '0.00', '0.00', '0.00', '2023-02-11 22:27:14', '2023-02-11 22:27:14', '29', 'mimic adress'),
(217, 502, 1, 0, '0.00', '0.00', '0.00', '2023-02-12 09:43:26', '2023-02-12 09:43:26', '29', 'mimic adress'),
(218, 503, 1, 0, '0.00', '0.00', '0.00', '2023-02-12 13:27:36', '2023-02-12 13:27:36', '29', 'mimic adress'),
(219, 504, 1, 0, '0.00', '0.00', '0.00', '2023-02-12 15:13:49', '2023-02-12 15:13:49', '29', 'mimic adress'),
(220, 489, 10, 0, '0.00', '0.00', '923.00', '2023-02-13 07:25:19', '2023-04-25 10:02:54', '17', 'delete address'),
(221, 505, 1, 0, '0.00', '0.00', '0.00', '2023-02-13 17:41:31', '2023-02-13 17:41:31', '29', 'mimic adress'),
(222, 506, 1, 0, '0.00', '0.00', '0.00', '2023-02-13 17:42:49', '2023-02-13 17:42:49', '29', 'mimic adress'),
(223, 507, 1, 0, '0.00', '0.00', '0.00', '2023-02-13 22:57:43', '2023-02-13 22:57:43', '29', 'mimic adress'),
(224, 508, 1, 0, '0.00', '0.00', '0.00', '2023-02-14 22:23:06', '2023-02-14 22:23:06', '29', 'mimic adress'),
(225, 509, 1, 0, '0.00', '0.00', '0.00', '2023-02-15 06:26:27', '2023-02-15 06:26:27', '29', 'mimic adress'),
(226, 510, 1, 0, '0.00', '0.00', '0.00', '2023-02-15 09:18:38', '2023-02-15 09:18:38', '29', 'mimic adress'),
(227, 511, 1, 0, '0.00', '0.00', '0.00', '2023-02-15 13:20:27', '2023-02-15 13:20:27', '29', 'mimic adress'),
(228, 512, 1, 0, '0.00', '0.00', '0.00', '2023-02-15 14:05:59', '2023-02-15 14:05:59', '29', 'mimic adress'),
(229, 513, 1, 0, '0.00', '0.00', '0.00', '2023-02-15 18:12:03', '2023-02-15 18:12:03', '29', 'mimic adress'),
(230, 514, 1, 0, '0.00', '0.00', '0.00', '2023-02-15 20:27:55', '2023-02-15 20:27:55', '29', 'mimic adress'),
(231, 515, 1, 0, '0.00', '0.00', '0.00', '2023-02-15 21:37:03', '2023-02-15 21:37:03', '29', 'mimic adress'),
(232, 516, 1, 0, '0.00', '0.00', '0.00', '2023-02-15 21:38:43', '2023-02-15 21:38:43', '29', 'mimic adress'),
(233, 517, 1, 0, '0.00', '0.00', '0.00', '2023-02-16 11:48:24', '2023-02-16 11:48:24', '29', 'mimic adress'),
(234, 518, 1, 0, '0.00', '0.00', '0.00', '2023-02-16 12:02:33', '2023-02-16 12:02:33', '29', 'mimic adress'),
(235, 519, 1, 0, '0.00', '0.00', '0.00', '2023-02-17 12:39:28', '2023-02-17 12:39:28', '29', 'mimic adress'),
(236, 520, 1, 0, '0.00', '0.00', '0.00', '2023-02-18 03:23:58', '2023-02-18 03:23:58', '29', 'mimic adress'),
(237, 521, 1, 0, '0.00', '0.00', '0.00', '2023-02-18 07:28:48', '2023-02-18 07:28:48', '29', 'mimic adress'),
(238, 520, 10, 0, '0.00', '0.00', '0.00', '2023-02-18 12:28:44', '2023-02-18 12:28:44', '17', 'delete address'),
(239, 522, 1, 0, '0.00', '0.00', '0.00', '2023-02-18 12:59:43', '2023-02-18 12:59:43', '29', 'mimic adress'),
(240, 523, 1, 0, '0.00', '0.00', '0.00', '2023-02-18 16:05:47', '2023-02-18 16:05:47', '29', 'mimic adress'),
(241, 524, 1, 0, '0.00', '0.00', '2.11', '2023-02-18 19:27:52', '2023-04-23 23:47:17', '29', 'mimic adress'),
(242, 522, 10, 0, '0.00', '0.00', '0.00', '2023-02-18 20:23:33', '2023-02-18 20:23:33', '17', 'delete address'),
(243, 525, 1, 0, '0.00', '0.00', '0.00', '2023-02-19 11:27:55', '2023-02-19 11:27:55', '29', 'mimic adress'),
(244, 526, 1, 0, '0.00', '0.00', '0.00', '2023-02-19 12:17:12', '2023-02-19 12:17:12', '29', 'mimic adress'),
(245, 527, 1, 0, '0.00', '0.00', '0.00', '2023-02-19 13:18:43', '2023-02-19 13:18:43', '29', 'mimic adress'),
(246, 524, 10, 0, '0.00', '0.00', '11317.65', '2023-02-19 15:33:01', '2023-04-20 17:36:38', '17', 'delete address'),
(247, 528, 1, 0, '0.00', '0.00', '0.00', '2023-02-19 16:18:29', '2023-02-19 16:18:29', '29', 'mimic adress'),
(248, 529, 1, 0, '0.00', '0.00', '0.00', '2023-02-19 16:41:50', '2023-02-19 16:41:50', '29', 'mimic adress'),
(249, 530, 1, 0, '0.00', '0.00', '0.00', '2023-02-20 00:37:03', '2023-02-20 00:37:03', '29', 'mimic adress'),
(250, 531, 1, 0, '0.00', '0.00', '0.00', '2023-02-20 10:32:59', '2023-02-20 10:32:59', '29', 'mimic adress'),
(251, 532, 1, 0, '0.00', '0.00', '0.00', '2023-02-20 10:35:12', '2023-02-20 10:35:12', '29', 'mimic adress'),
(252, 533, 1, 0, '0.00', '0.00', '0.00', '2023-02-20 17:06:55', '2023-02-20 17:06:55', '29', 'mimic adress'),
(253, 534, 1, 0, '0.00', '0.00', '0.00', '2023-02-20 22:06:16', '2023-02-20 22:06:16', '29', 'mimic adress'),
(254, 535, 1, 0, '0.00', '0.00', '0.00', '2023-02-21 00:51:24', '2023-02-21 00:51:24', '29', 'mimic adress'),
(255, 536, 1, 0, '0.00', '0.00', '0.00', '2023-02-21 03:11:52', '2023-02-21 03:11:52', '29', 'mimic adress'),
(256, 537, 1, 0, '0.00', '0.00', '0.00', '2023-02-21 05:17:41', '2023-02-21 05:17:41', '29', 'mimic adress'),
(257, 524, 13, 0, '0.00', '0.00', '0.00', '2023-02-21 22:30:24', '2023-02-21 22:30:24', '27', 'delete address'),
(258, 524, 6, 1, '0.00', '0.00', '0.00', '2023-02-21 22:31:13', '2023-04-08 19:55:56', '15', 'delete address'),
(259, 538, 1, 0, '0.00', '0.00', '0.00', '2023-02-22 05:06:44', '2023-02-22 05:06:44', '29', 'mimic adress'),
(260, 539, 1, 0, '0.00', '0.00', '0.00', '2023-02-22 05:43:24', '2023-02-22 05:43:24', '29', 'mimic adress'),
(261, 540, 1, 0, '0.00', '0.00', '0.00', '2023-02-22 21:08:52', '2023-02-22 21:08:52', '29', 'mimic adress'),
(262, 541, 1, 0, '0.00', '0.00', '0.00', '2023-02-23 08:06:30', '2023-02-23 08:06:30', '29', 'mimic adress'),
(263, 542, 1, 0, '0.00', '0.00', '0.00', '2023-02-23 08:12:11', '2023-02-23 08:12:11', '29', 'mimic adress'),
(264, 542, 10, 0, '0.00', '0.00', '0.00', '2023-02-23 08:32:14', '2023-02-23 08:32:14', '17', 'delete address'),
(265, 543, 1, 0, '0.00', '0.00', '0.00', '2023-02-23 17:42:42', '2023-02-23 17:42:42', '29', 'mimic adress'),
(266, 543, 13, 0, '0.00', '0.00', '0.00', '2023-02-23 17:44:17', '2023-02-23 17:44:17', '27', 'delete address'),
(267, 544, 1, 0, '0.00', '0.00', '0.00', '2023-02-24 14:48:36', '2023-02-24 14:48:36', '29', 'mimic adress'),
(268, 545, 1, 0, '0.00', '0.00', '0.00', '2023-02-24 14:57:25', '2023-02-24 14:57:25', '29', 'mimic adress'),
(269, 546, 1, 0, '0.00', '0.00', '0.00', '2023-02-25 05:48:47', '2023-02-25 05:48:47', '29', 'mimic adress'),
(270, 524, 7, 1, '0.00', '0.00', '0.00', '2023-02-25 20:56:47', '2023-02-25 20:57:49', '16', 'delete address'),
(271, 547, 1, 0, '0.00', '0.00', '0.00', '2023-02-26 03:34:04', '2023-02-26 03:34:04', '29', 'mimic adress'),
(272, 548, 1, 0, '0.00', '0.00', '0.00', '2023-02-26 07:18:50', '2023-02-26 07:18:50', '29', 'mimic adress'),
(273, 549, 1, 0, '0.00', '0.00', '0.00', '2023-02-26 08:20:59', '2023-02-26 08:20:59', '29', 'mimic adress'),
(274, 550, 1, 0, '0.00', '0.00', '0.00', '2023-02-26 16:07:26', '2023-02-26 16:07:26', '29', 'mimic adress'),
(275, 551, 1, 0, '0.00', '0.00', '0.00', '2023-02-26 17:10:56', '2023-02-26 17:10:56', '29', 'mimic adress'),
(276, 552, 1, 0, '0.00', '0.00', '0.00', '2023-02-26 17:46:05', '2023-02-26 17:46:05', '29', 'mimic adress'),
(277, 553, 1, 0, '0.00', '0.00', '0.00', '2023-02-26 19:25:38', '2023-02-26 19:25:38', '29', 'mimic adress'),
(278, 554, 1, 0, '0.00', '0.00', '0.00', '2023-02-27 01:23:54', '2023-02-27 01:23:54', '29', 'mimic adress'),
(279, 555, 1, 0, '0.00', '0.00', '0.00', '2023-02-28 00:06:46', '2023-02-28 00:06:46', '29', 'mimic adress'),
(280, 556, 1, 0, '0.00', '0.00', '0.00', '2023-02-28 20:26:14', '2023-02-28 20:26:14', '29', 'mimic adress'),
(281, 557, 1, 0, '0.00', '0.00', '0.00', '2023-02-28 22:45:43', '2023-02-28 22:45:43', '29', 'mimic adress'),
(282, 558, 1, 0, '0.00', '0.00', '0.00', '2023-03-02 06:59:47', '2023-03-02 06:59:47', '29', 'mimic adress'),
(283, 559, 1, 0, '0.00', '0.00', '0.00', '2023-03-03 02:49:37', '2023-03-03 02:49:37', '29', 'mimic adress'),
(284, 560, 1, 0, '0.00', '0.00', '0.00', '2023-03-03 07:56:03', '2023-03-03 07:56:03', '29', 'mimic adress'),
(285, 560, 2, 0, '0.00', '0.00', '0.00', '2023-03-03 07:58:58', '2023-03-03 07:58:58', '13', 'delete address'),
(286, 561, 1, 0, '0.00', '0.00', '0.00', '2023-03-03 09:40:45', '2023-03-03 09:40:45', '29', 'mimic adress'),
(287, 524, 11, 0, '0.00', '0.00', '0.00', '2023-03-03 20:04:18', '2023-03-03 20:04:18', '18', 'delete address'),
(288, 562, 1, 0, '0.00', '0.00', '0.00', '2023-03-03 22:13:42', '2023-03-03 22:13:42', '29', 'mimic adress'),
(289, 563, 1, 0, '0.00', '0.00', '0.00', '2023-03-04 13:00:45', '2023-03-04 13:00:45', '29', 'mimic adress'),
(290, 564, 1, 0, '0.00', '0.00', '0.00', '2023-03-04 16:05:05', '2023-03-04 16:05:05', '29', 'mimic adress'),
(291, 565, 1, 0, '0.00', '0.00', '0.00', '2023-03-04 17:47:34', '2023-03-04 17:47:34', '29', 'mimic adress'),
(292, 566, 1, 0, '0.00', '0.00', '94.10', '2023-03-04 19:22:31', '2023-03-05 22:43:50', '29', 'mimic adress'),
(293, 566, 2, 0, '0.00', '0.00', '0.00', '2023-03-04 19:24:29', '2023-03-04 19:24:29', '13', 'delete address'),
(294, 567, 1, 0, '0.00', '0.00', '0.00', '2023-03-05 03:54:06', '2023-03-05 03:54:06', '29', 'mimic adress'),
(295, 568, 1, 0, '0.00', '0.00', '0.00', '2023-03-05 03:56:38', '2023-03-05 03:56:38', '29', 'mimic adress'),
(296, 569, 1, 0, '0.00', '0.00', '0.00', '2023-03-05 12:15:35', '2023-03-05 12:15:35', '29', 'mimic adress'),
(297, 570, 1, 0, '0.00', '0.00', '0.00', '2023-03-06 15:47:55', '2023-03-06 15:47:55', '29', 'mimic adress'),
(298, 524, 2, 0, '0.00', '0.00', '5.00', '2023-03-06 23:24:50', '2023-04-08 19:56:32', '13', 'delete address'),
(299, 571, 1, 0, '0.00', '0.00', '0.00', '2023-03-07 00:14:24', '2023-03-07 00:14:24', '29', 'mimic adress'),
(300, 572, 1, 0, '0.00', '0.00', '0.00', '2023-03-07 10:55:46', '2023-03-07 10:55:46', '29', 'mimic adress'),
(301, 576, 1, 0, '0.00', '0.00', '0.00', '2023-03-07 11:03:04', '2023-03-07 11:03:04', NULL, NULL),
(302, 578, 1, 0, '0.00', '0.00', '0.00', '2023-03-07 16:30:22', '2023-03-07 16:30:22', '29', 'mimic adress'),
(303, 579, 1, 0, '0.00', '0.00', '0.00', '2023-03-07 16:31:31', '2023-03-07 16:31:31', '29', 'mimic adress'),
(304, 580, 1, 0, '0.00', '0.00', '0.00', '2023-03-07 20:50:33', '2023-03-07 20:50:33', '29', 'mimic adress'),
(305, 524, 4, 0, '0.00', '0.00', '0.00', '2023-03-07 21:33:03', '2023-03-07 21:33:03', '14', 'delete address'),
(306, 581, 1, 0, '0.00', '0.00', '0.00', '2023-03-08 06:09:51', '2023-03-08 06:09:51', '29', 'mimic adress'),
(307, 582, 1, 0, '0.00', '0.00', '0.00', '2023-03-08 06:36:28', '2023-03-08 06:36:28', '29', 'mimic adress'),
(308, 583, 1, 0, '0.00', '0.00', '0.00', '2023-03-08 06:52:41', '2023-03-08 06:52:41', '29', 'mimic adress'),
(309, 584, 1, 0, '0.00', '0.00', '0.00', '2023-03-09 10:59:30', '2023-03-09 10:59:30', '29', 'mimic adress'),
(310, 585, 1, 0, '0.00', '0.00', '0.00', '2023-03-09 18:30:16', '2023-03-09 18:30:16', '29', 'mimic adress'),
(311, 586, 1, 0, '0.00', '0.00', '0.00', '2023-03-11 02:22:35', '2023-03-11 02:22:35', '29', 'mimic adress'),
(312, 586, 10, 0, '0.00', '0.00', '0.00', '2023-03-11 02:30:33', '2023-03-11 02:30:33', '17', 'delete address'),
(313, 587, 1, 0, '0.00', '0.00', '0.00', '2023-03-11 03:45:16', '2023-03-11 03:45:16', '29', 'mimic adress'),
(314, 588, 1, 0, '0.00', '0.00', '968.00', '2023-03-11 09:53:22', '2023-03-13 11:37:49', '29', 'mimic adress'),
(315, 588, 4, 0, '0.00', '0.00', '0.00', '2023-03-11 09:55:56', '2023-03-11 09:55:56', '14', 'delete address'),
(316, 589, 1, 0, '0.00', '0.00', '0.00', '2023-03-11 11:55:55', '2023-03-11 11:55:55', '29', 'mimic adress'),
(317, 590, 1, 0, '0.00', '0.00', '0.00', '2023-03-11 20:01:06', '2023-03-11 20:01:06', '29', 'mimic adress'),
(318, 591, 1, 0, '0.00', '0.00', '0.00', '2023-03-12 11:22:29', '2023-03-12 11:22:29', '29', 'mimic adress'),
(319, 592, 1, 0, '0.00', '0.00', '0.00', '2023-03-12 14:52:51', '2023-03-12 14:52:51', '29', 'mimic adress'),
(320, 593, 1, 0, '0.00', '0.00', '0.00', '2023-03-12 16:33:06', '2023-03-12 16:33:06', '29', 'mimic adress'),
(321, 594, 1, 0, '0.00', '0.00', '0.00', '2023-03-12 16:34:33', '2023-03-12 16:34:33', '29', 'mimic adress'),
(322, 595, 1, 0, '0.00', '0.00', '0.00', '2023-03-12 17:32:09', '2023-03-12 17:32:09', '29', 'mimic adress'),
(323, 596, 1, 0, '0.00', '0.00', '0.00', '2023-03-13 12:52:43', '2023-03-13 12:52:43', '29', 'mimic adress'),
(324, 596, 10, 0, '0.00', '0.00', '0.00', '2023-03-13 13:02:54', '2023-03-13 13:02:54', '17', 'delete address'),
(325, 597, 1, 0, '0.00', '0.00', '13.42', '2023-03-13 19:11:52', '2023-03-13 19:18:26', '29', 'mimic adress'),
(326, 598, 1, 0, '0.00', '0.00', '0.00', '2023-03-13 19:13:15', '2023-03-13 19:13:15', '29', 'mimic adress'),
(327, 597, 10, 0, '0.00', '0.00', '19417.00', '2023-03-13 19:14:42', '2023-03-13 19:19:44', '17', 'delete address'),
(328, 597, 11, 0, '0.00', '0.00', '0.00', '2023-03-13 19:15:06', '2023-03-13 19:15:06', '18', 'delete address'),
(329, 599, 1, 0, '0.00', '0.00', '0.00', '2023-03-14 06:38:54', '2023-03-14 06:38:54', '29', 'mimic adress'),
(330, 600, 1, 0, '0.00', '0.00', '0.00', '2023-03-14 16:18:10', '2023-03-14 16:18:10', '29', 'mimic adress'),
(331, 601, 1, 0, '0.00', '0.00', '0.00', '2023-03-14 17:40:06', '2023-03-14 17:40:06', '29', 'mimic adress'),
(332, 602, 1, 0, '0.00', '0.00', '0.00', '2023-03-14 23:38:35', '2023-03-14 23:38:35', '29', 'mimic adress'),
(333, 603, 1, 0, '0.00', '0.00', '0.00', '2023-03-15 12:23:58', '2023-03-15 12:23:58', '29', 'mimic adress'),
(334, 604, 1, 0, '0.00', '0.00', '0.00', '2023-03-15 16:09:01', '2023-03-15 16:09:01', '29', 'mimic adress'),
(335, 524, 12, 1, '0.00', '0.00', '0.00', '2023-03-15 21:12:55', '2023-03-15 21:12:55', '19', 'delete address'),
(336, 605, 1, 0, '0.00', '0.00', '0.00', '2023-03-16 06:20:38', '2023-03-16 06:20:38', '29', 'mimic adress'),
(337, 606, 1, 0, '0.00', '0.00', '0.00', '2023-03-16 10:31:46', '2023-03-16 10:31:46', '29', 'mimic adress'),
(338, 607, 1, 0, '0.00', '0.00', '0.00', '2023-03-16 11:59:34', '2023-03-16 11:59:34', '29', 'mimic adress'),
(339, 608, 1, 0, '0.00', '0.00', '0.00', '2023-03-16 17:49:15', '2023-03-16 17:49:15', '29', 'mimic adress'),
(340, 608, 10, 0, '0.00', '0.00', '0.00', '2023-03-16 17:51:38', '2023-03-16 17:51:38', '17', 'delete address'),
(341, 609, 1, 0, '0.00', '0.00', '0.00', '2023-03-17 12:07:19', '2023-03-17 12:07:19', '29', 'mimic adress'),
(342, 610, 1, 0, '0.00', '0.00', '0.00', '2023-03-17 15:05:50', '2023-03-17 15:05:50', '29', 'mimic adress'),
(343, 611, 1, 0, '0.00', '0.00', '0.00', '2023-03-18 16:29:48', '2023-03-18 16:29:48', '29', 'mimic adress'),
(344, 612, 1, 0, '0.00', '0.00', '0.00', '2023-03-19 01:15:10', '2023-03-19 01:15:10', '29', 'mimic adress'),
(345, 612, 2, 0, '0.00', '0.00', '0.00', '2023-03-19 01:15:56', '2023-03-19 01:15:56', '13', 'delete address'),
(346, 613, 1, 0, '0.00', '0.00', '0.00', '2023-03-19 07:42:55', '2023-03-19 07:42:55', '29', 'mimic adress'),
(347, 613, 10, 0, '0.00', '0.00', '0.00', '2023-03-19 07:45:41', '2023-03-19 07:45:41', '17', 'delete address'),
(348, 614, 1, 0, '0.00', '0.00', '0.15', '2023-03-19 20:19:52', '2023-03-22 08:50:40', '29', 'mimic adress'),
(349, 615, 1, 0, '0.00', '0.00', '20.46', '2023-03-20 00:52:51', '2023-03-20 07:21:09', '29', 'mimic adress'),
(350, 616, 1, 0, '0.00', '0.00', '0.00', '2023-03-20 08:58:53', '2023-03-20 08:58:53', '29', 'mimic adress'),
(351, 617, 1, 0, '0.00', '0.00', '0.00', '2023-03-20 14:29:56', '2023-03-20 14:29:56', '29', 'mimic adress'),
(352, 618, 1, 0, '0.00', '0.00', '0.00', '2023-03-21 12:23:31', '2023-03-21 12:23:31', '29', 'mimic adress'),
(353, 619, 1, 0, '0.00', '0.00', '0.00', '2023-03-21 13:49:40', '2023-03-21 13:49:40', '29', 'mimic adress'),
(354, 614, 10, 0, '0.00', '0.00', '28498.00', '2023-03-21 20:03:13', '2023-03-21 20:19:29', '17', 'delete address'),
(355, 614, 4, 0, '0.00', '0.00', '10.00', '2023-03-21 20:18:13', '2023-03-21 20:20:54', '14', 'delete address'),
(356, 620, 1, 0, '0.00', '0.00', '0.00', '2023-03-22 18:35:47', '2023-03-22 18:35:47', '29', 'mimic adress'),
(357, 620, 10, 0, '0.00', '0.00', '0.00', '2023-03-22 18:38:31', '2023-03-22 18:38:31', '17', 'delete address'),
(358, 489, 4, 0, '0.00', '0.00', '0.00', '2023-03-23 10:25:31', '2023-03-23 10:25:31', '14', 'delete address'),
(359, 621, 1, 0, '0.00', '0.00', '0.00', '2023-03-23 15:36:43', '2023-03-23 15:36:43', '29', 'mimic adress'),
(360, 622, 1, 0, '0.00', '0.00', '0.00', '2023-03-23 19:17:37', '2023-03-23 19:17:37', '29', 'mimic adress'),
(361, 623, 1, 0, '0.00', '0.00', '0.00', '2023-03-23 21:28:56', '2023-03-23 21:28:56', '29', 'mimic adress'),
(362, 624, 1, 0, '0.00', '0.00', '0.00', '2023-03-24 06:40:18', '2023-03-24 06:40:18', '29', 'mimic adress'),
(363, 624, 6, 1, '0.00', '0.00', '0.00', '2023-03-24 06:46:47', '2023-03-24 06:46:47', '15', 'delete address'),
(364, 625, 1, 0, '0.00', '0.00', '0.00', '2023-03-24 14:44:23', '2023-03-24 14:44:23', '29', 'mimic adress'),
(365, 626, 1, 0, '0.00', '0.00', '0.00', '2023-03-25 17:55:14', '2023-03-25 17:55:14', '29', 'mimic adress'),
(366, 627, 1, 0, '0.00', '0.00', '0.00', '2023-03-25 18:02:32', '2023-03-25 18:02:32', '29', 'mimic adress'),
(367, 628, 1, 0, '0.00', '0.00', '0.00', '2023-03-26 04:41:37', '2023-03-26 04:41:37', '29', 'mimic adress'),
(368, 628, 13, 0, '0.00', '0.00', '0.00', '2023-03-26 04:46:38', '2023-03-26 04:46:38', '27', 'delete address'),
(369, 629, 1, 0, '0.00', '0.00', '0.00', '2023-03-26 05:16:54', '2023-03-26 05:16:54', '29', 'mimic adress'),
(370, 630, 1, 0, '0.00', '0.00', '0.00', '2023-03-26 08:53:08', '2023-03-26 08:53:08', '29', 'mimic adress'),
(371, 631, 1, 0, '0.00', '0.00', '0.00', '2023-03-26 15:16:10', '2023-03-26 15:16:10', '29', 'mimic adress'),
(372, 632, 1, 0, '0.00', '0.00', '0.00', '2023-03-27 21:59:00', '2023-03-27 21:59:00', '29', 'mimic adress'),
(373, 633, 1, 0, '0.00', '0.00', '0.00', '2023-03-29 12:10:43', '2023-03-29 12:10:43', '29', 'mimic adress'),
(374, 633, 13, 0, '0.00', '0.00', '0.00', '2023-03-29 12:13:29', '2023-03-29 12:13:29', '27', 'delete address'),
(375, 633, 6, 1, '0.00', '0.00', '0.00', '2023-03-29 12:17:53', '2023-03-29 12:17:53', '15', 'delete address'),
(376, 634, 1, 0, '0.00', '0.00', '0.00', '2023-03-29 13:55:14', '2023-03-29 13:55:14', '29', 'mimic adress'),
(377, 634, 10, 0, '0.00', '0.00', '0.00', '2023-03-29 13:57:15', '2023-03-29 13:57:15', '17', 'delete address'),
(378, 635, 1, 0, '0.00', '0.00', '0.00', '2023-03-29 21:50:16', '2023-03-29 21:50:16', '29', 'mimic adress'),
(379, 636, 1, 0, '0.00', '0.00', '0.00', '2023-03-30 03:01:03', '2023-03-30 03:01:03', '29', 'mimic adress'),
(380, 636, 6, 1, '0.00', '0.00', '0.00', '2023-03-30 03:16:56', '2023-03-30 03:16:56', '15', 'delete address'),
(381, 637, 1, 0, '0.00', '0.00', '0.00', '2023-03-31 11:21:40', '2023-03-31 11:21:40', '29', 'mimic adress'),
(382, 638, 1, 0, '0.00', '0.00', '0.00', '2023-03-31 14:43:23', '2023-03-31 14:43:23', '29', 'mimic adress'),
(383, 639, 1, 0, '0.00', '0.00', '0.00', '2023-03-31 16:42:12', '2023-03-31 16:42:12', '29', 'mimic adress'),
(384, 639, 6, 1, '0.00', '0.00', '0.00', '2023-03-31 16:44:55', '2023-03-31 16:44:55', '15', 'delete address'),
(385, 640, 1, 0, '0.00', '0.00', '0.00', '2023-03-31 19:00:22', '2023-03-31 19:00:22', '29', 'mimic adress'),
(386, 641, 1, 0, '0.00', '0.00', '0.00', '2023-03-31 23:15:10', '2023-03-31 23:15:10', '29', 'mimic adress'),
(387, 641, 13, 0, '0.00', '0.00', '0.00', '2023-03-31 23:16:46', '2023-03-31 23:16:46', '27', 'delete address'),
(388, 642, 1, 0, '0.00', '0.00', '0.00', '2023-04-01 04:18:05', '2023-04-01 04:18:05', '29', 'mimic adress'),
(389, 643, 1, 0, '0.00', '0.00', '0.00', '2023-04-01 05:46:44', '2023-04-01 05:46:44', '29', 'mimic adress'),
(390, 644, 1, 0, '0.00', '0.00', '0.00', '2023-04-02 04:43:13', '2023-04-02 04:43:13', '29', 'mimic adress'),
(391, 646, 1, 0, '0.00', '0.00', '0.00', '2023-04-02 07:42:24', '2023-04-02 07:42:24', '29', 'mimic adress'),
(392, 647, 1, 0, '0.00', '0.00', '0.00', '2023-04-02 07:45:04', '2023-04-02 07:45:04', '29', 'mimic adress'),
(393, 648, 1, 0, '0.00', '0.00', '0.00', '2023-04-02 17:52:14', '2023-04-02 17:52:14', '29', 'mimic adress'),
(394, 649, 1, 0, '0.00', '0.00', '0.00', '2023-04-04 03:43:02', '2023-04-04 03:43:02', '29', 'mimic adress'),
(395, 649, 6, 1, '0.00', '0.00', '0.00', '2023-04-04 03:55:13', '2023-04-04 03:55:13', '15', 'delete address'),
(396, 650, 1, 0, '0.00', '0.00', '0.00', '2023-04-04 08:11:24', '2023-04-04 08:11:24', '29', 'mimic adress'),
(397, 650, 2, 0, '0.00', '0.00', '0.00', '2023-04-04 09:44:00', '2023-04-04 09:44:00', '13', 'delete address'),
(398, 650, 13, 0, '0.00', '0.00', '0.00', '2023-04-04 09:44:11', '2023-04-04 09:44:11', '27', 'delete address'),
(399, 489, 14, 0, '0.00', '0.00', '161.00', '2023-04-04 10:26:29', '2023-04-09 13:42:09', '32', 'delete address'),
(400, 650, 15, 0, '0.00', '0.00', '0.00', '2023-04-04 10:26:35', '2023-04-04 10:26:35', '33', 'delete address'),
(401, 650, 14, 0, '0.00', '0.00', '0.00', '2023-04-04 10:27:11', '2023-04-04 10:27:11', '32', 'delete address'),
(402, 651, 1, 0, '0.00', '0.00', '0.00', '2023-04-04 13:16:26', '2023-04-04 13:16:26', '29', 'mimic adress'),
(403, 652, 1, 0, '0.00', '0.00', '0.00', '2023-04-04 15:12:01', '2023-04-04 15:12:01', '29', 'mimic adress'),
(404, 652, 2, 0, '0.00', '0.00', '0.00', '2023-04-04 16:12:13', '2023-04-04 16:12:13', '13', 'delete address'),
(405, 653, 1, 0, '0.00', '0.00', '0.00', '2023-04-04 21:58:06', '2023-04-04 21:58:06', '29', 'mimic adress'),
(406, 653, 10, 0, '0.00', '0.00', '0.00', '2023-04-04 22:00:18', '2023-04-04 22:00:18', '17', 'delete address'),
(407, 1, 14, 0, '0.00', '0.00', '1175.00', '2023-04-04 23:07:12', '2023-04-15 14:17:50', '32', 'delete address'),
(408, 654, 1, 0, '0.00', '0.00', '0.00', '2023-04-05 22:13:29', '2023-04-05 22:13:29', '29', 'mimic adress'),
(409, 524, 15, 0, '0.00', '0.00', '0.00', '2023-04-06 02:38:50', '2023-04-06 02:38:50', '33', 'delete address'),
(410, 655, 1, 0, '0.00', '0.00', '0.00', '2023-04-06 18:49:38', '2023-04-06 18:49:38', '29', 'mimic adress'),
(411, 656, 1, 0, '0.00', '0.00', '0.00', '2023-04-06 20:05:23', '2023-04-06 20:05:23', '29', 'mimic adress'),
(412, 489, 2, 0, '0.00', '0.00', '181.00', '2023-04-07 11:08:35', '2023-04-17 04:20:27', '13', 'delete address'),
(413, 657, 1, 0, '0.00', '0.00', '0.00', '2023-04-07 14:14:31', '2023-04-07 14:14:31', '29', 'mimic adress'),
(414, 524, 14, 0, '0.00', '0.00', '0.00', '2023-04-07 23:58:26', '2023-04-07 23:58:26', '32', 'delete address'),
(415, 658, 1, 0, '0.00', '0.00', '0.00', '2023-04-08 09:49:49', '2023-04-08 09:49:49', '29', 'mimic adress'),
(416, 659, 1, 0, '0.00', '0.00', '0.00', '2023-04-08 09:51:08', '2023-04-08 09:51:08', '29', 'mimic adress'),
(417, 660, 1, 0, '0.00', '0.00', '0.00', '2023-04-08 21:10:41', '2023-04-08 21:10:41', '29', 'mimic adress'),
(418, 661, 1, 0, '0.00', '0.00', '0.00', '2023-04-08 21:19:45', '2023-04-08 21:19:45', '29', 'mimic adress'),
(419, 662, 1, 0, '0.00', '0.00', '0.00', '2023-04-09 05:29:25', '2023-04-09 05:29:25', '29', 'mimic adress'),
(420, 663, 1, 0, '0.00', '0.00', '0.00', '2023-04-09 05:32:22', '2023-04-09 05:32:22', '29', 'mimic adress'),
(421, 663, 10, 0, '0.00', '0.00', '0.00', '2023-04-09 05:40:29', '2023-04-09 05:40:29', '17', 'delete address'),
(422, 663, 13, 0, '0.00', '0.00', '0.00', '2023-04-09 05:49:40', '2023-04-09 05:49:40', '27', 'delete address'),
(423, 664, 1, 0, '0.00', '0.00', '0.00', '2023-04-09 15:25:59', '2023-04-09 15:25:59', '29', 'mimic adress'),
(424, 665, 1, 0, '0.00', '0.00', '0.00', '2023-04-09 18:19:02', '2023-04-09 18:19:02', '29', 'mimic adress'),
(425, 666, 1, 0, '0.00', '0.00', '0.00', '2023-04-09 19:01:10', '2023-04-09 19:01:10', '29', 'mimic adress'),
(426, 666, 4, 0, '0.00', '0.00', '0.00', '2023-04-09 19:56:51', '2023-04-09 19:56:51', '14', 'delete address'),
(427, 1, 15, 0, '0.00', '0.00', '0.00', '2023-04-10 08:03:27', '2023-04-10 08:03:27', '33', 'delete address'),
(428, 667, 1, 0, '0.00', '0.00', '0.00', '2023-04-10 21:33:40', '2023-04-10 21:33:40', '29', 'mimic adress'),
(429, 668, 1, 0, '0.00', '0.00', '0.00', '2023-04-11 03:37:50', '2023-04-11 03:37:50', '29', 'mimic adress'),
(430, 669, 1, 0, '0.00', '0.00', '0.00', '2023-04-11 03:46:21', '2023-04-11 03:46:21', '29', 'mimic adress'),
(431, 670, 1, 0, '0.00', '0.00', '0.00', '2023-04-11 11:08:31', '2023-04-11 11:08:31', '29', 'mimic adress'),
(432, 671, 1, 0, '0.00', '0.00', '0.00', '2023-04-11 11:33:31', '2023-04-11 11:33:31', '29', 'mimic adress'),
(433, 672, 1, 0, '0.00', '0.00', '0.00', '2023-04-11 14:29:21', '2023-04-11 14:29:21', '29', 'mimic adress'),
(434, 673, 1, 0, '0.00', '0.00', '0.00', '2023-04-11 14:31:29', '2023-04-11 14:31:29', '29', 'mimic adress'),
(435, 674, 1, 0, '0.00', '0.00', '0.00', '2023-04-12 21:50:05', '2023-04-12 21:50:05', '29', 'mimic adress'),
(436, 675, 1, 0, '0.00', '0.00', '0.00', '2023-04-13 22:19:47', '2023-04-13 22:19:47', '29', 'mimic adress'),
(437, 676, 1, 0, '0.00', '0.00', '0.00', '2023-04-14 05:09:34', '2023-04-14 05:09:34', '29', 'mimic adress'),
(438, 677, 1, 0, '0.00', '0.00', '0.00', '2023-04-14 07:21:37', '2023-04-14 07:21:37', '29', 'mimic adress'),
(439, 678, 1, 0, '0.00', '0.00', '0.00', '2023-04-14 17:06:10', '2023-04-14 17:06:10', '29', 'mimic adress'),
(440, 679, 1, 0, '0.00', '0.00', '0.00', '2023-04-15 12:48:11', '2023-04-15 12:48:11', '29', 'mimic adress'),
(441, 680, 1, 0, '0.00', '0.00', '0.00', '2023-04-16 13:12:17', '2023-04-16 13:12:17', '29', 'mimic adress'),
(442, 681, 1, 0, '0.00', '0.00', '0.00', '2023-04-16 18:02:23', '2023-04-16 18:02:23', '29', 'mimic adress'),
(443, 682, 1, 0, '0.00', '0.00', '0.00', '2023-04-16 18:06:54', '2023-04-16 18:06:54', '29', 'mimic adress'),
(444, 682, 14, 0, '0.00', '0.00', '0.00', '2023-04-16 18:09:50', '2023-04-16 18:09:50', '32', 'delete address'),
(445, 683, 1, 0, '0.00', '0.00', '0.00', '2023-04-17 06:58:54', '2023-04-17 06:58:54', '29', 'mimic adress'),
(446, 684, 1, 0, '0.00', '0.00', '0.00', '2023-04-17 10:53:01', '2023-04-17 10:53:01', '29', 'mimic adress'),
(447, 685, 1, 0, '0.00', '0.00', '97083.00', '2023-04-17 11:00:52', '2023-04-17 11:10:10', '29', 'mimic adress'),
(448, 686, 1, 0, '0.00', '0.00', '45.55', '2023-04-18 03:57:09', '2023-04-20 21:18:27', '29', 'mimic adress'),
(449, 687, 1, 0, '0.00', '0.00', '0.00', '2023-04-18 19:43:21', '2023-04-18 19:43:21', '29', 'mimic adress'),
(450, 687, 6, 1, '0.00', '0.00', '0.00', '2023-04-18 19:44:44', '2023-04-18 19:44:44', '15', 'delete address'),
(451, 688, 1, 0, '0.00', '0.00', '0.00', '2023-04-21 01:55:26', '2023-04-21 01:55:26', '29', 'mimic adress'),
(452, 689, 1, 0, '0.00', '0.00', '0.00', '2023-04-21 09:17:29', '2023-04-21 09:17:29', '29', 'mimic adress'),
(453, 690, 1, 0, '0.00', '0.00', '0.00', '2023-04-22 21:14:13', '2023-04-22 21:14:13', '29', 'mimic adress'),
(454, 691, 1, 0, '0.00', '0.00', '0.00', '2023-04-23 21:59:31', '2023-04-23 21:59:31', '29', 'mimic adress'),
(455, 692, 1, 0, '0.00', '0.00', '0.00', '2023-04-24 10:21:45', '2023-04-24 10:21:45', '29', 'mimic adress'),
(456, 693, 1, 0, '0.00', '0.00', '0.00', '2023-04-24 15:34:06', '2023-04-24 15:34:06', '29', 'mimic adress');

-- --------------------------------------------------------

--
-- Table structure for table `withdrawals`
--

CREATE TABLE `withdrawals` (
  `id` bigint(20) UNSIGNED NOT NULL,
  `user_id` bigint(20) UNSIGNED NOT NULL,
  `transaction_state_id` int(11) NOT NULL DEFAULT '3',
  `withdrawal_method_id` bigint(20) UNSIGNED NOT NULL,
  `gross` decimal(19,2) NOT NULL DEFAULT '0.00',
  `fee` decimal(16,2) NOT NULL DEFAULT '0.00',
  `net` decimal(19,2) NOT NULL DEFAULT '0.00',
  `platform_id` text COLLATE utf8mb4_unicode_ci,
  `json_data` text COLLATE utf8mb4_unicode_ci,
  `currency_symbol` varchar(255) COLLATE utf8mb4_unicode_ci DEFAULT NULL,
  `wallet_id` bigint(20) UNSIGNED NOT NULL,
  `send_to_platform_name` varchar(255) COLLATE utf8mb4_unicode_ci DEFAULT NULL,
  `currency_id` bigint(20) UNSIGNED NOT NULL,
  `created_at` timestamp NULL DEFAULT NULL,
  `updated_at` timestamp NULL DEFAULT NULL,
  `transfer_method_id` bigint(20) UNSIGNED DEFAULT NULL,
  `unique_transaction_id` varchar(191) COLLATE utf8mb4_unicode_ci DEFAULT NULL,
  `detail` text COLLATE utf8mb4_unicode_ci
) ENGINE=InnoDB DEFAULT CHARSET=utf8mb4 COLLATE=utf8mb4_unicode_ci;

-- --------------------------------------------------------

--
-- Table structure for table `withdrawal_methods`
--

CREATE TABLE `withdrawal_methods` (
  `id` bigint(20) UNSIGNED NOT NULL,
  `name` varchar(191) COLLATE utf8mb4_unicode_ci NOT NULL,
  `comment` longtext COLLATE utf8mb4_unicode_ci,
  `percentage_fee` decimal(5,2) DEFAULT NULL,
  `fixed_fee` decimal(16,8) DEFAULT '0.00000000',
  `json_data` text COLLATE utf8mb4_unicode_ci,
  `thumb` varchar(191) COLLATE utf8mb4_unicode_ci DEFAULT NULL,
  `method_identifier_field__name` varchar(191) COLLATE utf8mb4_unicode_ci DEFAULT NULL,
  `created_at` timestamp NULL DEFAULT NULL,
  `updated_at` timestamp NULL DEFAULT NULL,
  `how_to_api` longtext COLLATE utf8mb4_unicode_ci,
  `currency_id` bigint(20) UNSIGNED DEFAULT NULL,
  `status` tinyint(4) DEFAULT NULL
) ENGINE=InnoDB DEFAULT CHARSET=utf8mb4 COLLATE=utf8mb4_unicode_ci;

--
-- Dumping data for table `withdrawal_methods`
--

INSERT INTO `withdrawal_methods` (`id`, `name`, `comment`, `percentage_fee`, `fixed_fee`, `json_data`, `thumb`, `method_identifier_field__name`, `created_at`, `updated_at`, `how_to_api`, `currency_id`, `status`) VALUES
(1, 'Bitcoin Adress', '<p>Provide your Bitcoin address bellow, and your bitcoin will be sent to your adress within a day.</p>', '5.00', '5.00000000', NULL, 'https://devv2.bitmetical.com//storage/users/default.png', 'Bitcoin Adress', '2020-10-22 13:37:00', '2023-02-17 16:59:58', '<p>Provide your Bitcoin address bellow, and your bitcoins will be sent to your adress within a day.</p>', 1, 1),
(2, 'Ethereum adress', '<p>Provide your Ethereum address bellow, and your Ethereum will be sent to your adress within a day.</p>', '5.00', '5.00000000', NULL, 'https://devv2.bitmetical.com//storage/users/default.png', 'Ethereum adress', '2020-12-01 20:05:33', '2023-02-18 19:08:30', '<p>Provide your Ethereum address bellow, and your Ethereum will be sent to your adress within a day.</p>', 7, 1),
(3, '[ USD ] - Local Bank', '<p>Provide your [ USD ] - <em>US Dollar</em> Bank Account number address bellow, and your withdrawal will be processed within a day.</p>', '5.00', '5.00000000', NULL, 'https://devv2.bitmetical.com//storage/users/default.png', '[ USD ] - Local Bank Account Number', '2020-12-01 20:16:00', '2023-02-18 19:08:18', '<p>Provide your [ USD ]&nbsp; -&nbsp;<em>US Dollar</em>&nbsp; Bank Account number address bellow, and your withdrawal will be processed within a day.</p>', 1, 1),
(4, '[BRL] - Local Bank', '<p>Provide your [BRL] <em>- Brasilian Real</em> Bank Account number address bellow, and your withdrawal will be processed within a day.</p>', '5.00', '5.00000000', NULL, 'https://devv2.bitmetical.com//storage/users/default.png', '[BRL] - Local Bank Account Number', '2020-12-01 20:17:00', '2023-02-18 19:08:03', '<p>Provide your [BRL]&nbsp;<em>- Brasilian Real</em>&nbsp;Bank Account number address bellow, and your withdrawal will be processed within a day.</p>', 4, 1),
(5, '[NGN] - Nigerian Naira', '<p>Provide your [NGN]&nbsp;<em>- Nigerian Naira</em>&nbsp;Bank Account number address bellow, and your withdrawal will be processed within a day.</p>', '5.00', '5.00000000', NULL, 'https://devv2.bitmetical.com//storage/users/default.png', '[NGN] - Nigerian Naira Account Number', '2020-12-01 20:19:00', '2023-02-18 19:07:49', '<p>Provide your [NGN]&nbsp;<em>- Nigerian Naira</em>&nbsp;Bank Account number address bellow, and your withdrawal will be processed within a day.</p>', 10, 1),
(6, '[EUR] - Local Bank', '<p>Provide your [EUR]&nbsp;<em>- Euro</em>&nbsp;Bank Account number address bellow, and your withdrawal will be processed within a day.</p>', '5.00', '5.00000000', NULL, 'https://devv2.bitmetical.com//storage/users/default.png', '[EUR] - Local Bank Account Number', '2020-12-01 20:21:00', '2023-02-18 13:33:30', '<p>Provide your [EUR]&nbsp;<em>- Euro</em>&nbsp;Bank Account number address bellow, and your withdrawal will be processed within a day.</p>', 2, 1),
(7, '[KES] - Kenian Shiling', '<p>Provide your [KES]&nbsp;<em>- Kenian Shiling</em>&nbsp;Bank Account number address bellow, and your withdrawal will be processed within a day.</p>', '5.00', '5.00000000', NULL, 'https://devv2.bitmetical.com//storage/users/default.png', '[KES] - Kenian Shiling Account Number', '2020-12-02 19:41:19', '2023-02-18 13:33:11', '<p>Provide your [KES]&nbsp;<em>- Kenian Shiling</em>&nbsp;Bank Account number address bellow, and your withdrawal will be processed within a day.</p>', 11, 1),
(10, 'Private  Us Bank', NULL, NULL, '0.00000000', NULL, NULL, NULL, '2023-02-16 16:11:46', '2023-02-17 10:33:33', NULL, 7, 1),
(12, 'HBL', NULL, NULL, '0.00000000', NULL, NULL, NULL, '2023-02-17 10:34:05', '2023-02-17 10:34:05', NULL, 1, 1),
(13, 'bkash', NULL, NULL, '0.00000000', NULL, NULL, NULL, '2023-03-05 15:07:26', '2023-03-05 15:07:26', NULL, 15, 1);

--
-- Indexes for dumped tables
--

--
-- Indexes for table `admins`
--
ALTER TABLE `admins`
  ADD PRIMARY KEY (`id`),
  ADD KEY `admins_user_id_foreign` (`user_id`);

--
-- Indexes for table `admin_stats`
--
ALTER TABLE `admin_stats`
  ADD PRIMARY KEY (`id`),
  ADD KEY `admin_stats_currency_id_foreign` (`currency_id`);

--
-- Indexes for table `airtime_transactions`
--
ALTER TABLE `airtime_transactions`
  ADD PRIMARY KEY (`id`);

--
-- Indexes for table `cable_transactions`
--
ALTER TABLE `cable_transactions`
  ADD PRIMARY KEY (`id`);

--
-- Indexes for table `closed_trades`
--
ALTER TABLE `closed_trades`
  ADD PRIMARY KEY (`id`),
  ADD KEY `closed_trades_user_id_foreign` (`user_id`),
  ADD KEY `closed_trades_trade_id_foreign` (`trade_id`),
  ADD KEY `closed_trades_trader_id_foreign` (`trader_id`);

--
-- Indexes for table `countries`
--
ALTER TABLE `countries`
  ADD PRIMARY KEY (`id`);

--
-- Indexes for table `currencies`
--
ALTER TABLE `currencies`
  ADD PRIMARY KEY (`id`);

--
-- Indexes for table `currency_deposit_methods`
--
ALTER TABLE `currency_deposit_methods`
  ADD PRIMARY KEY (`id`),
  ADD KEY `currency_deposit_methods_currency_id_foreign` (`currency_id`),
  ADD KEY `currency_deposit_methods_deposit_method_id_foreign` (`deposit_method_id`);

--
-- Indexes for table `currency_exchange_rates`
--
ALTER TABLE `currency_exchange_rates`
  ADD PRIMARY KEY (`id`),
  ADD KEY `currency_exchange_rates_first_currency_id_foreign` (`first_currency_id`),
  ADD KEY `currency_exchange_rates_second_currency_id_foreign` (`second_currency_id`);

--
-- Indexes for table `currency_withdrawal_methods`
--
ALTER TABLE `currency_withdrawal_methods`
  ADD PRIMARY KEY (`id`),
  ADD KEY `currency_withdrawal_methods_currency_id_foreign` (`currency_id`),
  ADD KEY `currency_withdrawal_methods_withdrawal_method_id_foreign` (`withdrawal_method_id`);

--
-- Indexes for table `customers_details`
--
ALTER TABLE `customers_details`
  ADD PRIMARY KEY (`id`);

--
-- Indexes for table `data_rows`
--
ALTER TABLE `data_rows`
  ADD PRIMARY KEY (`id`),
  ADD KEY `data_rows_data_type_id_foreign` (`data_type_id`);

--
-- Indexes for table `data_transactions`
--
ALTER TABLE `data_transactions`
  ADD PRIMARY KEY (`id`);

--
-- Indexes for table `data_types`
--
ALTER TABLE `data_types`
  ADD PRIMARY KEY (`id`),
  ADD UNIQUE KEY `data_types_name_unique` (`name`),
  ADD UNIQUE KEY `data_types_slug_unique` (`slug`);

--
-- Indexes for table `deposits`
--
ALTER TABLE `deposits`
  ADD PRIMARY KEY (`id`),
  ADD KEY `deposits_user_id_foreign` (`user_id`),
  ADD KEY `deposits_deposit_method_id_foreign` (`deposit_method_id`),
  ADD KEY `deposits_currency_id_foreign` (`currency_id`),
  ADD KEY `deposits_wallet_id_foreign` (`wallet_id`);

--
-- Indexes for table `deposit_history`
--
ALTER TABLE `deposit_history`
  ADD PRIMARY KEY (`id`);

--
-- Indexes for table `deposit_methods`
--
ALTER TABLE `deposit_methods`
  ADD PRIMARY KEY (`id`),
  ADD KEY `deposit_methods_currency_id_foreign` (`currency_id`);

--
-- Indexes for table `educational_transactions`
--
ALTER TABLE `educational_transactions`
  ADD PRIMARY KEY (`id`);

--
-- Indexes for table `electricity_transactions`
--
ALTER TABLE `electricity_transactions`
  ADD PRIMARY KEY (`id`);

--
-- Indexes for table `epin_pdf`
--
ALTER TABLE `epin_pdf`
  ADD PRIMARY KEY (`id`);

--
-- Indexes for table `escrows`
--
ALTER TABLE `escrows`
  ADD PRIMARY KEY (`id`),
  ADD KEY `escrows_user_id_foreign` (`user_id`),
  ADD KEY `escrows_to_foreign` (`to`),
  ADD KEY `escrows_currency_id_foreign` (`currency_id`);

--
-- Indexes for table `exchanges`
--
ALTER TABLE `exchanges`
  ADD PRIMARY KEY (`id`),
  ADD KEY `exchanges_user_id_foreign` (`user_id`),
  ADD KEY `exchanges_first_currency_id_foreign` (`first_currency_id`),
  ADD KEY `exchanges_second_currency_id_foreign` (`second_currency_id`);

--
-- Indexes for table `exchange_transactions`
--
ALTER TABLE `exchange_transactions`
  ADD PRIMARY KEY (`id`);

--
-- Indexes for table `failed_jobs`
--
ALTER TABLE `failed_jobs`
  ADD PRIMARY KEY (`id`),
  ADD UNIQUE KEY `failed_jobs_uuid_unique` (`uuid`);

--
-- Indexes for table `general_settings`
--
ALTER TABLE `general_settings`
  ADD PRIMARY KEY (`id`);

--
-- Indexes for table `guarantors`
--
ALTER TABLE `guarantors`
  ADD PRIMARY KEY (`id`);

--
-- Indexes for table `identity_verifications`
--
ALTER TABLE `identity_verifications`
  ADD PRIMARY KEY (`id`),
  ADD KEY `identity_verifications_user_id_foreign` (`user_id`);

--
-- Indexes for table `investmentplans`
--
ALTER TABLE `investmentplans`
  ADD PRIMARY KEY (`id`),
  ADD KEY `investmentplans_transfer_method_id_foreign` (`transfer_method_id`);

--
-- Indexes for table `investments`
--
ALTER TABLE `investments`
  ADD PRIMARY KEY (`id`),
  ADD KEY `investments_user_id_foreign` (`user_id`),
  ADD KEY `investments_investmentplan_id_foreign` (`investmentplan_id`);

--
-- Indexes for table `items`
--
ALTER TABLE `items`
  ADD PRIMARY KEY (`id`),
  ADD KEY `items_user_id_foreign` (`user_id`),
  ADD KEY `items_merchant_id_foreign` (`merchant_id`),
  ADD KEY `items_currency_id_foreign` (`currency_id`);

--
-- Indexes for table `loans`
--
ALTER TABLE `loans`
  ADD PRIMARY KEY (`id`);

--
-- Indexes for table `maincurrency`
--
ALTER TABLE `maincurrency`
  ADD PRIMARY KEY (`id`),
  ADD KEY `maincurrency_currency_id_foreign` (`currency_id`);

--
-- Indexes for table `menus`
--
ALTER TABLE `menus`
  ADD PRIMARY KEY (`id`),
  ADD UNIQUE KEY `menus_name_unique` (`name`);

--
-- Indexes for table `menu_items`
--
ALTER TABLE `menu_items`
  ADD PRIMARY KEY (`id`),
  ADD KEY `menu_items_menu_id_foreign` (`menu_id`);

--
-- Indexes for table `merchants`
--
ALTER TABLE `merchants`
  ADD PRIMARY KEY (`id`),
  ADD KEY `merchants_user_id_foreign` (`user_id`),
  ADD KEY `merchants_currency_id_foreign` (`currency_id`);

--
-- Indexes for table `migrations`
--
ALTER TABLE `migrations`
  ADD PRIMARY KEY (`id`);

--
-- Indexes for table `otps`
--
ALTER TABLE `otps`
  ADD PRIMARY KEY (`id`),
  ADD KEY `otps_user_id_foreign` (`user_id`);

--
-- Indexes for table `pages`
--
ALTER TABLE `pages`
  ADD PRIMARY KEY (`id`),
  ADD UNIQUE KEY `pages_slug_unique` (`slug`);

--
-- Indexes for table `password_resets`
--
ALTER TABLE `password_resets`
  ADD KEY `password_resets_email_index` (`email`);

--
-- Indexes for table `paymentlinkorders`
--
ALTER TABLE `paymentlinkorders`
  ADD PRIMARY KEY (`id`),
  ADD KEY `paymentlinkorders_paymentlink_id_foreign` (`paymentlink_id`);

--
-- Indexes for table `paymentlinks`
--
ALTER TABLE `paymentlinks`
  ADD PRIMARY KEY (`id`),
  ADD KEY `paymentlinks_user_id_foreign` (`user_id`),
  ADD KEY `paymentlinks_currency_id_foreign` (`currency_id`);

--
-- Indexes for table `payments`
--
ALTER TABLE `payments`
  ADD PRIMARY KEY (`id`),
  ADD KEY `payments_user_id_foreign` (`user_id`),
  ADD KEY `payments_to_id_foreign` (`to_id`),
  ADD KEY `payments_item_id_foreign` (`item_id`),
  ADD KEY `payments_currency_id_foreign` (`currency_id`);

--
-- Indexes for table `permissions`
--
ALTER TABLE `permissions`
  ADD PRIMARY KEY (`id`),
  ADD KEY `permissions_key_index` (`key`);

--
-- Indexes for table `permission_role`
--
ALTER TABLE `permission_role`
  ADD PRIMARY KEY (`permission_id`,`role_id`),
  ADD KEY `permission_role_permission_id_index` (`permission_id`),
  ADD KEY `permission_role_role_id_index` (`role_id`);

--
-- Indexes for table `personal_access_tokens`
--
ALTER TABLE `personal_access_tokens`
  ADD PRIMARY KEY (`id`),
  ADD UNIQUE KEY `personal_access_tokens_token_unique` (`token`),
  ADD KEY `personal_access_tokens_tokenable_type_tokenable_id_index` (`tokenable_type`,`tokenable_id`);

--
-- Indexes for table `planos`
--
ALTER TABLE `planos`
  ADD PRIMARY KEY (`id`),
  ADD KEY `planos_user_id_foreign` (`user_id`);

--
-- Indexes for table `posts`
--
ALTER TABLE `posts`
  ADD PRIMARY KEY (`id`),
  ADD UNIQUE KEY `posts_slug_unique` (`slug`);

--
-- Indexes for table `profiles`
--
ALTER TABLE `profiles`
  ADD PRIMARY KEY (`id`),
  ADD KEY `profiles_user_id_foreign` (`user_id`);

--
-- Indexes for table `purchases`
--
ALTER TABLE `purchases`
  ADD PRIMARY KEY (`id`),
  ADD KEY `purchases_user_id_foreign` (`user_id`),
  ADD KEY `purchases_merchant_id_foreign` (`merchant_id`),
  ADD KEY `purchases_currency_id_foreign` (`currency_id`),
  ADD KEY `purchases_sale_id_foreign` (`sale_id`);

--
-- Indexes for table `receives`
--
ALTER TABLE `receives`
  ADD PRIMARY KEY (`id`),
  ADD KEY `receives_user_id_foreign` (`user_id`),
  ADD KEY `receives_from_id_foreign` (`from_id`),
  ADD KEY `receives_currency_id_foreign` (`currency_id`),
  ADD KEY `receives_send_id_foreign` (`send_id`);

--
-- Indexes for table `repay_loans`
--
ALTER TABLE `repay_loans`
  ADD PRIMARY KEY (`id`);

--
-- Indexes for table `requests`
--
ALTER TABLE `requests`
  ADD PRIMARY KEY (`id`),
  ADD KEY `requests_currency_id_foreign` (`currency_id`);

--
-- Indexes for table `roles`
--
ALTER TABLE `roles`
  ADD PRIMARY KEY (`id`),
  ADD UNIQUE KEY `roles_name_unique` (`name`);

--
-- Indexes for table `sales`
--
ALTER TABLE `sales`
  ADD PRIMARY KEY (`id`),
  ADD KEY `sales_user_id_foreign` (`user_id`),
  ADD KEY `sales_merchant_id_foreign` (`merchant_id`),
  ADD KEY `sales_currency_id_foreign` (`currency_id`),
  ADD KEY `sales_purchase_id_foreign` (`purchase_id`);

--
-- Indexes for table `sends`
--
ALTER TABLE `sends`
  ADD PRIMARY KEY (`id`),
  ADD KEY `sends_user_id_foreign` (`user_id`),
  ADD KEY `sends_to_id_foreign` (`to_id`),
  ADD KEY `sends_currency_id_foreign` (`currency_id`),
  ADD KEY `sends_receive_id_foreign` (`receive_id`);

--
-- Indexes for table `sessions`
--
ALTER TABLE `sessions`
  ADD PRIMARY KEY (`id`),
  ADD KEY `sessions_user_id_index` (`user_id`),
  ADD KEY `sessions_last_activity_index` (`last_activity`);

--
-- Indexes for table `settings`
--
ALTER TABLE `settings`
  ADD PRIMARY KEY (`id`),
  ADD UNIQUE KEY `settings_key_unique` (`key`);

--
-- Indexes for table `ticketcategories`
--
ALTER TABLE `ticketcategories`
  ADD PRIMARY KEY (`id`);

--
-- Indexes for table `ticketcomments`
--
ALTER TABLE `ticketcomments`
  ADD PRIMARY KEY (`id`),
  ADD KEY `ticketcomments_user_id_foreign` (`user_id`);

--
-- Indexes for table `tickets`
--
ALTER TABLE `tickets`
  ADD PRIMARY KEY (`id`),
  ADD KEY `tickets_user_id_foreign` (`user_id`),
  ADD KEY `tickets_ticketcategory_id_foreign` (`ticketcategory_id`);

--
-- Indexes for table `trades`
--
ALTER TABLE `trades`
  ADD PRIMARY KEY (`id`),
  ADD KEY `trades_user_id_foreign` (`user_id`),
  ADD KEY `trades_currency_id_foreign` (`currency_id`),
  ADD KEY `trades_wallet_id_foreign` (`wallet_id`);

--
-- Indexes for table `transactionable`
--
ALTER TABLE `transactionable`
  ADD PRIMARY KEY (`id`),
  ADD KEY `transactionable_user_id_foreign` (`user_id`),
  ADD KEY `transactionable_currency_id_foreign` (`currency_id`);

--
-- Indexes for table `transaction_states`
--
ALTER TABLE `transaction_states`
  ADD PRIMARY KEY (`id`);

--
-- Indexes for table `transfer_methods`
--
ALTER TABLE `transfer_methods`
  ADD PRIMARY KEY (`id`),
  ADD KEY `transfer_methods_currency_id_foreign` (`currency_id`);

--
-- Indexes for table `transfer_method_wallet`
--
ALTER TABLE `transfer_method_wallet`
  ADD PRIMARY KEY (`id`),
  ADD KEY `transfer_method_wallet_wallet_id_foreign` (`wallet_id`),
  ADD KEY `transfer_method_wallet_transfer_method_id_foreign` (`transfer_method_id`),
  ADD KEY `transfer_method_wallet_user_id_foreign` (`user_id`);

--
-- Indexes for table `translations`
--
ALTER TABLE `translations`
  ADD PRIMARY KEY (`id`),
  ADD UNIQUE KEY `translations_table_name_column_name_foreign_key_locale_unique` (`table_name`,`column_name`,`foreign_key`,`locale`);

--
-- Indexes for table `users`
--
ALTER TABLE `users`
  ADD PRIMARY KEY (`id`),
  ADD UNIQUE KEY `users_email_unique` (`email`),
  ADD KEY `users_role_id_foreign` (`role_id`);

--
-- Indexes for table `user_roles`
--
ALTER TABLE `user_roles`
  ADD PRIMARY KEY (`user_id`,`role_id`),
  ADD KEY `user_roles_user_id_index` (`user_id`),
  ADD KEY `user_roles_role_id_index` (`role_id`);

--
-- Indexes for table `vcards`
--
ALTER TABLE `vcards`
  ADD PRIMARY KEY (`id`,`rave_id`) USING BTREE,
  ADD UNIQUE KEY `rave_id` (`id`) USING BTREE;

--
-- Indexes for table `virtualcarddetails`
--
ALTER TABLE `virtualcarddetails`
  ADD PRIMARY KEY (`id`),
  ADD KEY `virtualcarddetails_virtualcard_id_foreign` (`virtualcard_id`);

--
-- Indexes for table `virtualcardrequests`
--
ALTER TABLE `virtualcardrequests`
  ADD PRIMARY KEY (`id`),
  ADD KEY `virtualcardrequests_user_id_foreign` (`user_id`),
  ADD KEY `virtualcardrequests_currency_id_foreign` (`currency_id`);

--
-- Indexes for table `virtualcards`
--
ALTER TABLE `virtualcards`
  ADD PRIMARY KEY (`id`),
  ADD KEY `virtualcards_user_id_foreign` (`user_id`),
  ADD KEY `virtualcards_currency_id_foreign` (`currency_id`);

--
-- Indexes for table `voucherorders`
--
ALTER TABLE `voucherorders`
  ADD PRIMARY KEY (`id`),
  ADD KEY `voucherorders_user_id_foreign` (`user_id`),
  ADD KEY `voucherorders_currency_id_foreign` (`currency_id`);

--
-- Indexes for table `vouchers`
--
ALTER TABLE `vouchers`
  ADD PRIMARY KEY (`id`),
  ADD KEY `vouchers_user_id_foreign` (`user_id`),
  ADD KEY `vouchers_currency_id_foreign` (`currency_id`),
  ADD KEY `vouchers_wallet_id_foreign` (`wallet_id`);

--
-- Indexes for table `wallets`
--
ALTER TABLE `wallets`
  ADD PRIMARY KEY (`id`),
  ADD KEY `wallets_user_id_foreign` (`user_id`),
  ADD KEY `wallets_currency_id_foreign` (`currency_id`);

--
-- Indexes for table `withdrawals`
--
ALTER TABLE `withdrawals`
  ADD PRIMARY KEY (`id`),
  ADD KEY `withdrawals_user_id_foreign` (`user_id`),
  ADD KEY `withdrawals_withdrawal_method_id_foreign` (`withdrawal_method_id`),
  ADD KEY `withdrawals_wallet_id_foreign` (`wallet_id`),
  ADD KEY `withdrawals_currency_id_foreign` (`currency_id`);

--
-- Indexes for table `withdrawal_methods`
--
ALTER TABLE `withdrawal_methods`
  ADD PRIMARY KEY (`id`),
  ADD KEY `withdrawal_methods_currency_id_foreign` (`currency_id`);

--
-- AUTO_INCREMENT for dumped tables
--

--
-- AUTO_INCREMENT for table `admins`
--
ALTER TABLE `admins`
  MODIFY `id` bigint(20) UNSIGNED NOT NULL AUTO_INCREMENT;

--
-- AUTO_INCREMENT for table `admin_stats`
--
ALTER TABLE `admin_stats`
  MODIFY `id` bigint(20) UNSIGNED NOT NULL AUTO_INCREMENT;

--
-- AUTO_INCREMENT for table `airtime_transactions`
--
ALTER TABLE `airtime_transactions`
  MODIFY `id` int(11) NOT NULL AUTO_INCREMENT, AUTO_INCREMENT=3;

--
-- AUTO_INCREMENT for table `cable_transactions`
--
ALTER TABLE `cable_transactions`
  MODIFY `id` int(11) NOT NULL AUTO_INCREMENT;

--
-- AUTO_INCREMENT for table `closed_trades`
--
ALTER TABLE `closed_trades`
  MODIFY `id` int(10) UNSIGNED NOT NULL AUTO_INCREMENT, AUTO_INCREMENT=78;

--
-- AUTO_INCREMENT for table `countries`
--
ALTER TABLE `countries`
  MODIFY `id` bigint(20) UNSIGNED NOT NULL AUTO_INCREMENT, AUTO_INCREMENT=240;

--
-- AUTO_INCREMENT for table `currencies`
--
ALTER TABLE `currencies`
  MODIFY `id` bigint(20) UNSIGNED NOT NULL AUTO_INCREMENT, AUTO_INCREMENT=16;

--
-- AUTO_INCREMENT for table `currency_deposit_methods`
--
ALTER TABLE `currency_deposit_methods`
  MODIFY `id` bigint(20) UNSIGNED NOT NULL AUTO_INCREMENT, AUTO_INCREMENT=7;

--
-- AUTO_INCREMENT for table `currency_exchange_rates`
--
ALTER TABLE `currency_exchange_rates`
  MODIFY `id` bigint(20) UNSIGNED NOT NULL AUTO_INCREMENT, AUTO_INCREMENT=42;

--
-- AUTO_INCREMENT for table `currency_withdrawal_methods`
--
ALTER TABLE `currency_withdrawal_methods`
  MODIFY `id` bigint(20) UNSIGNED NOT NULL AUTO_INCREMENT, AUTO_INCREMENT=9;

--
-- AUTO_INCREMENT for table `customers_details`
--
ALTER TABLE `customers_details`
  MODIFY `id` int(11) NOT NULL AUTO_INCREMENT, AUTO_INCREMENT=2;

--
-- AUTO_INCREMENT for table `data_rows`
--
ALTER TABLE `data_rows`
  MODIFY `id` int(10) UNSIGNED NOT NULL AUTO_INCREMENT, AUTO_INCREMENT=401;

--
-- AUTO_INCREMENT for table `data_transactions`
--
ALTER TABLE `data_transactions`
  MODIFY `id` int(11) NOT NULL AUTO_INCREMENT, AUTO_INCREMENT=3;

--
-- AUTO_INCREMENT for table `data_types`
--
ALTER TABLE `data_types`
  MODIFY `id` int(10) UNSIGNED NOT NULL AUTO_INCREMENT, AUTO_INCREMENT=37;

--
-- AUTO_INCREMENT for table `deposits`
--
ALTER TABLE `deposits`
  MODIFY `id` bigint(20) UNSIGNED NOT NULL AUTO_INCREMENT, AUTO_INCREMENT=143;

--
-- AUTO_INCREMENT for table `deposit_history`
--
ALTER TABLE `deposit_history`
  MODIFY `id` int(11) NOT NULL AUTO_INCREMENT, AUTO_INCREMENT=100;

--
-- AUTO_INCREMENT for table `deposit_methods`
--
ALTER TABLE `deposit_methods`
  MODIFY `id` bigint(20) UNSIGNED NOT NULL AUTO_INCREMENT, AUTO_INCREMENT=18;

--
-- AUTO_INCREMENT for table `educational_transactions`
--
ALTER TABLE `educational_transactions`
  MODIFY `id` int(11) NOT NULL AUTO_INCREMENT;

--
-- AUTO_INCREMENT for table `electricity_transactions`
--
ALTER TABLE `electricity_transactions`
  MODIFY `id` int(11) NOT NULL AUTO_INCREMENT;

--
-- AUTO_INCREMENT for table `epin_pdf`
--
ALTER TABLE `epin_pdf`
  MODIFY `id` int(11) NOT NULL AUTO_INCREMENT, AUTO_INCREMENT=799;

--
-- AUTO_INCREMENT for table `escrows`
--
ALTER TABLE `escrows`
  MODIFY `id` bigint(20) UNSIGNED NOT NULL AUTO_INCREMENT, AUTO_INCREMENT=2;

--
-- AUTO_INCREMENT for table `exchanges`
--
ALTER TABLE `exchanges`
  MODIFY `id` bigint(20) UNSIGNED NOT NULL AUTO_INCREMENT;

--
-- AUTO_INCREMENT for table `exchange_transactions`
--
ALTER TABLE `exchange_transactions`
  MODIFY `id` int(11) NOT NULL AUTO_INCREMENT, AUTO_INCREMENT=95;

--
-- AUTO_INCREMENT for table `failed_jobs`
--
ALTER TABLE `failed_jobs`
  MODIFY `id` bigint(20) UNSIGNED NOT NULL AUTO_INCREMENT;

--
-- AUTO_INCREMENT for table `general_settings`
--
ALTER TABLE `general_settings`
  MODIFY `id` int(11) NOT NULL AUTO_INCREMENT, AUTO_INCREMENT=2;

--
-- AUTO_INCREMENT for table `guarantors`
--
ALTER TABLE `guarantors`
  MODIFY `id` int(11) NOT NULL AUTO_INCREMENT, AUTO_INCREMENT=2;

--
-- AUTO_INCREMENT for table `identity_verifications`
--
ALTER TABLE `identity_verifications`
  MODIFY `id` bigint(20) UNSIGNED NOT NULL AUTO_INCREMENT, AUTO_INCREMENT=52;

--
-- AUTO_INCREMENT for table `investmentplans`
--
ALTER TABLE `investmentplans`
  MODIFY `id` bigint(20) UNSIGNED NOT NULL AUTO_INCREMENT, AUTO_INCREMENT=5;

--
-- AUTO_INCREMENT for table `investments`
--
ALTER TABLE `investments`
  MODIFY `id` bigint(20) UNSIGNED NOT NULL AUTO_INCREMENT, AUTO_INCREMENT=5;

--
-- AUTO_INCREMENT for table `items`
--
ALTER TABLE `items`
  MODIFY `id` bigint(20) UNSIGNED NOT NULL AUTO_INCREMENT, AUTO_INCREMENT=115;

--
-- AUTO_INCREMENT for table `loans`
--
ALTER TABLE `loans`
  MODIFY `id` int(11) NOT NULL AUTO_INCREMENT, AUTO_INCREMENT=15;

--
-- AUTO_INCREMENT for table `maincurrency`
--
ALTER TABLE `maincurrency`
  MODIFY `id` int(10) UNSIGNED NOT NULL AUTO_INCREMENT, AUTO_INCREMENT=3;

--
-- AUTO_INCREMENT for table `menus`
--
ALTER TABLE `menus`
  MODIFY `id` int(10) UNSIGNED NOT NULL AUTO_INCREMENT, AUTO_INCREMENT=2;

--
-- AUTO_INCREMENT for table `menu_items`
--
ALTER TABLE `menu_items`
  MODIFY `id` int(10) UNSIGNED NOT NULL AUTO_INCREMENT, AUTO_INCREMENT=38;

--
-- AUTO_INCREMENT for table `merchants`
--
ALTER TABLE `merchants`
  MODIFY `id` bigint(20) UNSIGNED NOT NULL AUTO_INCREMENT, AUTO_INCREMENT=27;

--
-- AUTO_INCREMENT for table `migrations`
--
ALTER TABLE `migrations`
  MODIFY `id` int(10) UNSIGNED NOT NULL AUTO_INCREMENT, AUTO_INCREMENT=120;

--
-- AUTO_INCREMENT for table `otps`
--
ALTER TABLE `otps`
  MODIFY `id` bigint(20) UNSIGNED NOT NULL AUTO_INCREMENT, AUTO_INCREMENT=950;

--
-- AUTO_INCREMENT for table `pages`
--
ALTER TABLE `pages`
  MODIFY `id` int(10) UNSIGNED NOT NULL AUTO_INCREMENT, AUTO_INCREMENT=2;

--
-- AUTO_INCREMENT for table `paymentlinkorders`
--
ALTER TABLE `paymentlinkorders`
  MODIFY `id` bigint(20) UNSIGNED NOT NULL AUTO_INCREMENT, AUTO_INCREMENT=55;

--
-- AUTO_INCREMENT for table `paymentlinks`
--
ALTER TABLE `paymentlinks`
  MODIFY `id` bigint(20) UNSIGNED NOT NULL AUTO_INCREMENT, AUTO_INCREMENT=186;

--
-- AUTO_INCREMENT for table `payments`
--
ALTER TABLE `payments`
  MODIFY `id` bigint(20) UNSIGNED NOT NULL AUTO_INCREMENT, AUTO_INCREMENT=69;

--
-- AUTO_INCREMENT for table `permissions`
--
ALTER TABLE `permissions`
  MODIFY `id` bigint(20) UNSIGNED NOT NULL AUTO_INCREMENT, AUTO_INCREMENT=177;

--
-- AUTO_INCREMENT for table `personal_access_tokens`
--
ALTER TABLE `personal_access_tokens`
  MODIFY `id` bigint(20) UNSIGNED NOT NULL AUTO_INCREMENT, AUTO_INCREMENT=80;

--
-- AUTO_INCREMENT for table `planos`
--
ALTER TABLE `planos`
  MODIFY `id` int(10) UNSIGNED NOT NULL AUTO_INCREMENT;

--
-- AUTO_INCREMENT for table `posts`
--
ALTER TABLE `posts`
  MODIFY `id` int(10) UNSIGNED NOT NULL AUTO_INCREMENT, AUTO_INCREMENT=5;

--
-- AUTO_INCREMENT for table `profiles`
--
ALTER TABLE `profiles`
  MODIFY `id` bigint(20) UNSIGNED NOT NULL AUTO_INCREMENT, AUTO_INCREMENT=5;

--
-- AUTO_INCREMENT for table `purchases`
--
ALTER TABLE `purchases`
  MODIFY `id` bigint(20) UNSIGNED NOT NULL AUTO_INCREMENT, AUTO_INCREMENT=67;

--
-- AUTO_INCREMENT for table `receives`
--
ALTER TABLE `receives`
  MODIFY `id` bigint(20) UNSIGNED NOT NULL AUTO_INCREMENT, AUTO_INCREMENT=151;

--
-- AUTO_INCREMENT for table `repay_loans`
--
ALTER TABLE `repay_loans`
  MODIFY `id` int(11) NOT NULL AUTO_INCREMENT, AUTO_INCREMENT=95;

--
-- AUTO_INCREMENT for table `requests`
--
ALTER TABLE `requests`
  MODIFY `id` bigint(20) UNSIGNED NOT NULL AUTO_INCREMENT, AUTO_INCREMENT=249;

--
-- AUTO_INCREMENT for table `roles`
--
ALTER TABLE `roles`
  MODIFY `id` bigint(20) UNSIGNED NOT NULL AUTO_INCREMENT, AUTO_INCREMENT=5;

--
-- AUTO_INCREMENT for table `sales`
--
ALTER TABLE `sales`
  MODIFY `id` bigint(20) UNSIGNED NOT NULL AUTO_INCREMENT, AUTO_INCREMENT=68;

--
-- AUTO_INCREMENT for table `sends`
--
ALTER TABLE `sends`
  MODIFY `id` bigint(20) UNSIGNED NOT NULL AUTO_INCREMENT, AUTO_INCREMENT=149;

--
-- AUTO_INCREMENT for table `settings`
--
ALTER TABLE `settings`
  MODIFY `id` int(10) UNSIGNED NOT NULL AUTO_INCREMENT, AUTO_INCREMENT=115;

--
-- AUTO_INCREMENT for table `ticketcategories`
--
ALTER TABLE `ticketcategories`
  MODIFY `id` bigint(20) UNSIGNED NOT NULL AUTO_INCREMENT, AUTO_INCREMENT=5;

--
-- AUTO_INCREMENT for table `ticketcomments`
--
ALTER TABLE `ticketcomments`
  MODIFY `id` bigint(20) UNSIGNED NOT NULL AUTO_INCREMENT, AUTO_INCREMENT=7;

--
-- AUTO_INCREMENT for table `tickets`
--
ALTER TABLE `tickets`
  MODIFY `id` bigint(20) UNSIGNED NOT NULL AUTO_INCREMENT, AUTO_INCREMENT=12;

--
-- AUTO_INCREMENT for table `trades`
--
ALTER TABLE `trades`
  MODIFY `id` bigint(20) UNSIGNED NOT NULL AUTO_INCREMENT, AUTO_INCREMENT=76;

--
-- AUTO_INCREMENT for table `transactionable`
--
ALTER TABLE `transactionable`
  MODIFY `id` bigint(20) UNSIGNED NOT NULL AUTO_INCREMENT, AUTO_INCREMENT=1924;

--
-- AUTO_INCREMENT for table `transaction_states`
--
ALTER TABLE `transaction_states`
  MODIFY `id` bigint(20) UNSIGNED NOT NULL AUTO_INCREMENT, AUTO_INCREMENT=4;

--
-- AUTO_INCREMENT for table `transfer_methods`
--
ALTER TABLE `transfer_methods`
  MODIFY `id` bigint(20) UNSIGNED NOT NULL AUTO_INCREMENT, AUTO_INCREMENT=34;

--
-- AUTO_INCREMENT for table `transfer_method_wallet`
--
ALTER TABLE `transfer_method_wallet`
  MODIFY `id` int(10) UNSIGNED NOT NULL AUTO_INCREMENT, AUTO_INCREMENT=503;

--
-- AUTO_INCREMENT for table `translations`
--
ALTER TABLE `translations`
  MODIFY `id` int(10) UNSIGNED NOT NULL AUTO_INCREMENT, AUTO_INCREMENT=31;

--
-- AUTO_INCREMENT for table `users`
--
ALTER TABLE `users`
  MODIFY `id` bigint(20) UNSIGNED NOT NULL AUTO_INCREMENT, AUTO_INCREMENT=694;

--
-- AUTO_INCREMENT for table `vcards`
--
ALTER TABLE `vcards`
  MODIFY `id` int(10) NOT NULL AUTO_INCREMENT, AUTO_INCREMENT=146;

--
-- AUTO_INCREMENT for table `virtualcarddetails`
--
ALTER TABLE `virtualcarddetails`
  MODIFY `id` bigint(20) UNSIGNED NOT NULL AUTO_INCREMENT, AUTO_INCREMENT=15;

--
-- AUTO_INCREMENT for table `virtualcardrequests`
--
ALTER TABLE `virtualcardrequests`
  MODIFY `id` bigint(20) UNSIGNED NOT NULL AUTO_INCREMENT, AUTO_INCREMENT=12;

--
-- AUTO_INCREMENT for table `virtualcards`
--
ALTER TABLE `virtualcards`
  MODIFY `id` bigint(20) UNSIGNED NOT NULL AUTO_INCREMENT, AUTO_INCREMENT=17;

--
-- AUTO_INCREMENT for table `voucherorders`
--
ALTER TABLE `voucherorders`
  MODIFY `id` bigint(20) UNSIGNED NOT NULL AUTO_INCREMENT, AUTO_INCREMENT=25;

--
-- AUTO_INCREMENT for table `vouchers`
--
ALTER TABLE `vouchers`
  MODIFY `id` bigint(20) UNSIGNED NOT NULL AUTO_INCREMENT, AUTO_INCREMENT=105;

--
-- AUTO_INCREMENT for table `wallets`
--
ALTER TABLE `wallets`
  MODIFY `id` bigint(20) UNSIGNED NOT NULL AUTO_INCREMENT, AUTO_INCREMENT=457;

--
-- AUTO_INCREMENT for table `withdrawals`
--
ALTER TABLE `withdrawals`
  MODIFY `id` bigint(20) UNSIGNED NOT NULL AUTO_INCREMENT, AUTO_INCREMENT=206;

--
-- AUTO_INCREMENT for table `withdrawal_methods`
--
ALTER TABLE `withdrawal_methods`
  MODIFY `id` bigint(20) UNSIGNED NOT NULL AUTO_INCREMENT, AUTO_INCREMENT=14;

--
-- Constraints for dumped tables
--

--
-- Constraints for table `currency_deposit_methods`
--
ALTER TABLE `currency_deposit_methods`
  ADD CONSTRAINT `currency_deposit_methods_currency_id_foreign` FOREIGN KEY (`currency_id`) REFERENCES `currencies` (`id`) ON DELETE CASCADE ON UPDATE CASCADE,
  ADD CONSTRAINT `currency_deposit_methods_deposit_method_id_foreign` FOREIGN KEY (`deposit_method_id`) REFERENCES `deposit_methods` (`id`) ON DELETE CASCADE ON UPDATE CASCADE;

--
-- Constraints for table `currency_exchange_rates`
--
ALTER TABLE `currency_exchange_rates`
  ADD CONSTRAINT `currency_exchange_rates_first_currency_id_foreign` FOREIGN KEY (`first_currency_id`) REFERENCES `currencies` (`id`) ON DELETE CASCADE ON UPDATE CASCADE,
  ADD CONSTRAINT `currency_exchange_rates_second_currency_id_foreign` FOREIGN KEY (`second_currency_id`) REFERENCES `currencies` (`id`) ON DELETE CASCADE ON UPDATE CASCADE;

--
-- Constraints for table `currency_withdrawal_methods`
--
ALTER TABLE `currency_withdrawal_methods`
  ADD CONSTRAINT `currency_withdrawal_methods_currency_id_foreign` FOREIGN KEY (`currency_id`) REFERENCES `currencies` (`id`) ON DELETE CASCADE ON UPDATE CASCADE,
  ADD CONSTRAINT `currency_withdrawal_methods_withdrawal_method_id_foreign` FOREIGN KEY (`withdrawal_method_id`) REFERENCES `withdrawal_methods` (`id`) ON DELETE CASCADE ON UPDATE CASCADE;

--
-- Constraints for table `data_rows`
--
ALTER TABLE `data_rows`
  ADD CONSTRAINT `data_rows_data_type_id_foreign` FOREIGN KEY (`data_type_id`) REFERENCES `data_types` (`id`) ON DELETE CASCADE ON UPDATE CASCADE;

--
-- Constraints for table `deposits`
--
ALTER TABLE `deposits`
  ADD CONSTRAINT `deposits_currency_id_foreign` FOREIGN KEY (`currency_id`) REFERENCES `currencies` (`id`) ON DELETE CASCADE ON UPDATE CASCADE,
  ADD CONSTRAINT `deposits_deposit_method_id_foreign` FOREIGN KEY (`deposit_method_id`) REFERENCES `deposit_methods` (`id`) ON DELETE CASCADE ON UPDATE CASCADE,
  ADD CONSTRAINT `deposits_user_id_foreign` FOREIGN KEY (`user_id`) REFERENCES `users` (`id`) ON DELETE CASCADE ON UPDATE CASCADE,
  ADD CONSTRAINT `deposits_wallet_id_foreign` FOREIGN KEY (`wallet_id`) REFERENCES `wallets` (`id`) ON DELETE CASCADE ON UPDATE CASCADE;

--
-- Constraints for table `deposit_methods`
--
ALTER TABLE `deposit_methods`
  ADD CONSTRAINT `deposit_methods_currency_id_foreign` FOREIGN KEY (`currency_id`) REFERENCES `currencies` (`id`) ON DELETE CASCADE ON UPDATE CASCADE;

--
-- Constraints for table `escrows`
--
ALTER TABLE `escrows`
  ADD CONSTRAINT `escrows_currency_id_foreign` FOREIGN KEY (`currency_id`) REFERENCES `currencies` (`id`) ON DELETE CASCADE ON UPDATE CASCADE,
  ADD CONSTRAINT `escrows_to_foreign` FOREIGN KEY (`to`) REFERENCES `users` (`id`) ON DELETE CASCADE ON UPDATE CASCADE,
  ADD CONSTRAINT `escrows_user_id_foreign` FOREIGN KEY (`user_id`) REFERENCES `users` (`id`) ON DELETE CASCADE ON UPDATE CASCADE;

--
-- Constraints for table `exchanges`
--
ALTER TABLE `exchanges`
  ADD CONSTRAINT `exchanges_first_currency_id_foreign` FOREIGN KEY (`first_currency_id`) REFERENCES `currencies` (`id`) ON DELETE CASCADE ON UPDATE CASCADE,
  ADD CONSTRAINT `exchanges_second_currency_id_foreign` FOREIGN KEY (`second_currency_id`) REFERENCES `currencies` (`id`) ON DELETE CASCADE ON UPDATE CASCADE,
  ADD CONSTRAINT `exchanges_user_id_foreign` FOREIGN KEY (`user_id`) REFERENCES `users` (`id`) ON DELETE CASCADE ON UPDATE CASCADE;

--
-- Constraints for table `menu_items`
--
ALTER TABLE `menu_items`
  ADD CONSTRAINT `menu_items_menu_id_foreign` FOREIGN KEY (`menu_id`) REFERENCES `menus` (`id`) ON DELETE CASCADE;

--
-- Constraints for table `merchants`
--
ALTER TABLE `merchants`
  ADD CONSTRAINT `merchants_currency_id_foreign` FOREIGN KEY (`currency_id`) REFERENCES `currencies` (`id`) ON DELETE CASCADE ON UPDATE CASCADE,
  ADD CONSTRAINT `merchants_user_id_foreign` FOREIGN KEY (`user_id`) REFERENCES `users` (`id`) ON DELETE CASCADE ON UPDATE CASCADE;

--
-- Constraints for table `permission_role`
--
ALTER TABLE `permission_role`
  ADD CONSTRAINT `permission_role_permission_id_foreign` FOREIGN KEY (`permission_id`) REFERENCES `permissions` (`id`) ON DELETE CASCADE,
  ADD CONSTRAINT `permission_role_role_id_foreign` FOREIGN KEY (`role_id`) REFERENCES `roles` (`id`) ON DELETE CASCADE;
COMMIT;

/*!40101 SET CHARACTER_SET_CLIENT=@OLD_CHARACTER_SET_CLIENT */;
/*!40101 SET CHARACTER_SET_RESULTS=@OLD_CHARACTER_SET_RESULTS */;
/*!40101 SET COLLATION_CONNECTION=@OLD_COLLATION_CONNECTION */;
